품목명,품종명,시점,year,평년 평균가격(원),fill_source
건고추,화건,201801상순,2018,0.639283734220997,original
건고추,화건,201801중순,2018,0.6378482770326284,original
건고추,화건,201801하순,2018,0.6364921021938322,original
건고추,화건,201802상순,2018,0.6364921021938322,original
건고추,화건,201802중순,2018,0.6309088381394993,original
건고추,화건,201802하순,2018,0.6309088381394993,original
건고추,화건,201803상순,2018,0.6309088381394993,original
건고추,화건,201803중순,2018,0.6284661601157296,original
건고추,화건,201803하순,2018,0.6236505948688684,original
건고추,화건,201804상순,2018,0.6214172892471362,original
건고추,화건,201804중순,2018,0.6166318736261683,original
건고추,화건,201804하순,2018,0.60929378967956,original
건고추,화건,201805상순,2018,0.6057043092190301,original
건고추,화건,201805중순,2018,0.6018758650569742,original
건고추,화건,201805하순,2018,0.6018758650569742,original
건고추,화건,201806상순,2018,0.6024341914624067,original
건고추,화건,201806중순,2018,0.6071101751079103,original
건고추,화건,201806하순,2018,0.6074591291113054,original
건고추,화건,201807상순,2018,0.610250761138472,original
건고추,화건,201807중순,2018,0.6133215563683538,original
건고추,화건,201807하순,2018,0.6026446805172557,original
건고추,화건,201808상순,2018,0.5990244921044274,original
건고추,화건,201808중순,2018,0.586162885028868,original
건고추,화건,201808하순,2018,0.5844465896585658,original
건고추,화건,201809상순,2018,0.679503335162782,original
건고추,화건,201809중순,2018,0.6692474374213798,original
건고추,화건,201809하순,2018,0.6723048328175331,original
건고추,화건,201810상순,2018,0.6681307846105146,original
건고추,화건,201810중순,2018,0.6637440140430261,original
건고추,화건,201810하순,2018,0.6605001376274587,original
건고추,화건,201811상순,2018,0.6577085056002921,original
건고추,화건,201811중순,2018,0.6552658275765226,original
건고추,화건,201811하순,2018,0.6549168735731274,original
건고추,화건,201812상순,2018,0.653720380086283,original
건고추,화건,201812중순,2018,0.6469674222125696,original
건고추,화건,201812하순,2018,0.6427732742549556,original
건고추,화건,201901상순,2019,0.639283734220997,original
건고추,화건,201901중순,2019,0.6378482770326284,original
건고추,화건,201901하순,2019,0.6364921021938322,original
건고추,화건,201902상순,2019,0.6364921021938322,original
건고추,화건,201902중순,2019,0.6309088381394993,original
건고추,화건,201902하순,2019,0.6309088381394993,original
건고추,화건,201903상순,2019,0.6309088381394993,original
건고추,화건,201903중순,2019,0.6284661601157296,original
건고추,화건,201903하순,2019,0.6236505948688684,original
건고추,화건,201904상순,2019,0.6214172892471362,original
건고추,화건,201904중순,2019,0.6166318736261683,original
건고추,화건,201904하순,2019,0.60929378967956,original
건고추,화건,201905상순,2019,0.6080174555167398,original
건고추,화건,201905중순,2019,0.6057841498950058,original
건고추,화건,201905하순,2019,0.6057841498950058,original
건고추,화건,201906상순,2019,0.6063424763004402,original
건고추,화건,201906중순,2019,0.611018459945942,original
건고추,화건,201906하순,2019,0.6113674139493389,original
건고추,화건,201907상순,2019,0.6141590459765036,original
건고추,화건,201907중순,2019,0.6172298412063874,original
건고추,화건,201907하순,2019,0.6086466893756618,original
건고추,화건,201908상순,2019,0.612902811564279,original
건고추,화건,201908중순,2019,0.613839683272597,original
건고추,화건,201908하순,2019,0.7003772053195104,original
건고추,화건,201909상순,2019,0.7869147273664239,original
건고추,화건,201909중순,2019,0.8388390830717102,original
건고추,화건,201909하순,2019,0.8431901207492516,original
건고추,화건,201910상순,2019,0.8261466488969986,original
건고추,화건,201910중순,2019,0.815050469915419,original
건고추,화건,201910하순,2019,0.8082394460955401,original
건고추,화건,201911상순,2019,0.7994435719043446,original
건고추,화건,201911중순,2019,0.7926141233130864,original
건고추,화건,201911하순,2019,0.7936609853232737,original
건고추,화건,201912상순,2019,0.7983269190934793,original
건고추,화건,201912중순,2019,0.7926906140306312,original
건고추,화건,201912하순,2019,0.782819961508978,original
건고추,화건,202001상순,2020,0.7788653355792947,original
건고추,화건,202001중순,2020,0.777429878390926,original
건고추,화건,202001하순,2020,0.7712598132844833,original
건고추,화건,202002상순,2020,0.7697087825301899,original
건고추,화건,202002중순,2020,0.7714535525471692,original
건고추,화건,202002하순,2020,0.7709555253935216,original
건고추,화건,202003상순,2020,0.7611848132984415,original
건고추,화건,202003중순,2020,0.7676988074706305,original
건고추,화건,202003하순,2020,0.7632321962271644,original
건고추,화건,202004상순,2020,0.7609988906054322,original
건고추,화건,202004중순,2020,0.7562134749844645,original
건고추,화건,202004하순,2020,0.7508853660974155,original
건고추,화건,202005상순,2020,0.7496090319345953,original
건고추,화건,202005중순,2020,0.747375726312863,original
건고추,화건,202005하순,2020,0.7470652968314411,original
건고추,화건,202006상순,2020,0.7445840942856966,original
건고추,화건,202006중순,2020,0.7442351402823013,original
건고추,화건,202006하순,2020,0.74179246225853,original
건고추,화건,202007상순,2020,0.7405362278463054,original
건고추,화건,202007중순,2020,0.7359300350014816,original
건고추,화건,202007하순,2020,0.7302468305205772,original
건고추,화건,202008상순,2020,0.7216329707375551,original
건고추,화건,202008중순,2020,0.7081276133165317,original
건고추,화건,202008중순,2020,0.7081276133165317,original
건고추,화건,202008중순,2020,0.7081276133165317,original
건고추,화건,202008중순,2020,0.7081276133165317,original
건고추,화건,202008중순,2020,0.7081276133165317,original
건고추,화건,202008중순,2020,0.7081276133165317,original
건고추,화건,202008중순,2020,0.7081276133165317,original
건고추,화건,202008중순,2020,0.7081276133165317,original
건고추,화건,202008하순,2020,0.776772446372381,average
건고추,화건,202009상순,2020,0.7986395818805208,original
건고추,화건,202009중순,2020,0.8563331243331493,original
건고추,화건,202009하순,2020,0.8520435025602061,original
건고추,화건,202010상순,2020,0.8222383640589652,original
건고추,화건,202010중순,2020,0.813003086986696,original
건고추,화건,202010하순,2020,0.8082394460955401,original
건고추,화건,202011상순,2020,0.8005602247152115,original
건고추,화건,202011중순,2020,0.7937307761239533,original
건고추,화건,202011하순,2020,0.7957346095930525,original
건고추,화건,202012상순,2020,0.8023150446074886,original
건고추,화건,202012중순,2020,0.8025009673004978,original
건고추,화건,202012하순,2020,0.7911016170807679,original
건고추,화건,202101상순,2021,0.7712882879311604,original
건고추,화건,202101중순,2021,0.7710487659032296,original
건고추,화건,202101하순,2021,0.7650383821487419,original
건고추,화건,202102상순,2021,0.7618922128541247,original
건고추,화건,202102중순,2021,0.763636982871104,original
건고추,화건,202102하순,2021,0.7660701693459824,original
건고추,화건,202103상순,2021,0.7554619676427508,original
건고추,화건,202103중순,2021,0.7616270078115446,original
건고추,화건,202103하순,2021,0.7598023971185894,original
건고추,화건,202104상순,2021,0.7587655849837001,original
건고추,화건,202104중순,2021,0.7539801693627322,original
건고추,화건,202104하순,2021,0.7486520604756833,original
건고추,화건,202105상순,2021,0.747375726312863,original
건고추,화건,202105중순,2021,0.7453517930931666,original
건고추,화건,202105하순,2021,0.7465069704260084,original
건고추,화건,202106상순,2021,0.7547037603841736,original
건고추,화건,202106중순,2021,0.7647335359313754,original
건고추,화건,202106하순,2021,0.7660556528594407,original
건고추,화건,202107상순,2021,0.7637626063123265,original
건고추,화건,202107중순,2021,0.7593423361605119,original
건고추,화건,202107하순,2021,0.7547757844904744,original
건고추,화건,202108상순,2021,0.7563792979268781,original
건고추,화건,202108중순,2021,0.8177991108093666,original
건고추,화건,202108하순,2021,0.6645715454895039,average
건고추,화건,202109상순,2021,0.9956634788090004,original
건고추,화건,202109중순,2021,0.9991530188429573,original
건고추,화건,202109하순,2021,1.0,original
건고추,화건,202110상순,2021,0.97038078419177,original
건고추,화건,202110중순,2021,0.9685567318252197,original
건고추,화건,202110하순,2021,0.9760561721029978,original
건고추,화건,202111상순,2021,0.9433522029047489,original
건고추,화건,202111중순,2021,0.926170266103948,original
건고추,화건,202111하순,2021,0.9280579676807176,original
건고추,화건,202112상순,2021,0.9363133819114532,original
건고추,화건,202112중순,2021,0.9245885273973563,original
건고추,화건,202112하순,2021,0.9054189485932128,original
사과,후지,201801상순,2018,0.03594784561381558,original
사과,후지,201801중순,2018,0.03715048069111866,original
사과,후지,201801하순,2018,0.03838661535274773,original
사과,후지,201802상순,2018,0.03923582981541161,original
사과,후지,201802중순,2018,0.03886230945017681,original
사과,후지,201802하순,2018,0.038176684624304916,original
사과,후지,201803상순,2018,0.037881888282236195,original
사과,후지,201803중순,2018,0.03738888606623875,original
사과,후지,201803하순,2018,0.03673285253985469,original
사과,후지,201804상순,2018,0.03671833605331338,original
사과,후지,201804중순,2018,0.03727275417390853,original
사과,후지,201804하순,2018,0.03779758099501584,original
사과,후지,201805상순,2018,0.03785564694118078,original
사과,후지,201805중순,2018,0.03812141031016703,original
사과,후지,201805하순,2018,0.03858482122667663,original
사과,후지,201806상순,2018,0.038681970021222006,original
사과,후지,201806중순,2018,0.03962330834078236,original
사과,후지,201806하순,2018,0.04094095865760456,original
사과,후지,201807상순,2018,0.041647799886882976,original
사과,후지,201807중순,2018,0.04213019390117725,original
사과,후지,201807하순,2018,0.042455698195544914,original
사과,후지,201808상순,2018,0.04271252834204412,original
사과,후지,201808중순,2018,0.04285266826980791,original
사과,후지,201808하순,2018,0.042148618672556544,original
사과,후지,201809상순,2018,,original
사과,홍로,201809중순,2018,0.037186771907471876,original
사과,홍로,201809하순,2018,0.036285633089102716,original
사과,홍로,201810상순,2018,0.03491940837500765,original
사과,홍로,201810중순,2018,0.03342756021969029,original
사과,후지,201810하순,2018,,original
사과,후지,201811상순,2018,0.03330361175768412,original
사과,후지,201811중순,2018,0.03327402045819611,original
사과,후지,201811하순,2018,0.03421982538899998,original
사과,후지,201812상순,2018,0.033671548858864475,original
사과,후지,201812중순,2018,0.033667640574026506,original
사과,후지,201812하순,2018,0.03391944578287681,original
사과,후지,201901상순,2019,0.03466648651334642,original
사과,후지,201901중순,2019,0.0349249916390621,original
사과,후지,201901하순,2019,0.036190717600179015,original
사과,후지,201902상순,2019,0.03690537539913355,original
사과,후지,201902중순,2019,0.037410102469645094,original
사과,후지,201902하순,2019,0.03619630086423346,original
사과,후지,201903상순,2019,0.036359332174619896,original
사과,후지,201903중순,2019,0.03590876276543531,original
사과,후지,201903하순,2019,0.03558828340871672,original
사과,후지,201904상순,2019,0.034593904080640156,original
사과,후지,201904중순,2019,0.0348250512124895,original
사과,후지,201904하순,2019,0.035122639186585446,original
사과,후지,201905상순,2019,0.034938949799197865,original
사과,후지,201905중순,2019,0.035109797679260424,original
사과,후지,201905하순,2019,0.035421902139897515,original
사과,후지,201906상순,2019,0.03562848290990791,original
사과,후지,201906중순,2019,0.03667534492009513,original
사과,후지,201906하순,2019,0.0375681088423828,original
사과,후지,201907상순,2019,0.03830621635036536,original
사과,후지,201907중순,2019,0.038635070603165615,original
사과,후지,201907하순,2019,0.0389092088682332,original
사과,후지,201908상순,2019,0.03982821413157628,original
사과,후지,201908중순,2019,0.04026817533905769,original
사과,후지,201908하순,2019,0.03934470346447108,original
사과,후지,201909상순,2019,,original
사과,홍로,201909중순,2019,0.03800081180659346,original
사과,홍로,201909하순,2019,0.036285633089102716,original
사과,홍로,201910상순,2019,0.036028244616197955,original
사과,홍로,201910중순,2019,0.03486245908165347,original
사과,후지,201910하순,2019,,original
사과,후지,201911상순,2019,0.0340595857106406,original
사과,후지,201911중순,2019,0.0337675810005991,original
사과,후지,201911하순,2019,0.03421982538899998,original
사과,후지,201912상순,2019,0.033671548858864475,original
사과,후지,201912중순,2019,0.033667640574026506,original
사과,후지,201912하순,2019,0.03391944578287681,original
사과,후지,202001상순,2020,0.03466648651334642,original
사과,후지,202001중순,2020,0.0349249916390621,original
사과,후지,202001하순,2020,0.036190717600179015,original
사과,후지,202002상순,2020,0.03690537539913355,original
사과,후지,202002중순,2020,0.03804994453027152,original
사과,후지,202002하순,2020,0.037334170078506236,original
사과,후지,202003상순,2020,0.03711809775960359,original
사과,후지,202003중순,2020,0.036228125469343155,original
사과,후지,202003하순,2020,0.03570944023869566,original
사과,후지,202004상순,2020,0.03463298692902043,original
사과,후지,202004중순,2020,0.035067923198852935,original
사과,후지,202004하순,2020,0.0355737669221754,original
사과,후지,202005상순,2020,0.036026011310576284,original
사과,후지,202005중순,2020,0.03592607088400369,original
사과,후지,202005하순,2020,0.03567147404312615,original
사과,후지,202006상순,2020,0.03573065664210218,original
사과,후지,202006중순,2020,0.03675630224888289,original
사과,후지,202006하순,2020,0.0375681088423828,original
사과,후지,202007상순,2020,0.03823251726484818,original
사과,후지,202007중순,2020,0.03851614707880835,original
사과,후지,202007하순,2020,0.03847538925121161,original
사과,후지,202008상순,2020,0.03922689659292474,original
사과,후지,202008중순,2020,0.04008169431964289,original
사과,후지,202008중순,2020,0.04008169431964289,original
사과,후지,202008중순,2020,0.04008169431964289,original
사과,후지,202008중순,2020,0.04008169431964289,original
사과,후지,202008중순,2020,0.04008169431964289,original
사과,후지,202008중순,2020,0.04008169431964289,original
사과,후지,202008중순,2020,0.04008169431964289,original
사과,후지,202008중순,2020,0.04008169431964289,original
사과,후지,202008하순,2020,0.03934470346447108,original
사과,홍로,202009상순,2020,0.03993876275985205,original
사과,홍로,202009중순,2020,0.03873054441849469,original
사과,홍로,202009하순,2020,0.036285633089102716,original
사과,홍로,202010상순,2020,0.036028244616197955,original
사과,홍로,202010중순,2020,0.03486245908165347,original
사과,후지,202010하순,2020,,original
사과,후지,202011상순,2020,0.03371677329770457,original
사과,후지,202011중순,2020,0.03371119003365029,original
사과,후지,202011하순,2020,0.03327122882616888,original
사과,후지,202012상순,2020,0.0328491340636614,original
사과,후지,202012중순,2020,0.03278827648546923,original
사과,후지,202012하순,2020,0.033202554678300605,original
사과,후지,202101상순,2021,0.03296024101834271,original
사과,후지,202101중순,2021,0.033890971136199724,original
사과,후지,202101하순,2021,0.03540626900054544,original
사과,후지,202102상순,2021,0.03506457324042034,original
사과,후지,202102중순,2021,0.035608383159312314,original
사과,후지,202102하순,2021,0.03501488219033672,original
사과,후지,202103상순,2021,0.03468379463191496,original
사과,후지,202103중순,2021,0.03424941668848783,original
사과,후지,202103하순,2021,0.03411486002477849,original
사과,후지,202104상순,2021,0.03319641308784095,original
사과,후지,202104중순,2021,0.033332644730766595,original
사과,후지,202104하순,2021,0.033660382330755925,original
사과,후지,202105상순,2021,0.0341511512411317,original
사과,후지,202105중순,2021,0.034356615358331,original
사과,후지,202105하순,2021,0.034240483466000955,original
사과,후지,202106상순,2021,0.03446548900739047,original
사과,후지,202106중순,2021,0.035564833699688526,original
사과,후지,202106하순,2021,0.03680710995177725,original
사과,후지,202107상순,2021,0.03798685364645769,original
사과,후지,202107중순,2021,0.03851614707880835,original
사과,후지,202107하순,2021,0.03847538925121161,original
사과,후지,202108상순,2021,0.03922689659292474,original
사과,후지,202108중순,2021,0.04008169431964289,original
사과,후지,202108하순,2021,0.03961437511829531,original
사과,홍로,202109상순,2021,0.04186275555297487,original
사과,홍로,202109중순,2021,0.04156125929404095,original
사과,홍로,202109하순,2021,0.03868587830605998,original
사과,홍로,202110상순,2021,0.03815825985292562,original
사과,홍로,202110중순,2021,0.036089660520795666,original
사과,홍로,202110하순,2021,0.034903216909250113,original
사과,후지,202111상순,2021,0.03371677329770457,original
사과,후지,202111중순,2021,0.03474521053651249,original
사과,후지,202111하순,2021,0.03462684533856077,original
사과,후지,202112상순,2021,0.03440351477638739,original
사과,후지,202112중순,2021,0.033829555231602186,original
사과,후지,202112하순,2021,0.033897112726659545,original
감자,감자 수미,201801상순,2018,0.04130504064789041,original
감자,감자 수미,201801중순,2018,0.03902608519577059,original
감자,감자 수미,201801하순,2018,0.04223963828389571,original
감자,감자 수미,201802상순,2018,0.04807839405226049,original
감자,감자 수미,201802중순,2018,0.04592773292422709,original
감자,감자 수미,201802하순,2018,0.049208656069259185,original
감자,감자 수미,201803상순,2018,0.04910624970106263,original
감자,감자 수미,201803중순,2018,0.0510093052539817,original
감자,감자 수미,201803하순,2018,0.0587291262694249,original
감자,감자 수미,201804상순,2018,0.05719850854887676,original
감자,감자 수미,201804중순,2018,0.05441399518338005,original
감자,감자 수미,201804하순,2018,0.05603801936065041,original
감자,감자 수미,201805상순,2018,0.05889032285720676,original
감자,감자 수미,201805중순,2018,0.06361301205743083,original
감자,감자 수미,201805하순,2018,0.04748662234423505,original
감자,감자 수미,201806상순,2018,0.03987279494414337,original
감자,감자 수미,201806중순,2018,0.03436479639107735,original
감자,감자 수미,201806하순,2018,0.029419807981623372,original
감자,감자 수미,201807상순,2018,0.029320728308259165,original
감자,감자 수미,201807중순,2018,0.030122399726593658,original
감자,감자 수미,201807하순,2018,0.032122093825759854,original
감자,감자 수미,201808상순,2018,0.03286243641182894,original
감자,감자 수미,201808중순,2018,0.034000899401802745,original
감자,감자 수미,201808하순,2018,0.033971804392453064,original
감자,감자 수미,201809상순,2018,0.03385198134222027,original
감자,감자 수미,201809중순,2018,0.033700091302319414,original
감자,감자 수미,201809하순,2018,0.03439531712678377,original
감자,감자 수미,201810상순,2018,0.03220243699550158,original
감자,감자 수미,201810중순,2018,0.03322614396893027,original
감자,감자 수미,201810하순,2018,0.03414250958910087,original
감자,감자 수미,201811상순,2018,0.037996314177216335,original
감자,감자 수미,201811중순,2018,0.03909313864615641,original
감자,감자 수미,201811하순,2018,0.04084807485643403,original
감자,감자 수미,201812상순,2018,0.04185419454809141,original
감자,감자 수미,201812중순,2018,0.04058977910312056,original
감자,감자 수미,201812하순,2018,0.04279122755070332,original
감자,감자 수미,201901상순,2019,0.04384438890071557,original
감자,감자 수미,201901중순,2019,0.04288636947200241,original
감자,감자 수미,201901하순,2019,0.048268409588002874,original
감자,감자 수미,201902상순,2019,0.053610578995028524,original
감자,감자 수미,201902중순,2019,0.0509867284838573,original
감자,감자 수미,201902하순,2019,0.05380316394002639,original
감자,감자 수미,201903상순,2019,0.05749363058134858,original
감자,감자 수미,201903중순,2019,0.06124392455571018,original
감자,감자 수미,201903하순,2019,0.0677795973014968,original
감자,감자 수미,201904상순,2019,0.06569021892164456,original
감자,감자 수미,201904중순,2019,0.0701174603989937,original
감자,감자 수미,201904하순,2019,0.06967702616497437,original
감자,감자 수미,201905상순,2019,0.07186007465568472,original
감자,감자 수미,201905중순,2019,0.07456325847478992,original
감자,감자 수미,201905하순,2019,0.05560105915759826,original
감자,감자 수미,201906상순,2019,0.04231883843541299,original
감자,감자 수미,201906중순,2019,0.03678396266955208,original
감자,감자 수미,201906하순,2019,0.0343474572543752,original
감자,감자 수미,201907상순,2019,0.034288158337398116,original
감자,감자 수미,201907중순,2019,0.035806596787774404,original
감자,감자 수미,201907하순,2019,0.03904056446055141,original
감자,감자 수미,201908상순,2019,0.04034052845913315,original
감자,감자 수미,201908중순,2019,0.042914518428276406,original
감자,감자 수미,201908하순,2019,0.04339779335756588,original
감자,감자 수미,201909상순,2019,0.04208387607312648,original
감자,감자 수미,201909중순,2019,0.041928634967002484,original
감자,감자 수미,201909하순,2019,0.04299765588874254,original
감자,감자 수미,201910상순,2019,0.04341639803412024,original
감자,감자 수미,201910중순,2019,0.043383900335510754,original
감자,감자 수미,201910하순,2019,0.04326401214719731,original
감자,감자 수미,201911상순,2019,0.046532884525754,original
감자,감자 수미,201911중순,2019,0.048536307004583105,original
감자,감자 수미,201911하순,2019,0.05175566358551134,original
감자,감자 수미,201912상순,2019,0.05126822136996793,original
감자,감자 수미,201912중순,2019,0.05329288351580362,original
감자,감자 수미,201912하순,2019,0.05496882274333927,original
감자,감자 수미,202001상순,2020,0.055222070738519854,original
감자,감자 수미,202001중순,2020,0.05278403103351854,original
감자,감자 수미,202001하순,2020,0.0561285845563318,original
감자,감자 수미,202002상순,2020,0.05978290532341272,original
감자,감자 수미,202002중순,2020,0.0583730146101346,original
감자,감자 수미,202002하순,2020,0.05982359756981255,original
감자,감자 수미,202003상순,2020,0.06903893662889833,original
감자,감자 수미,202003중순,2020,0.07458492464113411,original
감자,감자 수미,202003하순,2020,0.08344422626289238,original
감자,감자 수미,202004상순,2020,0.07823460354451651,original
감자,감자 수미,202004중순,2020,0.07919051263235204,original
감자,감자 수미,202004하순,2020,0.07387440000848648,original
감자,감자 수미,202005상순,2020,0.07653031219193171,original
감자,감자 수미,202005중순,2020,0.08025388404416663,original
감자,감자 수미,202005하순,2020,0.05817486323949793,original
감자,감자 수미,202006상순,2020,0.042046863685166344,original
감자,감자 수미,202006중순,2020,0.03687538861844171,original
감자,감자 수미,202006하순,2020,0.03647972130579143,original
감자,감자 수미,202007상순,2020,0.033903037190183796,original
감자,감자 수미,202007중순,2020,0.03673987814712299,original
감자,감자 수미,202007하순,2020,0.03945210065036949,original
감자,감자 수미,202008상순,2020,0.03974911124406364,original
감자,감자 수미,202008중순,2020,0.042392173057859944,original
감자,감자 수미,202008중순,2020,0.042392173057859944,original
감자,감자 수미,202008중순,2020,0.042392173057859944,original
감자,감자 수미,202008중순,2020,0.042392173057859944,original
감자,감자 수미,202008중순,2020,0.042392173057859944,original
감자,감자 수미,202008중순,2020,0.042392173057859944,original
감자,감자 수미,202008중순,2020,0.042392173057859944,original
감자,감자 수미,202008중순,2020,0.042392173057859944,original
감자,감자 수미,202008하순,2020,0.04325095351293689,original
감자,감자 수미,202009상순,2020,0.04208387607312648,original
감자,감자 수미,202009중순,2020,0.041928634967002484,original
감자,감자 수미,202009하순,2020,0.04299765588874254,original
감자,감자 수미,202010상순,2020,0.04341639803412024,original
감자,감자 수미,202010중순,2020,0.043383900335510754,original
감자,감자 수미,202010하순,2020,0.04326401214719731,original
감자,감자 수미,202011상순,2020,0.046532884525754,original
감자,감자 수미,202011중순,2020,0.048536307004583105,original
감자,감자 수미,202011하순,2020,0.05175566358551134,original
감자,감자 수미,202012상순,2020,0.05126822136996793,original
감자,감자 수미,202012중순,2020,0.05329288351580362,original
감자,감자 수미,202012하순,2020,0.05496882274333927,original
감자,감자 수미,202101상순,2021,0.055222070738519854,original
감자,감자 수미,202101중순,2021,0.05581423128100598,original
감자,감자 수미,202101하순,2021,0.0561285845563318,original
감자,감자 수미,202102상순,2021,0.06024973598915548,original
감자,감자 수미,202102중순,2021,0.05841646658419554,original
감자,감자 수미,202102하순,2021,0.06699767313482487,original
감자,감자 수미,202103상순,2021,0.0708129489913616,original
감자,감자 수미,202103중순,2021,0.07549642351613745,original
감자,감자 수미,202103하순,2021,0.0823210596439627,original
감자,감자 수미,202104상순,2021,0.07799042879654038,original
감자,감자 수미,202104중순,2021,0.07404113798584239,original
감자,감자 수미,202104하순,2021,0.07207348716962808,original
감자,감자 수미,202105상순,2021,0.07461050684684982,original
감자,감자 수미,202105중순,2021,0.07623411227931594,original
감자,감자 수미,202105하순,2021,0.05194406462739799,original
감자,감자 수미,202106상순,2021,0.041469119928077586,original
감자,감자 수미,202106중순,2021,0.03687538861844171,original
감자,감자 수미,202106하순,2021,0.03533968857669754,original
감자,감자 수미,202107상순,2021,0.03390359551658935,original
감자,감자 수미,202107중순,2021,0.035850813137271426,original
감자,감자 수미,202107하순,2021,0.039252833956270494,original
감자,감자 수미,202108상순,2021,0.043018112347875,original
감자,감자 수미,202108중순,2021,0.046219500567104436,original
감자,감자 수미,202108하순,2021,0.04818562839295735,original
감자,감자 수미,202109상순,2021,0.04707717522571743,original
감자,감자 수미,202109중순,2021,0.04775470121689716,original
감자,감자 수미,202109하순,2021,0.04956033966841488,original
감자,감자 수미,202110상순,2021,0.04910717093963159,original
감자,감자 수미,202110중순,2021,0.04721764859841767,original
감자,감자 수미,202110하순,2021,0.04713935572730911,original
감자,감자 수미,202111상순,2021,0.049205732610164025,original
감자,감자 수미,202111중순,2021,0.051312616073733226,original
감자,감자 수미,202111하순,2021,0.05383347530333094,original
감자,감자 수미,202112상순,2021,0.0530778192862442,original
감자,감자 수미,202112중순,2021,0.05569626931879145,original
감자,감자 수미,202112하순,2021,0.05747386582659624,original
배,신고,201801상순,2018,0.05069827091895504,original
배,신고,201801중순,2018,0.05169097526781513,original
배,신고,201801하순,2018,0.052455324116853275,original
배,신고,201802상순,2018,0.05252343993831601,original
배,신고,201802중순,2018,0.052278892972736274,original
배,신고,201802하순,2018,0.053544618933853365,original
배,신고,201803상순,2018,0.05413756157642341,original
배,신고,201803중순,2018,0.05413923655563971,original
배,신고,201803하순,2018,0.05425983505921327,original
배,신고,201804상순,2018,0.0534256954094961,original
배,신고,201804중순,2018,0.05392874750079134,original
배,신고,201804하순,2018,0.05464563860536755,original
배,신고,201805상순,2018,0.05523299798388332,original
배,신고,201805중순,2018,0.055838223807372835,original
배,신고,201805하순,2018,0.05681864497531362,original
배,신고,201806상순,2018,0.05794311435585601,original
배,신고,201806중순,2018,0.05873537952516569,original
배,신고,201806하순,2018,0.059421004351037594,original
배,신고,201807상순,2018,0.05985538229446472,original
배,신고,201807중순,2018,0.060576740010284284,original
배,신고,201807하순,2018,0.06056669013498649,original
배,신고,201808상순,2018,0.06058455657996041,original
배,신고,201808중순,2018,0.05905585888188429,original
배,신고,201808하순,2018,0.055697525553203675,original
배,신고,201809상순,2018,0.05355020219790764,original
배,신고,201809중순,2018,0.05016786083379345,original
배,신고,201809하순,2018,0.050560364296812925,original
배,신고,201810상순,2018,0.050345408630721206,original
배,신고,201810중순,2018,0.049239364021558124,original
배,신고,201810하순,2018,0.047614075855342004,original
배,신고,201811상순,2018,0.04666101268126756,original
배,신고,201811중순,2018,0.04655381401142438,original
배,신고,201811하순,2018,0.04736394562570799,original
배,신고,201812상순,2018,0.04809479489041998,original
배,신고,201812중순,2018,0.04909810744098341,original
배,신고,201812하순,2018,0.049240480674368876,original
배,신고,201901상순,2019,0.04981164858712703,original
배,신고,201901중순,2019,0.04978205728763918,original
배,신고,201901하순,2019,0.05089815177210006,original
배,신고,201902상순,2019,0.0515279439574287,original
배,신고,201902중순,2019,0.050977434121671515,original
배,신고,201902하순,2019,0.052023737805453364,original
배,신고,201903상순,2019,0.05284615260065645,original
배,신고,201903중순,2019,0.05222696861703099,original
배,신고,201903하순,2019,0.05215717781635195,original
배,신고,201904상순,2019,0.05113879045284182,original
배,신고,201904중순,2019,0.05080770289441989,original
배,신고,201904하순,2019,0.051202439663061206,original
배,신고,201905상순,2019,0.051807107160145346,original
배,신고,201905중순,2019,0.05244639089436623,original
배,신고,201905하순,2019,0.05344188687525372,original
배,신고,201906상순,2019,0.05443626620333011,original
배,신고,201906중순,2019,0.0552285313726398,original
배,신고,201906하순,2019,0.05593760590754006,original
배,신고,201907상순,2019,0.0565154737371634,original
배,신고,201907중순,2019,0.057167040652303935,original
배,신고,201907하순,2019,0.05617433630344367,original
배,신고,201908상순,2019,0.05586669845404993,original
배,신고,201908중순,2019,0.05518777354504323,original
배,신고,201908하순,2019,0.052144336309026935,original
배,신고,201909상순,2019,0.05034373365150491,original
배,신고,201909중순,2019,0.05016786083379345,original
배,신고,201909하순,2019,0.050560364296812925,original
배,신고,201910상순,2019,0.050345408630721206,original
배,신고,201910중순,2019,0.049239364021558124,original
배,신고,201910하순,2019,0.04787760591870658,original
배,신고,201911상순,2019,0.04720593925297046,original
배,신고,201911중순,2019,0.04728577992894729,original
배,신고,201911하순,2019,0.0477324410532939,original
배,신고,201912상순,2019,0.04809479489041998,original
배,신고,201912중순,2019,0.04921256435409733,original
배,신고,201912하순,2019,0.049364429136375045,original
배,신고,202001상순,2020,0.04981164858712703,original
배,신고,202001중순,2020,0.04978205728763918,original
배,신고,202001하순,2020,0.05089815177210006,original
배,신고,202002상순,2020,0.0515279439574287,original
배,신고,202002중순,2020,0.050977434121671515,original
배,신고,202002하순,2020,0.052023737805453364,original
배,신고,202003상순,2020,0.05284615260065645,original
배,신고,202003중순,2020,0.05222696861703099,original
배,신고,202003하순,2020,0.05215717781635195,original
배,신고,202004상순,2020,0.05113879045284182,original
배,신고,202004중순,2020,0.05080770289441989,original
배,신고,202004하순,2020,0.051202439663061206,original
배,신고,202005상순,2020,0.051807107160145346,original
배,신고,202005중순,2020,0.05244639089436623,original
배,신고,202005하순,2020,0.05344188687525372,original
배,신고,202006상순,2020,0.05443626620333011,original
배,신고,202006중순,2020,0.0553050220901842,original
배,신고,202006하순,2020,0.05701070925878253,original
배,신고,202007상순,2020,0.05716424902027671,original
배,신고,202007중순,2020,0.057167040652303935,original
배,신고,202007하순,2020,0.05617433630344367,original
배,신고,202008상순,2020,0.05586669845404993,original
배,신고,202008중순,2020,0.055225181414207195,original
배,신고,202008중순,2020,0.055225181414207195,original
배,신고,202008중순,2020,0.055225181414207195,original
배,신고,202008중순,2020,0.055225181414207195,original
배,신고,202008중순,2020,0.055225181414207195,original
배,신고,202008중순,2020,0.055225181414207195,original
배,신고,202008중순,2020,0.055225181414207195,original
배,신고,202008중순,2020,0.055225181414207195,original
배,신고,202008하순,2020,0.05246760729777275,original
배,신고,202009상순,2020,0.05140511214823345,original
배,신고,202009중순,2020,0.05279478657135654,original
배,신고,202009하순,2020,0.05387012322822086,original
배,신고,202010상순,2020,0.05341955381903627,original
배,신고,202010중순,2020,0.05175685778365636,original
배,신고,202010하순,2020,0.050314142352016894,original
배,신고,202011상순,2020,0.04941132855443143,original
배,신고,202011중순,2020,0.04966369208968729,original
배,신고,202011하순,2020,0.04917013154728429,original
배,신고,202012상순,2020,0.04995681345253971,original
배,신고,202012중순,2020,0.050400682944859096,original
배,신고,202012하순,2020,0.05065639643854755,original
배,신고,202101상순,2021,0.05152571065180702,original
배,신고,202101중순,2021,0.05186740641193213,original
배,신고,202101하순,2021,0.0515195690613472,original
배,신고,202102상순,2021,0.0508356192146916,original
배,신고,202102중순,2021,0.051106407521326586,original
배,신고,202102하순,2021,0.05268088798464817,original
배,신고,202103상순,2021,0.05334641305992464,original
배,신고,202103중순,2021,0.054027012948147636,original
배,신고,202103하순,2021,0.05325317255021724,original
배,신고,202104상순,2021,0.052676421373404815,original
배,신고,202104중순,2021,0.05309851613591231,original
배,신고,202104하순,2021,0.05354015232260984,original
배,신고,202105상순,2021,0.05405325428920305,original
배,신고,202105중순,2021,0.05435921715938032,original
배,신고,202105하순,2021,0.05475395392802165,original
배,신고,202106상순,2021,0.056031404743652834,original
배,신고,202106중순,2021,0.057274239322147105,original
배,신고,202106하순,2021,0.059036875784099614,original
배,신고,202107상순,2021,0.059338372043033535,original
배,신고,202107중순,2021,0.05952261975682649,original
배,신고,202107하순,2021,0.059854823968059176,original
배,신고,202108상순,2021,0.05976716672240622,original
배,신고,202108중순,2021,0.05866503039808112,original
배,신고,202108하순,2021,0.05691356046423715,original
배,신고,202109상순,2021,0.05694036013169795,original
배,신고,202109중순,2021,0.05342792871511777,original
배,신고,202109하순,2021,0.05715643245060059,original
배,신고,202110상순,2021,0.055953797373297504,original
배,신고,202110중순,2021,0.05349939449501328,original
배,신고,202110하순,2021,0.05307729973250579,original
배,신고,202111상순,2021,0.05306948316282967,original
배,신고,202111중순,2021,0.05292655160303883,original
배,신고,202111하순,2021,0.05300080901496138,original
배,신고,202112상순,2021,0.05347817809160676,original
배,신고,202112중순,2021,0.05417720275120922,original
배,신고,202112하순,2021,0.054861710924270196,original
깐마늘(국산),깐마늘(국산),201801상순,2018,0.14391087840805977,average
깐마늘(국산),깐마늘(국산),201801중순,2018,0.1438372347493495,average
깐마늘(국산),깐마늘(국산),201801하순,2018,0.1438372347493495,average
깐마늘(국산),깐마늘(국산),201802상순,2018,0.1482718717677338,average
깐마늘(국산),깐마늘(국산),201802중순,2018,0.15101749147359855,average
깐마늘(국산),깐마늘(국산),201802하순,2018,0.15101749147359855,average
깐마늘(국산),깐마늘(국산),201803상순,2018,0.15101749147359855,average
깐마늘(국산),깐마늘(국산),201803중순,2018,0.15101749147359855,average
깐마늘(국산),깐마늘(국산),201803하순,2018,0.150810368683476,average
깐마늘(국산),깐마늘(국산),201804상순,2018,0.1502757157212396,average
깐마늘(국산),깐마늘(국산),201804중순,2018,0.1564303003888017,average
깐마늘(국산),깐마늘(국산),201804하순,2018,0.1564303003888017,average
깐마늘(국산),깐마늘(국산),201805상순,2018,0.1564303003888017,average
깐마늘(국산),깐마늘(국산),201805중순,2018,0.15320802210193485,average
깐마늘(국산),깐마늘(국산),201805하순,2018,0.15256400830651376,average
깐마늘(국산),깐마늘(국산),201806상순,2018,0.15256400830651376,average
깐마늘(국산),깐마늘(국산),201806중순,2018,0.15193269804222015,average
깐마늘(국산),깐마늘(국산),201806하순,2018,0.15101749147359855,average
깐마늘(국산),깐마늘(국산),201807상순,2018,0.1364520645447392,average
깐마늘(국산),깐마늘(국산),201807중순,2018,0.1347238319839565,average
깐마늘(국산),깐마늘(국산),201807하순,2018,0.13204891019045356,average
깐마늘(국산),깐마늘(국산),201808상순,2018,0.13157556557409344,average
깐마늘(국산),깐마늘(국산),201808중순,2018,0.13080230715763586,average
깐마늘(국산),깐마늘(국산),201808하순,2018,0.1277092734918055,average
깐마늘(국산),깐마늘(국산),201809상순,2018,0.1277092734918055,average
깐마늘(국산),깐마늘(국산),201809중순,2018,0.1277092734918055,average
깐마늘(국산),깐마늘(국산),201809하순,2018,0.1277092734918055,average
깐마늘(국산),깐마늘(국산),201810상순,2018,0.1277092734918055,average
깐마늘(국산),깐마늘(국산),201810중순,2018,0.13181196171855333,average
깐마늘(국산),깐마늘(국산),201810하순,2018,0.13475144835597283,average
깐마늘(국산),깐마늘(국산),201811상순,2018,0.13583621944877475,average
깐마늘(국산),깐마늘(국산),201811중순,2018,0.13599418509670824,average
깐마늘(국산),깐마늘(국산),201811하순,2018,0.13696075811728023,average
깐마늘(국산),깐마늘(국산),201812상순,2018,0.13665697802510046,average
깐마늘(국산),깐마늘(국산),201812중순,2018,0.13564898044650395,average
깐마늘(국산),깐마늘(국산),201812하순,2018,0.13203620665932603,average
깐마늘(국산),깐마늘(국산),201901상순,2019,0.12936625581278605,average
깐마늘(국산),깐마늘(국산),201901중순,2019,0.12942148855681873,average
깐마늘(국산),깐마늘(국산),201901하순,2019,0.12947672130085142,average
깐마늘(국산),깐마늘(국산),201902상순,2019,0.12947672130085142,average
깐마늘(국산),깐마늘(국산),201902중순,2019,0.12947672130085142,average
깐마늘(국산),깐마늘(국산),201902하순,2019,0.12947672130085142,average
깐마늘(국산),깐마늘(국산),201903상순,2019,0.12947672130085142,average
깐마늘(국산),깐마늘(국산),201903중순,2019,0.13306684966297594,average
깐마늘(국산),깐마늘(국산),201903하순,2019,0.13555232314444676,average
깐마늘(국산),깐마늘(국산),201904상순,2019,0.13506903663416076,average
깐마늘(국산),깐마늘(국산),201904중순,2019,0.13460563391172653,average
깐마늘(국산),깐마늘(국산),201904하순,2019,0.13444766826379306,average
깐마늘(국산),깐마늘(국산),201905상순,2019,0.13444766826379306,average
깐마늘(국산),깐마늘(국산),201905중순,2019,0.13444766826379306,average
깐마늘(국산),깐마늘(국산),201905하순,2019,0.1305195155081885,average
깐마늘(국산),깐마늘(국산),201906상순,2019,0.12691392197773482,average
깐마늘(국산),깐마늘(국산),201906중순,2019,0.11392870385565057,average
깐마늘(국산),깐마늘(국산),201906하순,2019,0.10423535727791436,average
깐마늘(국산),깐마늘(국산),201907상순,2019,0.1014737200762801,average
깐마늘(국산),깐마늘(국산),201907중순,2019,0.09485352337652248,average
깐마늘(국산),깐마늘(국산),201907하순,2019,0.0939344505158186,average
깐마늘(국산),깐마늘(국산),201908상순,2019,0.09275467910328045,average
깐마늘(국산),깐마늘(국산),201908중순,2019,0.09202892084669097,average
깐마늘(국산),깐마늘(국산),201908하순,2019,0.09197368810265828,average
깐마늘(국산),깐마늘(국산),201909상순,2019,0.0919184553586256,average
깐마늘(국산),깐마늘(국산),201909중순,2019,0.0919184553586256,average
깐마늘(국산),깐마늘(국산),201909하순,2019,0.09155005295592758,average
깐마늘(국산),깐마늘(국산),201910상순,2019,0.09136612791829875,average
깐마늘(국산),깐마늘(국산),201910중순,2019,0.09136612791829875,average
깐마늘(국산),깐마늘(국산),201910하순,2019,0.09286348760902484,average
깐마늘(국산),깐마늘(국산),201911상순,2019,0.09368590316767152,average
깐마늘(국산),깐마늘(국산),201911중순,2019,0.09390683414380226,average
깐마늘(국산),깐마늘(국산),201911하순,2019,0.09365442050357288,average
깐마늘(국산),깐마늘(국산),201912상순,2019,0.09346497219154078,average
깐마늘(국산),깐마늘(국산),201912중순,2019,0.09346497219154078,average
깐마늘(국산),깐마늘(국산),201912하순,2019,0.0930048834337485,average
깐마늘(국산),깐마늘(국산),202001상순,2020,0.09291264475121393,average
깐마늘(국산),깐마늘(국산),202001중순,2020,0.09199191490818906,average
깐마늘(국산),깐마늘(국산),202001하순,2020,0.08539712527068648,average
깐마늘(국산),깐마늘(국산),202002상순,2020,0.08473819863437654,average
깐마늘(국산),깐마늘(국산),202002중순,2020,0.08495912961050728,average
깐마늘(국산),깐마늘(국산),202002하순,2020,0.08448965128622946,average
깐마늘(국산),깐마늘(국산),202003상순,2020,0.08452886653449267,average
깐마늘(국산),깐마늘(국산),202003중순,2020,0.0822113005948812,average
깐마늘(국산),깐마늘(국산),202003하순,2020,0.08186609594467692,average
깐마늘(국산),깐마늘(국산),202004상순,2020,0.08186609594467692,average
깐마늘(국산),깐마늘(국산),202004중순,2020,0.08219749240887303,average
깐마늘(국산),깐마늘(국산),202004하순,2020,0.0831287164732641,average
깐마늘(국산),깐마늘(국산),202005상순,2020,0.0837992419858209,average
깐마늘(국산),깐마늘(국산),202005중순,2020,0.08814882057839483,average
깐마늘(국산),깐마늘(국산),202005하순,2020,0.0892672836450567,average
깐마늘(국산),깐마늘(국산),202006상순,2020,0.08907396904094231,average
깐마늘(국산),깐마늘(국산),202006중순,2020,0.08978812842128493,average
깐마늘(국산),깐마늘(국산),202006하순,2020,0.0943851497071253,average
깐마늘(국산),깐마늘(국산),202007상순,2020,0.09693322029849985,average
깐마늘(국산),깐마늘(국산),202007중순,2020,0.1171134238765752,average
깐마늘(국산),깐마늘(국산),202007하순,2020,0.1405481248422031,average
깐마늘(국산),깐마늘(국산),202008상순,2020,0.149360509152618,average
깐마늘(국산),깐마늘(국산),202008중순,2020,0.1493765266483875,average
깐마늘(국산),깐마늘(국산),202008중순,2020,0.1493765266483875,average
깐마늘(국산),깐마늘(국산),202008중순,2020,0.1493765266483875,average
깐마늘(국산),깐마늘(국산),202008중순,2020,0.1493765266483875,average
깐마늘(국산),깐마늘(국산),202008중순,2020,0.1493765266483875,average
깐마늘(국산),깐마늘(국산),202008중순,2020,0.1493765266483875,average
깐마늘(국산),깐마늘(국산),202008중순,2020,0.1493765266483875,average
깐마늘(국산),깐마늘(국산),202008중순,2020,0.1493765266483875,average
깐마늘(국산),깐마늘(국산),202008하순,2020,0.15033868104943687,average
깐마늘(국산),깐마늘(국산),202009상순,2020,0.15068609500940244,average
깐마늘(국산),깐마늘(국산),202009중순,2020,0.15068609500940244,average
깐마늘(국산),깐마늘(국산),202009하순,2020,0.1505596120255676,average
깐마늘(국산),깐마늘(국산),202010상순,2020,0.1504651640332717,average
깐마늘(국산),깐마늘(국산),202010중순,2020,0.1504651640332717,average
깐마늘(국산),깐마늘(국산),202010하순,2020,0.1504651640332717,average
깐마늘(국산),깐마늘(국산),202011상순,2020,0.1504651640332717,average
깐마늘(국산),깐마늘(국산),202011중순,2020,0.1504651640332717,average
깐마늘(국산),깐마늘(국산),202011하순,2020,0.1504651640332717,average
깐마늘(국산),깐마늘(국산),202012상순,2020,0.1504651640332717,average
깐마늘(국산),깐마늘(국산),202012중순,2020,0.1504651640332717,average
깐마늘(국산),깐마늘(국산),202012하순,2020,0.1504651640332717,average
깐마늘(국산),깐마늘(국산),202101상순,2021,1.7906547185138972,local
깐마늘(국산),깐마늘(국산),202101중순,2021,0.5397143554310625,local
깐마늘(국산),깐마늘(국산),202101하순,2021,1.3202646561294162,local
깐마늘(국산),깐마늘(국산),202102상순,2021,1.6159182451470886,local
깐마늘(국산),깐마늘(국산),202102중순,2021,1.6580889947071131,local
깐마늘(국산),깐마늘(국산),202102하순,2021,1.5494691689091267,local
깐마늘(국산),깐마늘(국산),202103상순,2021,0.3565522719803768,local
깐마늘(국산),깐마늘(국산),202103중순,2021,0.48312029197440143,local
깐마늘(국산),깐마늘(국산),202103하순,2021,1.2953496229042796,local
깐마늘(국산),깐마늘(국산),202104상순,2021,1.3506918674561121,local
깐마늘(국산),깐마늘(국산),202104중순,2021,1.315034092021252,local
깐마늘(국산),깐마늘(국산),202104하순,2021,1.4636117895411462,local
깐마늘(국산),깐마늘(국산),202105상순,2021,1.314512596254733,local
깐마늘(국산),깐마늘(국산),202105중순,2021,1.1430327386135044,local
깐마늘(국산),깐마늘(국산),202105하순,2021,0.9899967479549783,local
깐마늘(국산),깐마늘(국산),202106상순,2021,1.0290000600025664,local
깐마늘(국산),깐마늘(국산),202106중순,2021,1.0266931513456248,local
깐마늘(국산),깐마늘(국산),202106하순,2021,0.7537265939896175,local
깐마늘(국산),깐마늘(국산),202107상순,2021,0.8214241006102525,local
깐마늘(국산),깐마늘(국산),202107중순,2021,0.7555716612188554,local
깐마늘(국산),깐마늘(국산),202107하순,2021,0.8146303232659817,local
깐마늘(국산),깐마늘(국산),202108상순,2021,0.8665998000896415,local
깐마늘(국산),깐마늘(국산),202108중순,2021,0.7908346232139749,local
깐마늘(국산),깐마늘(국산),202108하순,2021,0.8019971013145135,local
깐마늘(국산),깐마늘(국산),202109상순,2021,0.8060457330362474,local
깐마늘(국산),깐마늘(국산),202109중순,2021,0.6336432395435109,local
깐마늘(국산),깐마늘(국산),202109하순,2021,0.708602595912513,local
깐마늘(국산),깐마늘(국산),202110상순,2021,0.6430793501321808,local
깐마늘(국산),깐마늘(국산),202110중순,2021,0.7351822441127274,local
깐마늘(국산),깐마늘(국산),202110하순,2021,1.076659949571411,local
깐마늘(국산),깐마늘(국산),202111상순,2021,0.9805762179445083,local
깐마늘(국산),깐마늘(국산),202111중순,2021,1.1090599993894723,local
깐마늘(국산),깐마늘(국산),202111하순,2021,1.0879722531220004,local
깐마늘(국산),깐마늘(국산),202112상순,2021,1.0331231582381952,local
깐마늘(국산),깐마늘(국산),202112중순,2021,1.1420562343431533,local
깐마늘(국산),깐마늘(국산),202112하순,2021,1.3529380985681208,local
무,무,201801상순,2018,0.009824449824444918,average
무,무,201801중순,2018,0.009798288791398314,average
무,무,201801하순,2018,0.01125226009320095,average
무,무,201802상순,2018,0.01986341310619006,average
무,무,201802중순,2018,0.021160523414939843,average
무,무,201802하순,2018,0.020807402071424286,average
무,무,201803상순,2018,0.025922322387144432,average
무,무,201803중순,2018,0.020795388949597177,average
무,무,201803하순,2018,0.02089312329016301,average
무,무,201804상순,2018,0.020127901237962178,average
무,무,201804중순,2018,0.021670014793783544,average
무,무,201804하순,2018,0.02572366861777358,average
무,무,201805상순,2018,0.02737752108325887,average
무,무,201805중순,2018,0.024620394555720695,average
무,무,201805하순,2018,0.014151856415485742,average
무,무,201806상순,2018,0.014047052283683721,average
무,무,201806중순,2018,0.011509644680393262,average
무,무,201806하순,2018,0.01219796741047169,average
무,무,201807상순,2018,0.012029952471610065,average
무,무,201807중순,2018,0.015588275978629067,average
무,무,201807하순,2018,0.02263327384971357,average
무,무,201808상순,2018,0.02604622784292446,average
무,무,201808중순,2018,0.02237117913684968,average
무,무,201808하순,2018,0.030301468908690576,average
무,무,201809상순,2018,0.024783745396197362,average
무,무,201809중순,2018,0.023730932582789833,average
무,무,201809하순,2018,0.023521539113190427,average
무,무,201810상순,2018,0.016814320156723503,average
무,무,201810중순,2018,0.013191788584766393,average
무,무,201810하순,2018,0.008921683773884017,average
무,무,201811상순,2018,0.007149940084746663,average
무,무,201811중순,2018,0.005943442161068256,average
무,무,201811하순,2018,0.005892842830562753,average
무,무,201812상순,2018,0.007556514450542823,average
무,무,201812중순,2018,0.008195066341276248,average
무,무,201812하순,2018,0.00789312734056424,average
무,무,201901상순,2019,0.008107658332068972,average
무,무,201901중순,2019,0.007082479424882303,average
무,무,201901하순,2019,0.00812010937065234,average
무,무,201902상순,2019,0.008290336687761076,average
무,무,201902중순,2019,0.009091800625504689,average
무,무,201902하순,2019,0.008884388521008618,average
무,무,201903상순,2019,0.008399780370061841,average
무,무,201903중순,2019,0.008015498553454436,average
무,무,201903하순,2019,0.006936864432211682,average
무,무,201904상순,2019,0.007494346928648254,average
무,무,201904중순,2019,0.008573103789322179,average
무,무,201904하순,2019,0.009817466827520785,average
무,무,201905상순,2019,0.010352457323192924,average
무,무,201905중순,2019,0.009567538660772885,average
무,무,201905하순,2019,0.008784780212341673,average
무,무,201906상순,2019,0.009657153787965916,average
무,무,201906중순,2019,0.009295548081269698,average
무,무,201906하순,2019,0.008808226512183548,average
무,무,201907상순,2019,0.008572981049890996,average
무,무,201907중순,2019,0.00943362994135141,average
무,무,201907하순,2019,0.005970414151070877,average
무,무,201908상순,2019,0.00722332292216565,average
무,무,201908중순,2019,0.0085624408012381,average
무,무,201908하순,2019,0.010192110530294486,average
무,무,201909상순,2019,0.012887026577137254,average
무,무,201909중순,2019,0.011618093734946324,average
무,무,201909하순,2019,0.013183764494452854,average
무,무,201910상순,2019,0.021980054596953718,average
무,무,201910중순,2019,0.02044907964451224,average
무,무,201910하순,2019,0.021766794835272024,average
무,무,201911상순,2019,0.02021268350005235,average
무,무,201911중순,2019,0.020790341290489685,average
무,무,201911하순,2019,0.02022267142126485,average
무,무,201912상순,2019,0.024591535446963617,average
무,무,201912중순,2019,0.0278806300116811,average
무,무,201912하순,2019,0.026242672302534006,average
무,무,202001상순,2020,0.027714651232311736,average
무,무,202001중순,2020,0.02097544769514373,average
무,무,202001하순,2020,0.018465395642578358,average
무,무,202002상순,2020,0.011612531008583048,average
무,무,202002중순,2020,0.012371398226734321,average
무,무,202002하순,2020,0.009696645199949287,average
무,무,202003상순,2020,0.010739577489146461,average
무,무,202003중순,2020,0.00894844096988207,average
무,무,202003하순,2020,0.01076277524164019,average
무,무,202004상순,2020,0.008588323478788965,average
무,무,202004중순,2020,0.010294263490382939,average
무,무,202004하순,2020,0.010822181126333034,average
무,무,202005상순,2020,0.010477774282431533,average
무,무,202005중순,2020,0.008852704213558747,average
무,무,202005하순,2020,0.009502364022814317,average
무,무,202006상순,2020,0.011783230872501754,average
무,무,202006중순,2020,0.012024413854777887,average
무,무,202006하순,2020,0.01363239245785834,average
무,무,202007상순,2020,0.012288180892391667,average
무,무,202007중순,2020,0.012544307400414444,average
무,무,202007하순,2020,0.011509190544497895,average
무,무,202008상순,2020,0.013669911271840448,average
무,무,202008중순,2020,0.014395371446954242,average
무,무,202008중순,2020,0.014395371446954242,average
무,무,202008중순,2020,0.014395371446954242,average
무,무,202008중순,2020,0.014395371446954242,average
무,무,202008중순,2020,0.014395371446954242,average
무,무,202008중순,2020,0.014395371446954242,average
무,무,202008중순,2020,0.014395371446954242,average
무,무,202008중순,2020,0.014395371446954242,average
무,무,202008하순,2020,0.025348024588635682,average
무,무,202009상순,2020,0.025657696173512233,average
무,무,202009중순,2020,0.024018219563904347,average
무,무,202009하순,2020,0.027093747518362042,average
무,무,202010상순,2020,0.022393502370896184,average
무,무,202010중순,2020,0.015858686287955788,average
무,무,202010하순,2020,0.012056436572373737,average
무,무,202011상순,2020,0.01226897217141151,average
무,무,202011중순,2020,0.010886619327704575,average
무,무,202011하순,2020,0.009219986618947214,average
무,무,202012상순,2020,0.00949180843173251,average
무,무,202012중순,2020,0.01285029680235552,average
무,무,202012하순,2020,0.015158528408225458,average
무,무,202101상순,2021,0.121891518652906,local
무,무,202101중순,2021,0.05341920446492286,local
무,무,202101하순,2021,0.1381721956858682,local
무,무,202102상순,2021,0.21482700241582098,local
무,무,202102중순,2021,0.2562048940604913,local
무,무,202102하순,2021,0.1444355096232124,local
무,무,202103상순,2021,0.051415839962684354,local
무,무,202103중순,2021,0.16440500215533999,local
무,무,202103하순,2021,0.18114321450671306,local
무,무,202104상순,2021,0.23553503980665402,local
무,무,202104중순,2021,0.21622229758115669,local
무,무,202104하순,2021,0.16074879681863094,local
무,무,202105상순,2021,0.20116704219127984,local
무,무,202105중순,2021,0.2272213431787949,local
무,무,202105하순,2021,0.17813981931402234,local
무,무,202106상순,2021,0.1562964158753474,local
무,무,202106중순,2021,0.20584296410344624,local
무,무,202106하순,2021,0.18625897693058793,local
무,무,202107상순,2021,0.13748252169298236,local
무,무,202107중순,2021,0.17395007385814443,local
무,무,202107하순,2021,0.2708883740760592,local
무,무,202108상순,2021,0.3478147540026591,local
무,무,202108중순,2021,0.37531325399525667,local
무,무,202108하순,2021,0.4883106185334909,local
무,무,202109상순,2021,0.5296706614953659,local
무,무,202109중순,2021,0.4649351640368651,local
무,무,202109하순,2021,0.3881424236454851,local
무,무,202110상순,2021,0.3630228612433385,local
무,무,202110중순,2021,0.3183226484734425,local
무,무,202110하순,2021,0.20732080645789702,local
무,무,202111상순,2021,0.13896598050936096,local
무,무,202111중순,2021,0.12350129180865589,local
무,무,202111하순,2021,0.12512143395244826,local
무,무,202112상순,2021,0.13323578239189224,local
무,무,202112중순,2021,0.16590426552680174,local
무,무,202112하순,2021,0.21918084471414462,local
상추,청,201801상순,2018,0.0017330451624645985,original
상추,청,201801중순,2018,0.0015437725110227585,original
상추,청,201801하순,2018,0.0014237323338546248,original
상추,청,201802상순,2018,0.0014237323338546248,original
상추,청,201802중순,2018,0.0014147991113676926,original
상추,청,201802하순,2018,0.001217709890249779,original
상추,청,201803상순,2018,0.0010546785798632875,original
상추,청,201803중순,2018,0.0010155957314829651,original
상추,청,201803하순,2018,0.0009726045982646091,original
상추,청,201804상순,2018,0.0009932626752656383,original
상추,청,201804중순,2018,0.0010334621764568276,original
상추,청,201804하순,2018,0.0010172707106992647,original
상추,청,201805상순,2018,0.001023970627564463,original
상추,청,201805중순,2018,0.0010719866984317174,original
상추,청,201805하순,2018,0.0010222956483481635,original
상추,청,201806상순,2018,0.0010178290371046972,original
상추,청,201806중순,2018,0.001042395398943758,original
상추,청,201806하순,2018,0.0010574702118904542,original
상추,청,201807상순,2018,0.001128377665380468,original
상추,청,201807중순,2018,0.0016018384571878106,original
상추,청,201807하순,2018,0.0019122679386086514,original
상추,청,201808상순,2018,0.001947442502150942,original
상추,청,201808중순,2018,0.0019390676060694442,original
상추,청,201808하순,2018,0.0019468841757455148,original
상추,청,201809상순,2018,0.002075857575400581,original
상추,청,201809중순,2018,0.0019787087808552065,original
상추,청,201809하순,2018,0.0016051884156204098,original
상추,청,201810상순,2018,0.0014103325001242283,original
상추,청,201810중순,2018,0.0013578498180135076,original
상추,청,201810하순,2018,0.0013639914084732734,original
상추,청,201811상순,2018,0.001274659183603964,original
상추,청,201811중순,2018,0.0013031338302810565,original
상추,청,201811하순,2018,0.0013025755038756223,original
상추,청,201812상순,2018,0.001213243279006313,original
상추,청,201812중순,2018,0.001254001106602935,original
상추,청,201812하순,2018,0.0015169728435619656,original
상추,청,201901상순,2019,0.0016319880830812027,original
상추,청,201901중순,2019,0.001515297864345666,original
상추,청,201901하순,2019,0.0014298739243143886,original
상추,청,201902상순,2019,0.0014589068973969155,original
상추,청,201902중순,2019,0.001436573841179587,original
상추,청,201902하순,2019,0.0012595843706572681,original
상추,청,201903상순,2019,0.0010697533928099834,original
상추,청,201903중순,2019,0.0010289955652133616,original
상추,청,201903하순,2019,0.00099717096010367,original
상추,청,201904상순,2019,0.001026203933186195,original
상추,청,201904중순,2019,0.0010334621764568276,original
상추,청,201904하순,2019,0.001028437238807929,original
상추,청,201905상순,2019,0.001054120253457855,original
상추,청,201905중순,2019,0.001107719588379441,original
상추,청,201905하순,2019,0.0010691950664045511,original
상추,청,201906상순,2019,0.001053003600646988,original
상추,청,201906중순,2019,0.0010786866152969158,original
상추,청,201906하순,2019,0.0010775699624860488,original
상추,청,201907상순,2019,0.0011462441103543307,original
상추,청,201907중순,2019,0.0016509711808659303,original
상추,청,201907하순,2019,0.0016699542786506598,original
상추,청,201908상순,2019,0.0017347201416808983,original
상추,청,201908중순,2019,0.0019373926268531447,original
상추,청,201908하순,2019,0.0021707730643242278,original
상추,청,201909상순,2019,0.0023734455494964744,original
상추,청,201909중순,2019,0.0021858478772709238,original
상추,청,201909하순,2019,0.001682795785975612,original
상추,청,201910상순,2019,0.001511947905913067,original
상추,청,201910중순,2019,0.0014030742568535957,original
상추,청,201910하순,2019,0.0013349584353907482,original
상추,청,201911상순,2019,0.0012495344953594707,original
상추,청,201911중순,2019,0.0012813591004691622,original
상추,청,201911하순,2019,0.001287500690928926,original
상추,청,201912상순,2019,0.0011942601812215852,original
상추,청,201912중순,2019,0.0012584677178464011,original
상추,청,201912하순,2019,0.0015231144340217314,original
상추,청,202001상순,2020,0.001646504569622466,original
상추,청,202001중순,2020,0.0015672222200509523,original
상추,청,202001하순,2020,0.001487381544074008,original
상추,청,202002상순,2020,0.0015264643924543305,original
상추,청,202002중순,2020,0.0014683984462892784,original
상추,청,202002하순,2020,0.0012796841212528627,original
상추,청,202003상순,2020,0.0011384275406782654,original
상추,청,202003중순,2020,0.0010937614282436117,original
상추,청,202003하순,2020,0.0010686367399991184,original
상추,청,202004상순,2020,0.0010792449417023483,original
상추,청,202004중순,2020,0.001070311719215418,original
상추,청,202004하순,2020,0.0010865031849729792,original
상추,청,202005상순,2020,0.0011116278732174725,original
상추,청,202005중순,2020,0.0011149778316500716,original
상추,청,202005하순,2020,0.0010792449417023483,original
상추,청,202006상순,2020,0.0010892948170001457,original
상추,청,202006중순,2020,0.0010831532265403799,original
상추,청,202006하순,2020,0.0010775699624860488,original
상추,청,202007상순,2020,0.001200401771681349,original
상추,청,202007중순,2020,0.0017615198091416912,original
상추,청,202007하순,2020,0.0017358367944917705,original
상추,청,202008상순,2020,0.0020585494568321574,original
상추,청,202008중순,2020,0.0022478221082740074,original
상추,청,202008중순,2020,0.0022478221082740074,original
상추,청,202008중순,2020,0.0022478221082740074,original
상추,청,202008중순,2020,0.0022478221082740074,original
상추,청,202008중순,2020,0.0022478221082740074,original
상추,청,202008중순,2020,0.0022478221082740074,original
상추,청,202008중순,2020,0.0022478221082740074,original
상추,청,202008중순,2020,0.0022478221082740074,original
상추,청,202008하순,2020,0.0022104142391099727,original
상추,청,202009상순,2020,0.002277413407761955,original
상추,청,202009중순,2020,0.002208180933488246,original
상추,청,202009하순,2020,0.0020055084483159994,original
상추,청,202010상순,2020,0.0018536436660381668,original
상추,청,202010중순,2020,0.001827960651388246,original
상추,청,202010하순,2020,0.0016381296735409683,original
상추,청,202011상순,2020,0.0014237323338546248,original
상추,청,202011중순,2020,0.0014471820428828186,original
상추,청,202011하순,2020,0.0013522665539591765,original
상추,청,202012상순,2020,0.0013511499011483095,original
상추,청,202012중순,2020,0.0013064837887136556,original
상추,청,202012하순,2020,0.0013935827079612328,original
상추,청,202101상순,2021,0.0015783887481596167,original
상추,청,202101중순,2021,0.0015672222200509523,original
상추,청,202101하순,2021,0.001487381544074008,original
상추,청,202102상순,2021,0.0015264643924543305,original
상추,청,202102중순,2021,0.0014477403692882513,original
상추,청,202102하순,2021,0.001285267385307194,original
상추,청,202103상순,2021,0.0011384275406782654,original
상추,청,202103중순,2021,0.0011479190895706303,original
상추,청,202103하순,2021,0.001142335825516299,original
상추,청,202104상순,2021,0.0011585272912738602,original
상추,청,202104중순,2021,0.0011194444428935379,original
상추,청,202104하순,2021,0.0011121861996229068,original
상추,청,202105상순,2021,0.0011244693805424364,original
상추,청,202105중순,2021,0.001142335825516299,original
상추,청,202105하순,2021,0.0011518273744086619,original
상추,청,202106상순,2021,0.0011741604306259906,original
상추,청,202106중순,2021,0.001133960929434801,original
상추,청,202106하순,2021,0.0011428941519217317,original
상추,청,202107상순,2021,0.001278567468441996,original
상추,청,202107중순,2021,0.0019954585730182018,original
상추,청,202107하순,2021,0.001964750620719382,original
상추,청,202108상순,2021,0.0023421792707922105,original
상추,청,202108중순,2021,0.002549318367207928,original
상추,청,202108하순,2021,0.002530893595828633,original
상추,청,202109상순,2021,0.0024493779406353825,original
상추,청,202109중순,2021,0.0023734455494964744,original
상추,청,202109하순,2021,0.0023338043747107126,original
상추,청,202110상순,2021,0.002113823770970043,original
상추,청,202110중순,2021,0.00195581739823244,original
상추,청,202110하순,2021,0.0017028955365712068,original
상추,청,202111상순,2021,0.001454998612558882,original
상추,청,202111중순,2021,0.0014120074793405278,original
상추,청,202111하순,2021,0.0012774508156311287,original
상추,청,202112상순,2021,0.0012009600980867835,original
상추,청,202112중순,2021,0.0012439512313051377,original
상추,청,202112하순,2021,0.001365666387689573,original
배추,배추,201801상순,2018,0.010170015176109312,original
배추,배추,201801중순,2018,0.009946266976922438,original
배추,배추,201801하순,2018,0.010460834550329793,original
배추,배추,201802상순,2018,0.010742848097969366,original
배추,배추,201802중순,2018,0.011890923385998665,original
배추,배추,201802하순,2018,0.012233622804304976,original
배추,배추,201803상순,2018,0.01260603316347183,original
배추,배추,201803중순,2018,0.012049885781926511,original
배추,배추,201803하순,2018,0.011178817493209975,original
배추,배추,201804상순,2018,0.01092087999933994,original
배추,배추,201804중순,2018,0.010661490856815758,original
배추,배추,201804하순,2018,0.011466147770512705,original
배추,배추,201805상순,2018,0.00975205468769919,original
배추,배추,201805중순,2018,0.011714789129732294,original
배추,배추,201805하순,2018,0.009303237803065004,original
배추,배추,201806상순,2018,0.00744011034266786,original
배추,배추,201806중순,2018,0.007712612401186308,original
배추,배추,201806하순,2018,0.007895929570970196,original
배추,배추,201807상순,2018,0.008432752655260795,original
배추,배추,201807중순,2018,0.010419844086730926,original
배추,배추,201807하순,2018,0.011701541284856709,original
배추,배추,201808상순,2018,0.01416548866441863,original
배추,배추,201808중순,2018,0.01767945990977569,original
배추,배추,201808하순,2018,0.019499208510283934,original
배추,배추,201809상순,2018,0.018990007073995507,original
배추,배추,201809중순,2018,0.01707730820488732,original
배추,배추,201809하순,2018,0.014517372773652407,original
배추,배추,201810상순,2018,0.011866785739078069,original
배추,배추,201810중순,2018,0.006527851523390485,original
배추,배추,201810하순,2018,0.005925995820120383,original
배추,배추,201811상순,2018,0.006636647627115879,original
배추,배추,201811중순,2018,0.008323204361794772,original
배추,배추,201811하순,2018,0.009705798895915736,original
배추,배추,201812상순,2018,0.007677422328577199,original
배추,배추,201812중순,2018,0.00738371937571912,original
배추,배추,201812하순,2018,0.007695617565767587,original
배추,배추,201901상순,2019,0.008051964076640989,original
배추,배추,201901중순,2019,0.00784447824180285,original
배추,배추,201901하순,2019,0.009591303210134891,original
배추,배추,201902상순,2019,0.010585314751769721,original
배추,배추,201902중순,2019,0.010776457353553575,original
배추,배추,201902하순,2019,0.011634379049445035,original
배추,배추,201903상순,2019,0.011911808560049529,original
배추,배추,201903중순,2019,0.011552517763619865,original
배추,배추,201903하순,2019,0.010968570379804022,original
배추,배추,201904상순,2019,0.010173180133530588,original
배추,배추,201904중순,2019,0.009866061837875294,original
배추,배추,201904하순,2019,0.010601439750098059,original
배추,배추,201905상순,2019,0.00932468684247372,original
배추,배추,201905중순,2019,0.01047530450967062,original
배추,배추,201905하순,2019,0.008636149413853428,original
배추,배추,201906상순,2019,0.007008244868065296,original
배추,배추,201906중순,2019,0.007096778375993497,original
배추,배추,201906하순,2019,0.008290317385608073,original
배추,배추,201907상순,2019,0.009182228309220771,original
배추,배추,201907중순,2019,0.011604752300661493,original
배추,배추,201907하순,2019,0.014413456708580227,original
배추,배추,201908상순,2019,0.01542849278430918,original
배추,배추,201908중순,2019,0.02008103115194575,original
배추,배추,201908하순,2019,0.02203043710195583,original
배추,배추,201909상순,2019,0.019537236742120656,original
배추,배추,201909중순,2019,0.01694731563798435,original
배추,배추,201909하순,2019,0.014599031998492759,original
배추,배추,201910상순,2019,0.012492607603301401,original
배추,배추,201910중순,2019,0.007523688703747847,original
배추,배추,201910하순,2019,0.00686559712419716,original
배추,배추,201911상순,2019,0.00746312579782516,original
배추,배추,201911중순,2019,0.008140561836417435,original
배추,배추,201911하순,2019,0.008819672854225993,original
배추,배추,201912상순,2019,0.007353383641023919,original
배추,배추,201912중순,2019,0.006998412119702946,original
배추,배추,201912하순,2019,0.007043926578092525,original
배추,배추,202001상순,2020,0.007238342922323478,original
배추,배추,202001중순,2020,0.007309182800593774,original
배추,배추,202001하순,2020,0.009290973233025641,original
배추,배추,202002상순,2020,0.010346121737613517,original
배추,배추,202002중순,2020,0.010776457353553575,original
배추,배추,202002하순,2020,0.011634379049445035,original
배추,배추,202003상순,2020,0.011911808560049529,original
배추,배추,202003중순,2020,0.011552517763619865,original
배추,배추,202003하순,2020,0.010968570379804022,original
배추,배추,202004상순,2020,0.010173180133530588,original
배추,배추,202004중순,2020,0.009866061837875294,original
배추,배추,202004하순,2020,0.010601439750098059,original
배추,배추,202005상순,2020,0.00932468684247372,original
배추,배추,202005중순,2020,0.010512704624301228,original
배추,배추,202005하순,2020,0.008888376469321224,original
배추,배추,202006상순,2020,0.007864926946401837,original
배추,배추,202006중순,2020,0.00822304680828678,original
배추,배추,202006하순,2020,0.009028424893590736,original
배추,배추,202007상순,2020,0.009510710344417294,original
배추,배추,202007중순,2020,0.0116486739778889,original
배추,배추,202007하순,2020,0.013917650453302101,original
배추,배추,202008상순,2020,0.015511773149748173,original
배추,배추,202008중순,2020,0.02008103115194575,original
배추,배추,202008중순,2020,0.02008103115194575,original
배추,배추,202008중순,2020,0.02008103115194575,original
배추,배추,202008중순,2020,0.02008103115194575,original
배추,배추,202008중순,2020,0.02008103115194575,original
배추,배추,202008중순,2020,0.02008103115194575,original
배추,배추,202008중순,2020,0.02008103115194575,original
배추,배추,202008중순,2020,0.02008103115194575,original
배추,배추,202008하순,2020,0.0225276888022614,original
배추,배추,202009상순,2020,0.021844939357377375,original
배추,배추,202009중순,2020,0.020840499076098168,original
배추,배추,202009하순,2020,0.021366296986346248,original
배추,배추,202010상순,2020,0.017882603870579057,original
배추,배추,202010중순,2020,0.009793045151298073,original
배추,배추,202010하순,2020,0.008295613731926268,original
배추,배추,202011상순,2020,0.008957354594899145,original
배추,배추,202011중순,2020,0.010715377109473475,original
배추,배추,202011하순,2020,0.0109047117971826,original
배추,배추,202012상순,2020,0.00999823785982818,original
배추,배추,202012중순,2020,0.009885727334599994,original
배추,배추,202012하순,2020,0.010143878853592116,original
배추,배추,202101상순,2021,0.010748221989621672,original
배추,배추,202101중순,2021,0.010563388254661108,original
배추,배추,202101하순,2021,0.012192018624776297,original
배추,배추,202102상순,2021,0.013496199317067541,original
배추,배추,202102중순,2021,0.013692737966313444,original
배추,배추,202102하순,2021,0.014360872995977096,original
배추,배추,202103상순,2021,0.014218254940894022,original
배추,배추,202103중순,2021,0.013497540851347271,original
배추,배추,202103하순,2021,0.01280298280298838,original
배추,배추,202104상순,2021,0.011911684487514979,original
배추,배추,202104중순,2021,0.011858449615663619,original
배추,배추,202104하순,2021,0.013787870582172523,original
배추,배추,202105상순,2021,0.011492389111568071,original
배추,배추,202105중순,2021,0.009863060833446085,original
배추,배추,202105하순,2021,0.008888376469321224,original
배추,배추,202106상순,2021,0.007864926946401837,original
배추,배추,202106중순,2021,0.00822304680828678,original
배추,배추,202106하순,2021,0.009028424893590736,original
배추,배추,202107상순,2021,0.009510710344417294,original
배추,배추,202107중순,2021,0.012898952908455625,original
배추,배추,202107하순,2021,0.017339087073050093,original
배추,배추,202108상순,2021,0.01832880902836126,original
배추,배추,202108중순,2021,0.02513987937544113,original
배추,배추,202108하순,2021,0.028627932089890788,original
배추,배추,202109상순,2021,0.026795852230355775,original
배추,배추,202109중순,2021,0.025191152128782018,original
배추,배추,202109하순,2021,0.027653387307367296,original
배추,배추,202110상순,2021,0.02352926899006124,original
배추,배추,202110중순,2021,0.012032034846019462,original
배추,배추,202110하순,2021,0.009729197425023425,original
배추,배추,202111상순,2021,0.009782390422394394,original
배추,배추,202111중순,2021,0.011688795933746013,original
배추,배추,202111하순,2021,0.010890195310641332,original
배추,배추,202112상순,2021,0.00999823785982818,original
배추,배추,202112중순,2021,0.010013777944779407,original
배추,배추,202112하순,2021,0.009763156077727226,original
양파,양파,201801상순,2018,0.0019247604919302302,original
양파,양파,201801중순,2018,0.001884374881937215,original
양파,양파,201801하순,2018,0.0019777037933254265,original
양파,양파,201802상순,2018,0.0019969164252990547,original
양파,양파,201802중순,2018,0.001899186040748024,original
양파,양파,201802하순,2018,0.002056462379554691,original
양파,양파,201803상순,2018,0.0020818285661253445,original
양파,양파,201803중순,2018,0.001965060802055725,original
양파,양파,201803하순,2018,0.0020676873990010712,original
양파,양파,201804상순,2018,0.0021373200071986764,original
양파,양파,201804중순,2018,0.0017796886809184926,original
양파,양파,201804하순,2018,0.001360827558842485,original
양파,양파,201805상순,2018,0.001333647919244661,original
양파,양파,201805중순,2018,0.0012896719602833882,original
양파,양파,201805하순,2018,0.0012362587341636147,original
양파,양파,201806상순,2018,0.0013878365987053155,original
양파,양파,201806중순,2018,0.0015266117285890975,original
양파,양파,201806하순,2018,0.001447081233948503,original
양파,양파,201807상순,2018,0.001514483638337743,original
양파,양파,201807중순,2018,0.0014716863684546074,original
양파,양파,201807하순,2018,0.0015428419670137042,original
양파,양파,201808상순,2018,0.00166705408315577,original
양파,양파,201808중순,2018,0.0016591599681456174,original
양파,양파,201808하순,2018,0.001633433528108602,original
양파,양파,201809상순,2018,0.0016685041809032148,original
양파,양파,201809중순,2018,0.0017156945047414704,original
양파,양파,201809하순,2018,0.0016956372933005807,original
양파,양파,201810상순,2018,0.001756577069546936,original
양파,양파,201810중순,2018,0.0017068658576765087,original
양파,양파,201810하순,2018,0.0016947687855587935,original
양파,양파,201811상순,2018,0.0017659166295844774,original
양파,양파,201811중순,2018,0.0017361004486276736,original
양파,양파,201811하순,2018,0.0017122009766617672,original
양파,양파,201812상순,2018,0.0016834239031817244,original
양파,양파,201812중순,2018,0.0016366873303269329,original
양파,양파,201812하순,2018,0.0016470628960278987,original
양파,양파,201901상순,2019,0.001769386229389672,original
양파,양파,201901중순,2019,0.0016683025630345853,original
양파,양파,201901하순,2019,0.0017078894560864676,original
양파,양파,201902상순,2019,0.0017631327520907156,original
양파,양파,201902중순,2019,0.0017315330284498802,original
양파,양파,201902하순,2019,0.0017280069313298672,original
양파,양파,201903상순,2019,0.0016681086996993665,original
양파,양파,201903중순,2019,0.0014946010146775952,original
양파,양파,201903하순,2019,0.0015241008106713302,original
양파,양파,201904상순,2019,0.0015824831417994595,original
양파,양파,201904중순,2019,0.001397048984394963,original
양파,양파,201904하순,2019,0.001360827558842485,original
양파,양파,201905상순,2019,0.0012621201030819423,original
양파,양파,201905중순,2019,0.0010655659447692347,original
양파,양파,201905하순,2019,0.0010055210416782593,original
양파,양파,201906상순,2019,0.0012096606845714499,original
양파,양파,201906중순,2019,0.0013527240714302949,original
양파,양파,201906하순,2019,0.0013473656888448183,original
양파,양파,201907상순,2019,0.001430013505915748,original
양파,양파,201907중순,2019,0.0014378766027922647,original
양파,양파,201907하순,2019,0.0015362040864157764,original
양파,양파,201908상순,2019,0.0017029653273718914,original
양파,양파,201908중순,2019,0.001590555611078015,original
양파,양파,201908하순,2019,0.001579220034141039,original
양파,양파,201909상순,2019,0.0016086934647211854,original
양파,양파,201909중순,2019,0.0016137866422640803,original
양파,양파,201909하순,2019,0.0015664405630833455,original
양파,양파,201910상순,2019,0.0017022332994180963,original
양파,양파,201910중순,2019,0.0015873840069138175,original
양파,양파,201910하순,2019,0.0015628796813420287,original
양파,양파,201911상순,2019,0.0016409833418354035,original
양파,양파,201911중순,2019,0.0016347099243076894,original
양파,양파,201911하순,2019,0.0015957589029953153,original
양파,양파,201912상순,2019,0.001566943056848237,original
양파,양파,201912중순,2019,0.0015903462386759777,original
양파,양파,201912하순,2019,0.001564306515489247,original
양파,양파,202001상순,2020,0.0017294559212868094,original
양파,양파,202001중순,2020,0.0015746433085231692,original
양파,양파,202001하순,2020,0.0016157283774296419,original
양파,양파,202002상순,2020,0.0016812821010542217,original
양파,양파,202002중순,2020,0.001703616708178232,original
양파,양파,202002하순,2020,0.0017280069313298672,original
양파,양파,202003상순,2020,0.0016681086996993665,original
양파,양파,202003중순,2020,0.0014946010146775952,original
양파,양파,202003하순,2020,0.0015902314715815265,original
양파,양파,202004상순,2020,0.0017826586672140636,original
양파,양파,202004중순,2020,0.0015460058166444925,original
양파,양파,202004하순,2020,0.001360827558842485,original
양파,양파,202005상순,2020,0.0013212406657905908,original
양파,양파,202005중순,2020,0.0010655659447692347,original
양파,양파,202005하순,2020,0.0010055210416782593,original
양파,양파,202006상순,2020,0.0012096606845714499,original
양파,양파,202006중순,2020,0.0013527240714302949,original
양파,양파,202006하순,2020,0.0013473656888448183,original
양파,양파,202007상순,2020,0.001430013505915748,original
양파,양파,202007중순,2020,0.0014378766027922647,original
양파,양파,202007하순,2020,0.0015362040864157747,original
양파,양파,202008상순,2020,0.0017029653273718914,original
양파,양파,202008중순,2020,0.001590555611078015,original
양파,양파,202008중순,2020,0.001590555611078015,original
양파,양파,202008중순,2020,0.001590555611078015,original
양파,양파,202008중순,2020,0.001590555611078015,original
양파,양파,202008중순,2020,0.001590555611078015,original
양파,양파,202008중순,2020,0.001590555611078015,original
양파,양파,202008중순,2020,0.001590555611078015,original
양파,양파,202008중순,2020,0.001590555611078015,original
양파,양파,202008하순,2020,0.001579220034141039,original
양파,양파,202009상순,2020,0.0016086934647211854,original
양파,양파,202009중순,2020,0.0016137866422640803,original
양파,양파,202009하순,2020,0.0015664405630833455,original
양파,양파,202010상순,2020,0.0017022332994180963,original
양파,양파,202010중순,2020,0.0015873840069138175,original
양파,양파,202010하순,2020,0.001562879681342027,original
양파,양파,202011상순,2020,0.0016409833418354035,original
양파,양파,202011중순,2020,0.0016347099243076894,original
양파,양파,202011하순,2020,0.0015957589029953153,original
양파,양파,202012상순,2020,0.0016522972060788348,original
양파,양파,202012중순,2020,0.0016083987924516495,original
양파,양파,202012하순,2020,0.0016391842900845633,original
양파,양파,202101상순,2021,0.0018475818364934596,original
양파,양파,202101중순,2021,0.0017508650802380097,original
양파,양파,202101하순,2021,0.001814018000319224,original
양파,양파,202102상순,2021,0.0018593742662272722,original
양파,양파,202102중순,2021,0.0019089567528430996,original
양파,양파,202102하순,2021,0.0021015505601648804,original
양파,양파,202103상순,2021,0.0018885080482441145,original
양파,양파,202103중순,2021,0.0017294703225631432,original
양파,양파,202103하순,2021,0.0018298775720468924,original
양파,양파,202104상순,2021,0.001927389278755804,original
양파,양파,202104중순,2021,0.0016723814476076123,original
양파,양파,202104하순,2021,0.0014025779667154333,original
양파,양파,202105상순,2021,0.0013499246848697208,original
양파,양파,202105중순,2021,0.001121212476510742,original
양파,양파,202105하순,2021,0.001043052983376823,original
양파,양파,202106상순,2021,0.0010991740925629491,original
양파,양파,202106중순,2021,0.0011864048388784763,original
양파,양파,202106하순,2021,0.0011776344615931304,original
양파,양파,202107상순,2021,0.0011597602620858584,original
양파,양파,202107중순,2021,0.0012165234466382324,original
양파,양파,202107하순,2021,0.0013864609444785958,original
양파,양파,202108상순,2021,0.001540901118080532,original
양파,양파,202108중순,2021,0.0014580151260549033,original
양파,양파,202108하순,2021,0.0015064328817527336,original
양파,양파,202109상순,2021,0.0015505267096218194,original
양파,양파,202109중순,2021,0.001531828978666533,original
양파,양파,202109하순,2021,0.001513585663369005,original
양파,양파,202110상순,2021,0.0016918298173968598,original
양파,양파,202110중순,2021,0.001563507798548141,original
양파,양파,202110하순,2021,0.0015628796813420287,original
양파,양파,202111상순,2021,0.0016409833418354035,original
양파,양파,202111중순,2021,0.0016347099243076894,original
양파,양파,202111하순,2021,0.0015957589029953153,original
양파,양파,202112상순,2021,0.0016522972060788348,original
양파,양파,202112중순,2021,0.0016083987924516495,original
양파,양파,202112하순,2021,0.0016391842900845633,original
대파,대파(일반),201801상순,2018,0.0027135150731867107,original
대파,대파(일반),201801중순,2018,0.002382673444252924,original
대파,대파(일반),201801하순,2018,0.0025464150698996644,original
대파,대파(일반),201802상순,2018,0.003003943397365298,original
대파,대파(일반),201802중순,2018,0.003312660234693299,original
대파,대파(일반),201802하순,2018,0.003165285327259166,original
대파,대파(일반),201803상순,2018,0.0032055922841275858,original
대파,대파(일반),201803중순,2018,0.0030431813364138038,original
대파,대파(일반),201803하순,2018,0.002874586923759844,original
대파,대파(일반),201804상순,2018,0.00303959098744553,original
대파,대파(일반),201804중순,2018,0.0027473924140687437,original
대파,대파(일반),201804하순,2018,0.00276979526108675,original
대파,대파(일반),201805상순,2018,0.0028650441949469854,original
대파,대파(일반),201805중순,2018,0.002548302523331362,original
대파,대파(일반),201805하순,2018,0.0025321715429343973,original
대파,대파(일반),201806상순,2018,0.0022154624403591,original
대파,대파(일반),201806중순,2018,0.0020405822029239675,original
대파,대파(일반),201806하순,2018,0.0017146901818859883,original
대파,대파(일반),201807상순,2018,0.001890710335732204,original
대파,대파(일반),201807중순,2018,0.0019710783199809456,original
대파,대파(일반),201807하순,2018,0.002105138693552185,original
대파,대파(일반),201808상순,2018,0.002517772925300942,original
대파,대파(일반),201808중순,2018,0.0025762110890696173,original
대파,대파(일반),201808하순,2018,0.0029478393481526723,original
대파,대파(일반),201809상순,2018,0.002747555259270341,original
대파,대파(일반),201809중순,2018,0.0029116267849240885,original
대파,대파(일반),201809하순,2018,0.0027257406490009154,original
대파,대파(일반),201810상순,2018,0.002790430074487561,original
대파,대파(일반),201810중순,2018,0.0021804972492188465,original
대파,대파(일반),201810하순,2018,0.0021050332318978304,original
대파,대파(일반),201811상순,2018,0.002156814904188387,original
대파,대파(일반),201811중순,2018,0.0025664481315079515,original
대파,대파(일반),201811하순,2018,0.002803837662751367,original
대파,대파(일반),201812상순,2018,0.0029547796555535457,original
대파,대파(일반),201812중순,2018,0.0025721322044966,original
대파,대파(일반),201812하순,2018,0.0025321219139205803,original
대파,대파(일반),201901상순,2019,0.0025544718085532994,original
대파,대파(일반),201901중순,2019,0.002363139774596183,original
대파,대파(일반),201901하순,2019,0.0027904781525946894,original
대파,대파(일반),201902상순,2019,0.003351005294609304,original
대파,대파(일반),201902중순,2019,0.002925806503157315,original
대파,대파(일반),201902하순,2019,0.0029905291623585676,original
대파,대파(일반),201903상순,2019,0.0028659204572221656,original
대파,대파(일반),201903중순,2019,0.0026894582949716465,original
대파,대파(일반),201903하순,2019,0.0024218338379673357,original
대파,대파(일반),201904상순,2019,0.002429340226307063,original
대파,대파(일반),201904중순,2019,0.0020911727788829517,original
대파,대파(일반),201904하순,2019,0.002166787234152107,original
대파,대파(일반),201905상순,2019,0.0024810397005434926,original
대파,대파(일반),201905중순,2019,0.0021909736238541282,original
대파,대파(일반),201905하순,2019,0.0025198325293743183,original
대파,대파(일반),201906상순,2019,0.002227536248876587,original
대파,대파(일반),201906중순,2019,0.0020419470008039243,original
대파,대파(일반),201906하순,2019,0.0019652469108575343,original
대파,대파(일반),201907상순,2019,0.0020949104639859883,original
대파,대파(일반),201907중순,2019,0.0020596040733757374,original
대파,대파(일반),201907하순,2019,0.002208367042290055,original
대파,대파(일반),201908상순,2019,0.0027471054963326288,original
대파,대파(일반),201908중순,2019,0.0028462316968972364,original
대파,대파(일반),201908하순,2019,0.0033221972029956236,original
대파,대파(일반),201909상순,2019,0.0030566819790785057,original
대파,대파(일반),201909중순,2019,0.0032295537923607673,original
대파,대파(일반),201909하순,2019,0.0030462377303673467,original
대파,대파(일반),201910상순,2019,0.003357379521071324,original
대파,대파(일반),201910중순,2019,0.0025839733770118218,original
대파,대파(일반),201910하순,2019,0.0025334246755332615,original
대파,대파(일반),201911상순,2019,0.0025194866771842887,original
대파,대파(일반),201911중순,2019,0.0027429878390925646,original
대파,대파(일반),201911하순,2019,0.0029173640318561184,original
대파,대파(일반),201912상순,2019,0.0030957570729254306,original
대파,대파(일반),201912중순,2019,0.0027320617015195703,original
대파,대파(일반),201912하순,2019,0.0027316305494620367,original
대파,대파(일반),202001상순,2020,0.0027962714537253506,original
대파,대파(일반),202001중순,2020,0.002489670496227468,original
대파,대파(일반),202001하순,2020,0.0028354792608726097,original
대파,대파(일반),202002상순,2020,0.003351005294609304,original
대파,대파(일반),202002중순,2020,0.002925806503157315,original
대파,대파(일반),202002하순,2020,0.0029905291623585676,original
대파,대파(일반),202003상순,2020,0.0028659204572221656,original
대파,대파(일반),202003중순,2020,0.0026894582949716465,original
대파,대파(일반),202003하순,2020,0.0024218338379673357,original
대파,대파(일반),202004상순,2020,0.0024282933642968754,original
대파,대파(일반),202004중순,2020,0.0021147465604456793,original
대파,대파(일반),202004하순,2020,0.002166787234152107,original
대파,대파(일반),202005상순,2020,0.0024810397005434926,original
대파,대파(일반),202005중순,2020,0.002487305363537797,original
대파,대파(일반),202005하순,2020,0.002726047285407711,original
대파,대파(일반),202006상순,2020,0.002517439480364371,original
대파,대파(일반),202006중순,2020,0.0022145551599502653,original
대파,대파(일반),202006하순,2020,0.002195517780431677,original
대파,대파(일반),202007상순,2020,0.0023673272226369317,original
대파,대파(일반),202007중순,2020,0.0022632071025570468,original
대파,대파(일반),202007하순,2020,0.002542742522877264,original
대파,대파(일반),202008상순,2020,0.003017824012167045,original
대파,대파(일반),202008중순,2020,0.0029254287466012564,original
대파,대파(일반),202008중순,2020,0.0029254287466012564,original
대파,대파(일반),202008중순,2020,0.0029254287466012564,original
대파,대파(일반),202008중순,2020,0.0029254287466012564,original
대파,대파(일반),202008중순,2020,0.0029254287466012564,original
대파,대파(일반),202008중순,2020,0.0029254287466012564,original
대파,대파(일반),202008중순,2020,0.0029254287466012564,original
대파,대파(일반),202008중순,2020,0.0029254287466012564,original
대파,대파(일반),202008하순,2020,0.0033221972029956236,original
대파,대파(일반),202009상순,2020,0.0030566819790785057,original
대파,대파(일반),202009중순,2020,0.0032295537923607673,original
대파,대파(일반),202009하순,2020,0.003056465959933544,original
대파,대파(일반),202010상순,2020,0.003357379521071324,original
대파,대파(일반),202010중순,2020,0.0026937310428798993,original
대파,대파(일반),202010하순,2020,0.0027395835989260995,original
대파,대파(일반),202011상순,2020,0.0027137842662750375,original
대파,대파(일반),202011중순,2020,0.002884919064073724,original
대파,대파(일반),202011하순,2020,0.0029173640318561184,original
대파,대파(일반),202012상순,2020,0.003063180278075076,original
대파,대파(일반),202012중순,2020,0.0027320617015195703,original
대파,대파(일반),202012하순,2020,0.0027316305494620367,original
대파,대파(일반),202101상순,2021,0.0027962714537253506,original
대파,대파(일반),202101중순,2021,0.002489670496227468,original
대파,대파(일반),202101하순,2021,0.0028354792608726097,original
대파,대파(일반),202102상순,2021,0.0032418664405072413,original
대파,대파(일반),202102중순,2021,0.002696600220241148,original
대파,대파(일반),202102하순,2021,0.002616716340435211,original
대파,대파(일반),202103상순,2021,0.002606228887895066,original
대파,대파(일반),202103중순,2021,0.002414327449627625,original
대파,대파(일반),202103하순,2021,0.0021948431360251245,original
대파,대파(일반),202104상순,2021,0.002112838945227114,original
대파,대파(일반),202104중순,2021,0.001821904360795979,original
대파,대파(일반),202104하순,2021,0.0019005275750277357,original
대파,대파(일반),202105상순,2021,0.002290929559493493,original
대파,대파(일반),202105중순,2021,0.0023697466370604684,original
대파,대파(일반),202105하순,2021,0.00257232141511177,original
대파,대파(일반),202106상순,2021,0.0022984437023666126,original
대파,대파(일반),202106중순,2021,0.0022145551599502653,original
대파,대파(일반),202106하순,2021,0.002195517780431677,original
대파,대파(일반),202107상순,2021,0.0023039881937538917,original
대파,대파(일반),202107중순,2021,0.0022632071025570468,original
대파,대파(일반),202107하순,2021,0.002542742522877264,original
대파,대파(일반),202108상순,2021,0.003017824012167045,original
대파,대파(일반),202108중순,2021,0.003097036570937884,original
대파,대파(일반),202108하순,2021,0.0034767295447660773,original
대파,대파(일반),202109상순,2021,0.003582191199125674,original
대파,대파(일반),202109중순,2021,0.0035811598461823056,original
대파,대파(일반),202109하순,2021,0.0035502657850816762,original
대파,대파(일반),202110상순,2021,0.003918373485997142,original
대파,대파(일반),202110중순,2021,0.0029398521787416115,original
대파,대파(일반),202110하순,2021,0.0030987859936749003,original
대파,대파(일반),202111상순,2021,0.0030452983240344066,original
대파,대파(일반),202111중순,2021,0.0032407823567366955,original
대파,대파(일반),202111하순,2021,0.0029729175091967094,original
대파,대파(일반),202112상순,2021,0.002894999957505142,original
대파,대파(일반),202112중순,2021,0.0028100180258781677,original
대파,대파(일반),202112하순,2021,0.002648830743536301,original
