시점,품목명,품종명,등급,거래단위,평년 평균가격(원),평균가격(원),거래금액(도매),거래금액(산지)
201801상순,건고추,화건,상품,30 kg,381666.666666666,590000.0,0.0,0.0
201801중순,건고추,화건,상품,30 kg,380809.666666666,590000.0,0.0,0.0
201801하순,건고추,화건,상품,30 kg,380000.0,590000.0,0.0,0.0
201802상순,건고추,화건,상품,30 kg,380000.0,590000.0,0.0,0.0
201802중순,건고추,화건,상품,30 kg,376666.666666666,590000.0,0.0,0.0
201802하순,건고추,화건,상품,30 kg,376666.666666666,580833.0,0.0,0.0
201803상순,건고추,화건,상품,30 kg,376666.666666666,563333.0,0.0,0.0
201803중순,건고추,화건,상품,30 kg,375208.333333333,575000.0,0.0,0.0
201803하순,건고추,화건,상품,30 kg,372333.333333333,575000.0,0.0,0.0
201804상순,건고추,화건,상품,30 kg,371000.0,575000.0,0.0,0.0
201804중순,건고추,화건,상품,30 kg,368143.0,575000.0,0.0,0.0
201804하순,건고추,화건,상품,30 kg,363762.0,575000.0,0.0,0.0
201805상순,건고추,화건,상품,30 kg,361619.0,575000.0,0.0,0.0
201805중순,건고추,화건,상품,30 kg,359333.333333333,575000.0,0.0,0.0
201805하순,건고추,화건,상품,30 kg,359333.333333333,575000.0,0.0,0.0
201806상순,건고추,화건,상품,30 kg,359666.666666666,591320.0,0.0,0.0
201806중순,건고추,화건,상품,30 kg,362458.333333333,599514.0,0.0,0.0
201806하순,건고추,화건,상품,30 kg,362666.666666666,600000.0,0.0,0.0
201807상순,건고추,화건,상품,30 kg,364333.333333333,600000.0,0.0,0.0
201807중순,건고추,화건,상품,30 kg,366166.666666666,599375.0,0.0,0.0
201807하순,건고추,화건,상품,30 kg,359792.333333333,590943.0,0.0,0.0
201808상순,건고추,화건,상품,30 kg,357631.0,601250.0,0.0,0.0
201808중순,건고추,화건,상품,30 kg,349952.333333333,605000.0,0.0,0.0
201808하순,건고추,화건,상품,30 kg,348927.666666666,600000.0,0.0,0.0
201809상순,건고추,화건,상품,30 kg,405678.666666666,771633.0,0.0,0.0
201809중순,건고추,화건,상품,30 kg,399555.666666666,670800.0,0.0,0.0
201809하순,건고추,화건,상품,30 kg,401381.0,651067.0,0.0,0.0
201810상순,건고추,화건,상품,30 kg,398889.0,628017.0,0.0,0.0
201810중순,건고추,화건,상품,30 kg,396270.0,616000.0,0.0,0.0
201810하순,건고추,화건,상품,30 kg,394333.333333333,608500.0,0.0,0.0
201811상순,건고추,화건,상품,30 kg,392666.666666666,593857.0,0.0,0.0
201811중순,건고추,화건,상품,30 kg,391208.333333333,586000.0,0.0,0.0
201811하순,건고추,화건,상품,30 kg,391000.0,588500.0,0.0,0.0
201812상순,건고추,화건,상품,30 kg,390285.666666666,599000.0,0.0,0.0
201812중순,건고추,화건,상품,30 kg,386254.0,601000.0,0.0,0.0
201812하순,건고추,화건,상품,30 kg,383750.0,601000.0,0.0,0.0
201901상순,건고추,화건,상품,30 kg,381666.666666666,598357.0,0.0,0.0
201901중순,건고추,화건,상품,30 kg,380809.666666666,593950.0,0.0,0.0
201901하순,건고추,화건,상품,30 kg,380000.0,581378.0,0.0,0.0
201902상순,건고추,화건,상품,30 kg,380000.0,578600.0,0.0,0.0
201902중순,건고추,화건,상품,30 kg,376666.666666666,581725.0,0.0,0.0
201902하순,건고추,화건,상품,30 kg,376666.666666666,588600.0,0.0,0.0
201903상순,건고추,화건,상품,30 kg,376666.666666666,588600.0,0.0,0.0
201903중순,건고추,화건,상품,30 kg,375208.333333333,588600.0,0.0,0.0
201903하순,건고추,화건,상품,30 kg,372333.333333333,585743.0,0.0,0.0
201904상순,건고추,화건,상품,30 kg,371000.0,578600.0,0.0,0.0
201904중순,건고추,화건,상품,30 kg,368143.0,577171.0,0.0,0.0
201904하순,건고추,화건,상품,30 kg,363762.0,573600.0,0.0,0.0
201905상순,건고추,화건,상품,30 kg,363000.0,573600.0,0.0,0.0
201905중순,건고추,화건,상품,30 kg,361666.666666666,573600.0,0.0,0.0
201905하순,건고추,화건,상품,30 kg,361666.666666666,573044.0,0.0,0.0
201906상순,건고추,화건,상품,30 kg,362000.0,568600.0,0.0,0.0
201906중순,건고추,화건,상품,30 kg,364791.666666666,567975.0,0.0,0.0
201906하순,건고추,화건,상품,30 kg,365000.0,563600.0,0.0,0.0
201907상순,건고추,화건,상품,30 kg,366666.666666666,561350.0,0.0,0.0
201907중순,건고추,화건,상품,30 kg,368500.0,560600.0,0.0,0.0
201907하순,건고추,화건,상품,30 kg,363375.666666666,559350.0,0.0,0.0
201908상순,건고추,화건,상품,30 kg,365916.666666666,538743.0,0.0,0.0
201908중순,건고추,화건,상품,30 kg,366476.0,516733.0,0.0,0.0
201908하순,건고추,화건,상품,30 kg,418140.833333333,493366.5,0.0,0.0
201909상순,건고추,화건,상품,30 kg,469805.666666666,470000.0,0.0,0.0
201909중순,건고추,화건,상품,30 kg,500805.666666666,470000.0,0.0,0.0
201909하순,건고추,화건,상품,30 kg,503403.333333333,460000.0,0.0,0.0
201910상순,건고추,화건,상품,30 kg,493228.0,430000.0,0.0,0.0
201910중순,건고추,화건,상품,30 kg,486603.333333333,430000.0,0.0,0.0
201910하순,건고추,화건,상품,30 kg,482537.0,431111.0,0.0,0.0
201911상순,건고추,화건,상품,30 kg,477285.666666666,432000.0,0.0,0.0
201911중순,건고추,화건,상품,30 kg,473208.333333333,432000.0,0.0,0.0
201911하순,건고추,화건,상품,30 kg,473833.333333333,433714.0,0.0,0.0
201912상순,건고추,화건,상품,30 kg,476619.0,435000.0,0.0,0.0
201912중순,건고추,화건,상품,30 kg,473254.0,435000.0,0.0,0.0
201912하순,건고추,화건,상품,30 kg,467361.0,429833.0,0.0,0.0
202001상순,건고추,화건,상품,30 kg,465000.0,401429.0,0.0,0.0
202001중순,건고추,화건,상품,30 kg,464143.0,400000.0,0.0,0.0
202001하순,건고추,화건,상품,30 kg,460459.333333333,398857.0,0.0,0.0
202002상순,건고추,화건,상품,30 kg,459533.333333333,396000.0,0.0,0.0
202002중순,건고추,화건,상품,30 kg,460575.0,396000.0,0.0,0.0
202002하순,건고추,화건,상품,30 kg,460277.666666666,401250.0,0.0,0.0
202003상순,건고추,화건,상품,30 kg,454444.333333333,399750.0,0.0,0.0
202003중순,건고추,화건,상품,30 kg,458333.333333333,399125.0,0.0,0.0
202003하순,건고추,화건,상품,30 kg,455666.666666666,403857.0,0.0,0.0
202004상순,건고추,화건,상품,30 kg,454333.333333333,406000.0,0.0,0.0
202004중순,건고추,화건,상품,30 kg,451476.333333333,406000.0,0.0,0.0
202004하순,건고추,화건,상품,30 kg,448295.333333333,406000.0,0.0,0.0
202005상순,건고추,화건,상품,30 kg,447533.333333333,406000.0,0.0,0.0
202005중순,건고추,화건,상품,30 kg,446200.0,406375.0,0.0,0.0
202005하순,건고추,화건,상품,30 kg,446014.666666666,409000.0,0.0,0.0
202006상순,건고추,화건,상품,30 kg,444533.333333333,428125.0,0.0,0.0
202006중순,건고추,화건,상품,30 kg,444325.0,446714.0,0.0,0.0
202006하순,건고추,화건,상품,30 kg,442866.666666666,453457.0,0.0,0.0
202007상순,건고추,화건,상품,30 kg,442116.666666666,451600.0,0.0,0.0
202007중순,건고추,화건,상품,30 kg,439366.666666666,451933.0,0.0,0.0
202007하순,건고추,화건,상품,30 kg,435973.666666666,453933.0,0.0,0.0
202008상순,건고추,화건,상품,30 kg,430831.0,472233.0,0.0,0.0
202008중순,건고추,화건,상품,30 kg,422768.0,656571.0,0.0,0.0
202008하순,건고추,화건,상품,30 kg,411104.2762195502,703571.0,0.0,0.0
202009상순,건고추,화건,상품,30 kg,476805.666666666,905650.0,0.0,0.0
202009중순,건고추,화건,상품,30 kg,511250.0,890800.0,0.0,0.0
202009하순,건고추,화건,상품,30 kg,508689.0,815114.0,0.0,0.0
202010상순,건고추,화건,상품,30 kg,490894.666666666,806000.0,0.0,0.0
202010중순,건고추,화건,상품,30 kg,485381.0,807057.0,0.0,0.0
202010하순,건고추,화건,상품,30 kg,482537.0,819750.0,0.0,0.0
202011상순,건고추,화건,상품,30 kg,477952.333333333,830629.0,0.0,0.0
202011중순,건고추,화건,상품,30 kg,473875.0,825750.0,0.0,0.0
202011하순,건고추,화건,상품,30 kg,475071.333333333,816467.0,0.0,0.0
202012상순,건고추,화건,상품,30 kg,479000.0,810371.0,0.0,0.0
202012중순,건고추,화건,상품,30 kg,479111.0,797800.0,0.0,0.0
202012하순,건고추,화건,상품,30 kg,472305.333333333,778150.0,0.0,0.0
202101상순,건고추,화건,상품,30 kg,460476.333333333,770400.0,0.0,0.0
202101중순,건고추,화건,상품,30 kg,460333.333333333,770400.0,0.0,0.0
202101하순,건고추,화건,상품,30 kg,456745.0,770400.0,0.0,0.0
202102상순,건고추,화건,상품,30 kg,454866.666666666,770400.0,0.0,0.0
202102중순,건고추,화건,상품,30 kg,455908.333333333,770400.0,0.0,0.0
202102하순,건고추,화건,상품,30 kg,457361.0,770400.0,0.0,0.0
202103상순,건고추,화건,상품,30 kg,451027.666666666,769686.0,0.0,0.0
202103중순,건고추,화건,상품,30 kg,454708.333333333,764029.0,0.0,0.0
202103하순,건고추,화건,상품,30 kg,453619.0,764000.0,0.0,0.0
202104상순,건고추,화건,상품,30 kg,453000.0,767800.0,0.0,0.0
202104중순,건고추,화건,상품,30 kg,450143.0,767800.0,0.0,0.0
202104하순,건고추,화건,상품,30 kg,446962.0,767800.0,0.0,0.0
202105상순,건고추,화건,상품,30 kg,446200.0,767800.0,0.0,0.0
202105중순,건고추,화건,상품,30 kg,444991.666666666,767800.0,0.0,0.0
202105하순,건고추,화건,상품,30 kg,445681.333333333,767800.0,0.0,0.0
202106상순,건고추,화건,상품,30 kg,450575.0,767800.0,0.0,0.0
202106중순,건고추,화건,상품,30 kg,456563.0,771133.0,0.0,0.0
202106하순,건고추,화건,상품,30 kg,457352.333333333,772800.0,0.0,0.0
202107상순,건고추,화건,상품,30 kg,455983.333333333,772800.0,0.0,0.0
202107중순,건고추,화건,상품,30 kg,453344.333333333,772800.0,0.0,0.0
202107하순,건고추,화건,상품,30 kg,450618.0,772800.0,0.0,0.0
202108상순,건고추,화건,상품,30 kg,451575.333333333,759943.0,0.0,0.0
202108중순,건고추,화건,상품,30 kg,488244.333333333,732243.0,0.0,0.0
202108하순,건고추,화건,상품,30 kg,0.0,602000.0,0.0,0.0
202109상순,건고추,화건,상품,30 kg,594433.333333333,599813.0,0.0,0.0
202109중순,건고추,화건,상품,30 kg,596516.666666666,587000.0,0.0,0.0
202109하순,건고추,화건,상품,30 kg,597022.333333333,580750.0,0.0,0.0
202110상순,건고추,화건,상품,30 kg,579339.0,578400.0,0.0,0.0
202110중순,건고추,화건,상품,30 kg,578250.0,562714.0,0.0,0.0
202110하순,건고추,화건,상품,30 kg,582727.333333333,558000.0,0.0,0.0
202111상순,건고추,화건,상품,30 kg,563202.333333333,558000.0,0.0,0.0
202111중순,건고추,화건,상품,30 kg,552944.333333333,558000.0,0.0,0.0
202111하순,건고추,화건,상품,30 kg,554071.333333333,565143.0,0.0,0.0
202112상순,건고추,화건,상품,30 kg,559000.0,570500.0,0.0,0.0
202112중순,건고추,화건,상품,30 kg,552000.0,570500.0,0.0,0.0
202112하순,건고추,화건,상품,30 kg,540555.333333333,560778.0,0.0,0.0
201801상순,사과,후지,상품,10 개,21461.6666666666,20361.0,18219.9677732767,0.0
201801중순,사과,후지,상품,10 개,22179.6666666666,20359.0,18147.4566870209,0.0
201801하순,사과,후지,상품,10 개,22917.6666666666,20653.0,21581.5011015886,0.0
201802상순,사과,후지,상품,10 개,23424.6666666666,20563.0,30585.1239534969,0.0
201802중순,사과,후지,상품,10 개,23201.6666666666,21779.0,26313.1427281815,0.0
201802하순,사과,후지,상품,10 개,22792.3333333333,21465.0,17834.3068495446,0.0
201803상순,사과,후지,상품,10 개,22616.3333333333,21384.0,17032.6398932899,0.0
201803중순,사과,후지,상품,10 개,22322.0,20695.0,16263.1520002672,0.0
201803하순,사과,후지,상품,10 개,21930.3333333333,20794.0,16395.7560105,0.0
201804상순,사과,후지,상품,10 개,21921.6666666666,19019.0,16227.2442066239,0.0
201804중순,사과,후지,상품,10 개,22252.6666666666,19208.0,17331.609391125,0.0
201804하순,사과,후지,상품,10 개,22566.0,19154.0,17832.4390067059,0.0
201805상순,사과,후지,상품,10 개,22600.6666666666,19074.0,17418.8433947319,0.0
201805중순,사과,후지,상품,10 개,22759.3333333333,18943.0,17493.436364435598,0.0
201805하순,사과,후지,상품,10 개,23036.0,18681.0,17918.2497525637,0.0
201806상순,사과,후지,상품,10 개,23094.0,19018.0,17339.4155111392,0.0
201806중순,사과,후지,상품,10 개,23656.0,19762.0,17176.9128047639,0.0
201806하순,사과,후지,상품,10 개,24442.6666666666,19393.0,15686.1322332064,0.0
201807상순,사과,후지,상품,10 개,24864.6666666666,19508.0,15353.6181955847,0.0
201807중순,사과,후지,상품,10 개,25152.6666666666,19496.0,13020.5795087697,0.0
201807하순,사과,후지,상품,10 개,25347.0,19680.0,13834.9693631913,0.0
201808상순,사과,후지,상품,10 개,25500.3333333333,20287.0,15725.7538654217,0.0
201808중순,사과,후지,상품,10 개,25584.0,20956.0,20070.3826955074,0.0
201808하순,사과,후지,상품,10 개,25163.6666666666,21807.0,18687.8767949431,0.0
201809상순,사과,후지,상품,10 개,0.0,21299.0,18038.3655229871,0.0
201809중순,사과,홍로,상품,10 개,22201.3333333333,26228.0,30546.3548891945,0.0
201809하순,사과,홍로,상품,10 개,21663.3333333333,26219.0,27977.6030596156,0.0
201810상순,사과,홍로,상품,10 개,20847.6666666666,25411.0,10749.2306495539,0.0
201810중순,사과,홍로,상품,10 개,19957.0,22474.0,11254.8633007855,0.0
201810하순,사과,후지,상품,10 개,0.0,22336.0,21599.5687984204,0.0
201811상순,사과,후지,상품,10 개,19883.0,21791.0,19558.741897189,0.0
201811중순,사과,후지,상품,10 개,19865.3333333333,22815.0,17984.3181769327,0.0
201811하순,사과,후지,상품,10 개,20430.0,23070.0,18414.0084144226,0.0
201812상순,사과,후지,상품,10 개,20102.6666666666,22840.0,19357.122543225,0.0
201812중순,사과,후지,상품,10 개,20100.3333333333,22237.0,19728.2620059395,0.0
201812하순,사과,후지,상품,10 개,20250.6666666666,21908.0,18991.6316764521,0.0
201901상순,사과,후지,상품,10 개,20696.6666666666,22487.0,22479.46393031,0.0
201901중순,사과,후지,상품,10 개,20851.0,23655.0,26943.3281146712,0.0
201901하순,사과,후지,상품,10 개,21606.6666666666,25155.0,35394.6848609027,0.0
201902상순,사과,후지,상품,10 개,22033.3333333333,26059.0,32021.0880459502,0.0
201902중순,사과,후지,상품,10 개,22334.6666666666,24721.0,20557.4324332375,0.0
201902하순,사과,후지,상품,10 개,21610.0,24274.0,18670.9092077768,0.0
201903상순,사과,후지,상품,10 개,21707.3333333333,24027.0,19540.1554617644,0.0
201903중순,사과,후지,상품,10 개,21438.3333333333,24501.0,19902.0833811583,0.0
201903하순,사과,후지,상품,10 개,21247.0,24797.0,19985.5827632429,0.0
201904상순,사과,후지,상품,10 개,20653.3333333333,24550.0,21303.1478276925,0.0
201904중순,사과,후지,상품,10 개,20791.3333333333,24522.0,20290.2064443956,0.0
201904하순,사과,후지,상품,10 개,20969.0,25049.0,20596.098108779403,0.0
201905상순,사과,후지,상품,10 개,20859.3333333333,24884.0,21611.8367704472,0.0
201905중순,사과,후지,상품,10 개,20961.3333333333,24801.0,19412.3064343867,0.0
201905하순,사과,후지,상품,10 개,21147.6666666666,24563.0,21069.0320996558,0.0
201906상순,사과,후지,상품,10 개,21271.0,25007.0,22058.9916811362,0.0
201906중순,사과,후지,상품,10 개,21896.0,25248.0,21464.675200577894,0.0
201906하순,사과,후지,상품,10 개,22429.0,25287.0,20225.5563393501,0.0
201907상순,사과,후지,상품,10 개,22869.6666666666,25319.0,20689.4129854095,0.0
201907중순,사과,후지,상품,10 개,23066.0,25760.0,19426.2550588127,0.0
201907하순,사과,후지,상품,10 개,23229.6666666666,25340.0,18761.4862996923,0.0
201908상순,사과,후지,상품,10 개,23778.3333333333,25279.0,19900.9486668357,0.0
201908중순,사과,후지,상품,10 개,24041.0,25974.0,18306.6933263148,0.0
201908하순,사과,후지,상품,10 개,23489.6666666666,26672.0,17526.337696757502,0.0
201909상순,사과,후지,상품,10 개,0.0,25700.0,24117.3071681657,0.0
201909중순,사과,홍로,상품,10 개,22687.3333333333,22939.0,10504.1148901769,0.0
201909하순,사과,홍로,상품,10 개,21663.3333333333,20127.0,10779.1822937283,0.0
201910상순,사과,홍로,상품,10 개,21509.6666666666,18516.0,13582.8466485593,0.0
201910중순,사과,홍로,상품,10 개,20813.6666666666,17644.0,14859.7894102201,0.0
201910하순,사과,후지,상품,10 개,0.0,18986.0,19133.4289809838,0.0
201911상순,사과,후지,상품,10 개,20334.3333333333,19086.0,16906.1277278651,0.0
201911중순,사과,후지,상품,10 개,20160.0,18829.0,14608.9283343197,0.0
201911하순,사과,후지,상품,10 개,20430.0,18390.0,13406.4140063006,0.0
201912상순,사과,후지,상품,10 개,20102.6666666666,17583.0,15069.307865057,0.0
201912중순,사과,후지,상품,10 개,20100.3333333333,17745.0,14765.8113487203,0.0
201912하순,사과,후지,상품,10 개,20250.6666666666,18227.0,16004.870646050698,0.0
202001상순,사과,후지,상품,10 개,20696.6666666666,18290.0,22515.058433018,0.0
202001중순,사과,후지,상품,10 개,20851.0,18508.0,25599.186306933403,0.0
202001하순,사과,후지,상품,10 개,21606.6666666666,20625.0,24090.3344845924,0.0
202002상순,사과,후지,상품,10 개,22033.3333333333,20006.0,16104.6054036559,0.0
202002중순,사과,후지,상품,10 개,22716.6666666666,20348.0,15121.0829134205,0.0
202002하순,사과,후지,상품,10 개,22289.3333333333,20120.0,17191.862573414903,0.0
202003상순,사과,후지,상품,10 개,22160.3333333333,19667.0,18095.8407917897,0.0
202003중순,사과,후지,상품,10 개,21629.0,19802.0,17037.0903270239,0.0
202003하순,사과,후지,상품,10 개,21319.3333333333,19988.0,17792.4873472848,0.0
202004상순,사과,후지,상품,10 개,20676.6666666666,20251.0,18843.9059581736,0.0
202004중순,사과,후지,상품,10 개,20936.3333333333,20484.0,20913.8163519211,0.0
202004하순,사과,후지,상품,10 개,21238.3333333333,20518.0,22150.3772869164,0.0
202005상순,사과,후지,상품,10 개,21508.3333333333,20940.0,25813.5589755954,0.0
202005중순,사과,후지,상품,10 개,21448.6666666666,21526.0,26755.4130368657,0.0
202005하순,사과,후지,상품,10 개,21296.6666666666,21783.0,29746.420627040603,0.0
202006상순,사과,후지,상품,10 개,21332.0,22451.0,30810.1106036142,0.0
202006중순,사과,후지,상품,10 개,21944.3333333333,22908.0,31427.559535709,0.0
202006하순,사과,후지,상품,10 개,22429.0,23682.0,33000.230815371404,0.0
202007상순,사과,후지,상품,10 개,22825.6666666666,24879.0,37910.9751982453,0.0
202007중순,사과,후지,상품,10 개,22995.0,26075.0,39681.5943325296,0.0
202007하순,사과,후지,상품,10 개,22970.6666666666,26973.0,38862.6929856313,0.0
202008상순,사과,후지,상품,10 개,23419.3333333333,27768.0,38752.7956634197,0.0
202008중순,사과,후지,상품,10 개,23929.6666666666,27649.0,39011.7723934237,0.0
202008하순,사과,후지,상품,10 개,23489.6666666666,26514.0,29276.6983449012,0.0
202009상순,사과,홍로,상품,10 개,23844.3333333333,30369.0,34207.414198848,0.0
202009중순,사과,홍로,상품,10 개,23123.0,29944.0,38537.1785677048,0.0
202009하순,사과,홍로,상품,10 개,21663.3333333333,32610.0,49543.3364022445,0.0
202010상순,사과,홍로,상품,10 개,21509.6666666666,30579.0,31552.263779403904,0.0
202010중순,사과,홍로,상품,10 개,20813.6666666666,29534.0,22914.3559863155,0.0
202010하순,사과,후지,상품,10 개,0.0,29715.0,27524.3264072258,0.0
202011상순,사과,후지,상품,10 개,20129.6666666666,29099.0,24740.156940286903,0.0
202011중순,사과,후지,상품,10 개,20126.3333333333,27159.0,23490.9090806802,0.0
202011하순,사과,후지,상품,10 개,19863.6666666666,26942.0,25863.913196915302,0.0
202012상순,사과,후지,상품,10 개,19611.6666666666,26543.0,28875.7347415482,0.0
202012중순,사과,후지,상품,10 개,19575.3333333333,27134.0,29722.019449895302,0.0
202012하순,사과,후지,상품,10 개,19822.6666666666,27935.0,29979.9170015942,0.0
202101상순,사과,후지,상품,10 개,19678.0,28046.0,32052.519372192102,0.0
202101중순,사과,후지,상품,10 개,20233.6666666666,29954.0,33751.2405181036,0.0
202101하순,사과,후지,상품,10 개,21138.3333333333,32624.0,45687.0852348624,0.0
202102상순,사과,후지,상품,10 개,20934.3333333333,35339.0,50652.9304956534,0.0
202102중순,사과,후지,상품,10 개,21259.0,34097.0,33857.3485027572,0.0
202102하순,사과,후지,상품,10 개,20904.6666666666,33901.0,33530.7883394351,0.0
202103상순,사과,후지,상품,10 개,20707.0,33066.0,30879.875840854103,0.0
202103중순,사과,후지,상품,10 개,20447.6666666666,32917.0,29706.5740409629,0.0
202103하순,사과,후지,상품,10 개,20367.3333333333,33668.0,28464.1360714073,0.0
202104상순,사과,후지,상품,10 개,19819.0,34642.0,29936.7111638198,0.0
202104중순,사과,후지,상품,10 개,19900.3333333333,34038.0,30476.6813424678,0.0
202104하순,사과,후지,상품,10 개,20096.0,34235.0,28574.8355794034,0.0
202105상순,사과,후지,상품,10 개,20389.0,34263.0,29645.6187009552,0.0
202105중순,사과,후지,상품,10 개,20511.6666666666,34386.0,28267.036122323203,0.0
202105하순,사과,후지,상품,10 개,20442.3333333333,32823.0,27587.958773594,0.0
202106상순,사과,후지,상품,10 개,20576.6666666666,33013.0,27115.4489432912,0.0
202106중순,사과,후지,상품,10 개,21233.0,34023.0,23416.8851236276,0.0
202106하순,사과,후지,상품,10 개,21974.6666666666,33554.0,20992.0309795068,0.0
202107상순,사과,후지,상품,10 개,22679.0,33200.0,20311.5572209494,0.0
202107중순,사과,후지,상품,10 개,22995.0,33300.0,15095.2413231941,0.0
202107하순,사과,후지,상품,10 개,22970.6666666666,33472.0,13986.4036369967,0.0
202108상순,사과,후지,상품,10 개,23419.3333333333,32511.0,18125.1035775381,0.0
202108중순,사과,후지,상품,10 개,23929.6666666666,31031.0,17326.874974264098,0.0
202108하순,사과,후지,상품,10 개,23650.6666666666,30531.0,13202.9094301215,0.0
202109상순,사과,홍로,상품,10 개,24993.0,24907.0,25106.5466834626,0.0
202109중순,사과,홍로,상품,10 개,24813.0,26407.0,30947.6382962255,0.0
202109하순,사과,홍로,상품,10 개,23096.3333333333,27970.0,13958.9602370313,0.0
202110상순,사과,홍로,상품,10 개,22781.3333333333,25009.0,11686.8975777747,0.0
202110중순,사과,홍로,상품,10 개,21546.3333333333,23608.0,15852.4744264088,0.0
202110하순,사과,홍로,상품,10 개,20837.99999999995,24748.5,15480.8394497104,0.0
202111상순,사과,후지,상품,10 개,20129.6666666666,25889.0,21932.2997628986,0.0
202111중순,사과,후지,상품,10 개,20743.6666666666,26004.0,21459.446244403294,0.0
202111하순,사과,후지,상품,10 개,20673.0,25494.0,20468.5948552419,0.0
202112상순,사과,후지,상품,10 개,20539.6666666666,26144.0,21894.178871560296,0.0
202112중순,사과,후지,상품,10 개,20197.0,26177.0,21718.9548484754,0.0
202112하순,사과,후지,상품,10 개,20237.3333333333,25952.0,23778.762100539603,0.0
201801상순,감자,감자 수미,상,20키로상자,24660.0317460317,44170.2857142857,0.0,0.0
201801중순,감자,감자 수미,상,20키로상자,23299.4444444444,48283.7777777777,0.0,0.0
201801하순,감자,감자 수미,상,20키로상자,25218.0074074074,50243.0,0.0,0.0
201802상순,감자,감자 수미,상,20키로상자,28703.875,55380.6666666666,0.0,0.0
201802중순,감자,감자 수미,상,20키로상자,27419.8822751322,59133.0,0.0,0.0
201802하순,감자,감자 수미,상,20키로상자,29378.6666666666,60486.7142857142,0.0,0.0
201803상순,감자,감자 수미,상,20키로상자,29317.5277777777,64069.7777777777,0.0,0.0
201803중순,감자,감자 수미,상,20키로상자,30453.6944444444,70821.5,0.0,0.0
201803하순,감자,감자 수미,상,20키로상자,35062.6,92194.7,0.0,0.0
201804상순,감자,감자 수미,상,20키로상자,34148.787037037,115127.75,0.0,0.0
201804중순,감자,감자 수미,상,20키로상자,32486.3703703703,109036.555555555,0.0,0.0
201804하순,감자,감자 수미,상,20키로상자,33455.949074074,98434.25,0.0,0.0
201805상순,감자,감자 수미,상,20키로상자,35158.8379629629,74557.5555555555,0.0,0.0
201805중순,감자,감자 수미,상,20키로상자,37978.3888888888,50940.125,0.0,0.0
201805하순,감자,감자 수미,상,20키로상자,28350.574074074,41498.0,0.0,0.0
201806상순,감자,감자 수미,상,20키로상자,23804.949074074,25062.25,0.0,0.0
201806중순,감자,감자 수미,상,20키로상자,20516.5509259259,23764.6666666666,0.0,0.0
201806하순,감자,감자 수미,상,20키로상자,17564.2824074074,23870.0,0.0,0.0
201807상순,감자,감자 수미,상,20키로상자,17505.1296296296,24741.5,0.0,0.0
201807중순,감자,감자 수미,상,20키로상자,17983.7453703703,24151.8888888888,0.0,0.0
201807하순,감자,감자 수미,상,20키로상자,19177.6074074074,28255.1111111111,0.0,0.0
201808상순,감자,감자 수미,상,20키로상자,19619.6084656084,37492.5,0.0,0.0
201808중순,감자,감자 수미,상,20키로상자,20299.2962962962,37474.0,0.0,0.0
201808하순,감자,감자 수미,상,20키로상자,20281.9259259259,42553.9,0.0,0.0
201809상순,감자,감자 수미,상,20키로상자,20210.3888888888,40545.0,0.0,0.0
201809중순,감자,감자 수미,상,20키로상자,20119.7071428571,40888.3333333333,0.0,0.0
201809하순,감자,감자 수미,상,20키로상자,20534.7724867724,43794.2,0.0,0.0
201810상순,감자,감자 수미,상,20키로상자,19225.574074074,39750.7777777777,0.0,0.0
201810중순,감자,감자 수미,상,20키로상자,19836.75,38609.5555555555,0.0,0.0
201810하순,감자,감자 수미,상,20키로상자,20383.8407407407,38498.5555555555,0.0,0.0
201811상순,감자,감자 수미,상,20키로상자,22684.6481481481,43583.2222222222,0.0,0.0
201811중순,감자,감자 수미,상,20키로상자,23339.4768518518,42668.375,0.0,0.0
201811하순,감자,감자 수미,상,20키로상자,24387.2129629629,40473.0,0.0,0.0
201812상순,감자,감자 수미,상,20키로상자,24987.8888888888,39453.75,0.0,0.0
201812중순,감자,감자 수미,상,20키로상자,24233.0046296296,42736.0,0.0,0.0
201812하순,감자,감자 수미,상,20키로상자,25547.3185185185,42905.4444444444,0.0,0.0
201901상순,감자,감자 수미,상,20키로상자,26176.0793650793,42425.8571428571,0.0,0.0
201901중순,감자,감자 수미,상,20키로상자,25604.1203703703,39410.625,0.0,0.0
201901하순,감자,감자 수미,상,20키로상자,28817.3185185185,40487.0,0.0,0.0
201902상순,감자,감자 수미,상,20키로상자,32006.7129629629,42759.8,0.0,0.0
201902중순,감자,감자 수미,상,20키로상자,30440.2156084656,42351.4444444444,0.0,0.0
201902하순,감자,감자 수미,상,20키로상자,32121.6904761904,41386.4285714285,0.0,0.0
201903상순,감자,감자 수미,상,20키로상자,34324.9814814814,49899.75,0.0,0.0
201903중순,감자,감자 수미,상,20키로상자,36563.9907407407,57439.0,0.0,0.0
201903하순,감자,감자 수미,상,20키로상자,40465.9333333333,64747.0,0.0,0.0
201904상순,감자,감자 수미,상,20키로상자,39218.5277777777,60224.3333333333,0.0,0.0
201904중순,감자,감자 수미,상,20키로상자,41861.6898148148,51644.0,0.0,0.0
201904하순,감자,감자 수미,상,20키로상자,41598.7407407407,41836.0,0.0,0.0
201905상순,감자,감자 수미,상,20키로상자,42902.0694444444,43263.3333333333,0.0,0.0
201905중순,감자,감자 수미,상,20키로상자,44515.9305555555,43274.625,0.0,0.0
201905하순,감자,감자 수미,상,20키로상자,33195.074074074,29787.3,0.0,0.0
201906상순,감자,감자 수미,상,20키로상자,25265.2916666666,21312.5,0.0,0.0
201906중순,감자,감자 수미,상,20키로상자,21960.8472222222,18377.0,0.0,0.0
201906하순,감자,감자 수미,상,20키로상자,20506.199074074,19100.25,0.0,0.0
201907상순,감자,감자 수미,상,20키로상자,20470.7962962962,16363.6666666666,0.0,0.0
201907중순,감자,감자 수미,상,20키로상자,21377.3379629629,19713.4444444444,0.0,0.0
201907하순,감자,감자 수미,상,20키로상자,23308.0888888888,19781.8888888888,0.0,0.0
201908상순,감자,감자 수미,상,20키로상자,24084.1964285714,18478.875,0.0,0.0
201908중순,감자,감자 수미,상,20키로상자,25620.9259259259,18589.375,0.0,0.0
201908하순,감자,감자 수미,상,20키로상자,25909.4518518518,16749.9,0.0,0.0
201909상순,감자,감자 수미,상,20키로상자,25125.0138888888,17472.125,0.0,0.0
201909중순,감자,감자 수미,상,20키로상자,25032.3314814814,17827.0,0.0,0.0
201909하순,감자,감자 수미,상,20키로상자,25670.5608465608,16790.875,0.0,0.0
201910상순,감자,감자 수미,상,20키로상자,25920.5592592592,16971.6666666666,0.0,0.0
201910중순,감자,감자 수미,상,20키로상자,25901.1574074074,18049.625,0.0,0.0
201910하순,감자,감자 수미,상,20키로상자,25829.5814814814,16343.6,0.0,0.0
201911상순,감자,감자 수미,상,20키로상자,27781.1712962962,19046.625,0.0,0.0
201911중순,감자,감자 수미,상,20키로상자,28977.2592592592,19557.1111111111,0.0,0.0
201911하순,감자,감자 수미,상,20키로상자,30899.287037037,20174.5555555555,0.0,0.0
201912상순,감자,감자 수미,상,20키로상자,30608.2731481481,20087.875,0.0,0.0
201912중순,감자,감자 수미,상,20키로상자,31817.0416666666,18996.0,0.0,0.0
201912하순,감자,감자 수미,상,20키로상자,32817.6148148148,23131.5555555555,0.0,0.0
202001상순,감자,감자 수미,상,20키로상자,32968.8095238095,25534.5714285714,0.0,0.0
202001중순,감자,감자 수미,상,20키로상자,31513.2453703703,31222.625,0.0,0.0
202001하순,감자,감자 수미,상,20키로상자,33510.0185185185,25292.625,0.0,0.0
202002상순,감자,감자 수미,상,20키로상자,35691.7296296296,32808.625,0.0,0.0
202002중순,감자,감자 수미,상,20키로상자,34849.9933862433,31611.1111111111,0.0,0.0
202002하순,감자,감자 수미,상,20키로상자,35716.0238095238,47156.75,0.0,0.0
202003상순,감자,감자 수미,상,20키로상자,41217.787037037,39013.875,0.0,0.0
202003중순,감자,감자 수미,상,20키로상자,44528.8657407407,42721.7777777777,0.0,0.0
202003하순,감자,감자 수미,상,20키로상자,49818.0666666666,44674.3333333333,0.0,0.0
202004상순,감자,감자 수미,상,20키로상자,46707.8055555555,41647.0,0.0,0.0
202004중순,감자,감자 수미,상,20키로상자,47278.5046296296,45116.75,0.0,0.0
202004하순,감자,감자 수미,상,20키로상자,44104.6666666666,49584.4444444444,0.0,0.0
202005상순,감자,감자 수미,상,20키로상자,45690.3055555555,48522.75,0.0,0.0
202005중순,감자,감자 수미,상,20키로상자,47913.3611111111,43740.4444444444,0.0,0.0
202005하순,감자,감자 수미,상,20키로상자,34731.6925925926,28288.2222222222,0.0,0.0
202006상순,감자,감자 수미,상,20키로상자,25102.9166666666,27899.2222222222,0.0,0.0
202006중순,감자,감자 수미,상,20키로상자,22015.4305555555,25177.1111111111,0.0,0.0
202006하순,감자,감자 수미,상,20키로상자,21779.2083333333,20325.5,0.0,0.0
202007상순,감자,감자 수미,상,20키로상자,20240.8703703703,19618.4444444444,0.0,0.0
202007중순,감자,감자 수미,상,20키로상자,21934.5277777777,20345.875,0.0,0.0
202007하순,감자,감자 수미,상,20키로상자,23553.7851851851,22674.9,0.0,0.0
202008상순,감자,감자 수미,상,20키로상자,23731.1071428571,27167.5714285714,0.0,0.0
202008중순,감자,감자 수미,상,20키로상자,25309.074074074,29195.1111111111,0.0,0.0
202008하순,감자,감자 수미,상,20키로상자,25821.7851851851,30142.6666666666,0.0,0.0
202009상순,감자,감자 수미,상,20키로상자,25125.0138888888,29065.1111111111,0.0,0.0
202009중순,감자,감자 수미,상,20키로상자,25032.3314814814,30463.625,0.0,0.0
202009하순,감자,감자 수미,상,20키로상자,25670.5608465608,32092.7777777777,0.0,0.0
202010상순,감자,감자 수미,상,20키로상자,25920.5592592592,30682.3333333333,0.0,0.0
202010중순,감자,감자 수미,상,20키로상자,25901.1574074074,27132.75,0.0,0.0
202010하순,감자,감자 수미,상,20키로상자,25829.5814814814,28129.3,0.0,0.0
202011상순,감자,감자 수미,상,20키로상자,27781.1712962962,28878.875,0.0,0.0
202011중순,감자,감자 수미,상,20키로상자,28977.2592592592,28705.3333333333,0.0,0.0
202011하순,감자,감자 수미,상,20키로상자,30899.287037037,28987.25,0.0,0.0
202012상순,감자,감자 수미,상,20키로상자,30608.2731481481,28334.0,0.0,0.0
202012중순,감자,감자 수미,상,20키로상자,31817.0416666666,27792.625,0.0,0.0
202012하순,감자,감자 수미,상,20키로상자,32817.6148148148,29702.2,0.0,0.0
202101상순,감자,감자 수미,상,20키로상자,32968.8095238095,40769.1666666666,0.0,0.0
202101중순,감자,감자 수미,상,20키로상자,33322.3425925925,42077.3333333333,0.0,0.0
202101하순,감자,감자 수미,상,20키로상자,33510.0185185185,38563.3333333333,0.0,0.0
202102상순,감자,감자 수미,상,20키로상자,35970.4379629629,44619.1111111111,0.0,0.0
202102중순,감자,감자 수미,상,20키로상자,34875.9351851851,37598.1428571428,0.0,0.0
202102하순,감자,감자 수미,상,20키로상자,39999.1071428571,46297.3333333333,0.0,0.0
202103상순,감자,감자 수미,상,20키로상자,42276.912037037,41993.2222222222,0.0,0.0
202103중순,감자,감자 수미,상,20키로상자,45073.0509259259,44973.8888888888,0.0,0.0
202103하순,감자,감자 수미,상,20키로상자,49147.5111111111,50238.6666666666,0.0,0.0
202104상순,감자,감자 수미,상,20키로상자,46562.0277777777,52161.5555555555,0.0,0.0
202104중순,감자,감자 수미,상,20키로상자,44204.2129629629,49735.625,0.0,0.0
202104하순,감자,감자 수미,상,20키로상자,43029.4814814814,39849.5555555555,0.0,0.0
202105상순,감자,감자 수미,상,20키로상자,44544.1388888889,35688.375,0.0,0.0
202105중순,감자,감자 수미,상,20키로상자,45513.4675925925,30354.8888888888,0.0,0.0
202105하순,감자,감자 수미,상,20키로상자,31011.7666666666,26344.8888888888,0.0,0.0
202106상순,감자,감자 수미,상,20키로상자,24757.9907407407,20955.6666666666,0.0,0.0
202106중순,감자,감자 수미,상,20키로상자,22015.4305555555,18250.875,0.0,0.0
202106하순,감자,감자 수미,상,20키로상자,21098.5833333333,19178.3333333333,0.0,0.0
202107상순,감자,감자 수미,상,20키로상자,20241.2037037037,20931.2222222222,0.0,0.0
202107중순,감자,감자 수미,상,20키로상자,21403.7361111111,20168.75,0.0,0.0
202107하순,감자,감자 수미,상,20키로상자,23434.8185185185,23343.8,0.0,0.0
202108상순,감자,감자 수미,상,20키로상자,25682.7738095238,28258.0,0.0,0.0
202108중순,감자,감자 수미,상,20키로상자,27594.074074074,29960.0,0.0,0.0
202108하순,감자,감자 수미,상,20키로상자,28767.8962962963,28987.1111111111,0.0,0.0
202109상순,감자,감자 수미,상,20키로상자,28106.125,29590.0,0.0,0.0
202109중순,감자,감자 수미,상,20키로상자,28510.6231481481,31365.1428571428,0.0,0.0
202109하순,감자,감자 수미,상,20키로상자,29588.6296296296,30398.0,0.0,0.0
202110상순,감자,감자 수미,상,20키로상자,29318.0777777777,28628.375,0.0,0.0
202110중순,감자,감자 수미,상,20키로상자,28189.9907407407,29441.5555555555,0.0,0.0
202110하순,감자,감자 수미,상,20키로상자,28143.2481481481,28299.8888888888,0.0,0.0
202111상순,감자,감자 수미,상,20키로상자,29376.9212962962,30181.4444444444,0.0,0.0
202111중순,감자,감자 수미,상,20키로상자,30634.7777777777,33761.3333333333,0.0,0.0
202111하순,감자,감자 수미,상,20키로상자,32139.787037037,36023.875,0.0,0.0
202112상순,감자,감자 수미,상,20키로상자,31688.6435185185,35233.6666666666,0.0,0.0
202112중순,감자,감자 수미,상,20키로상자,33251.9166666666,32679.125,0.0,0.0
202112하순,감자,감자 수미,상,20키로상자,34313.1814814814,42440.6,0.0,0.0
201801상순,배,신고,상품,10 개,30268.0,28312.0,15240.4478885752,0.0
201801중순,배,신고,상품,10 개,30860.6666666666,28290.0,14397.9518997556,0.0
201801하순,배,신고,상품,10 개,31317.0,28324.0,17210.371778609202,0.0
201802상순,배,신고,상품,10 개,31357.6666666666,28113.0,20118.0033350383,0.0
201802중순,배,신고,상품,10 개,31211.6666666666,28294.0,18017.2229574945,0.0
201802하순,배,신고,상품,10 개,31967.3333333333,28129.0,12596.3291131809,0.0
201803상순,배,신고,상품,10 개,32321.3333333333,27435.0,13018.4682863856,0.0
201803중순,배,신고,상품,10 개,32322.3333333333,27543.0,13133.6050609788,0.0
201803하순,배,신고,상품,10 개,32394.3333333333,27942.0,13071.7049992776,0.0
201804상순,배,신고,상품,10 개,31896.3333333333,28129.0,12358.862124758,0.0
201804중순,배,신고,상품,10 개,32196.6666666666,28140.0,13650.5288294296,0.0
201804하순,배,신고,상품,10 개,32624.6666666666,27779.0,13312.7476553622,0.0
201805상순,배,신고,상품,10 개,32975.3333333333,28143.0,13539.1167565252,0.0
201805중순,배,신고,상품,10 개,33336.6666666666,28288.0,13671.7462804137,0.0
201805하순,배,신고,상품,10 개,33922.0,28179.0,14400.61621024,0.0
201806상순,배,신고,상품,10 개,34593.3333333333,27790.0,14782.3943132475,0.0
201806중순,배,신고,상품,10 개,35066.3333333333,27844.0,14379.705956385202,0.0
201806하순,배,신고,상품,10 개,35475.6666666666,28322.0,12292.0278473598,0.0
201807상순,배,신고,상품,10 개,35735.0,28555.0,11354.1780588675,0.0
201807중순,배,신고,상품,10 개,36165.6666666666,28595.0,9681.45065585045,0.0
201807하순,배,신고,상품,10 개,36159.6666666666,28632.0,10096.1107634635,0.0
201808상순,배,신고,상품,10 개,36170.3333333333,28352.0,12134.3255169998,0.0
201808중순,배,신고,상품,10 개,35257.6666666666,28464.0,14317.6599278707,0.0
201808하순,배,신고,상품,10 개,33252.6666666666,28192.0,17536.0180788874,0.0
201809상순,배,신고,상품,10 개,31970.6666666666,26699.0,26692.9144901275,0.0
201809중순,배,신고,상품,10 개,29951.3333333333,35206.0,30375.8125067629,0.0
201809하순,배,신고,상품,10 개,30185.6666666666,36263.0,26043.0412016123,0.0
201810상순,배,신고,상품,10 개,30057.3333333333,35528.0,15704.377415696,0.0
201810중순,배,신고,상품,10 개,29397.0,33137.0,14141.079198828,0.0
201810하순,배,신고,상품,10 개,28426.6666666666,33051.0,14903.9226259837,0.0
201811상순,배,신고,상품,10 개,27857.6666666666,33505.0,17874.5102947542,0.0
201811중순,배,신고,상품,10 개,27793.6666666666,33602.0,19486.7122792956,0.0
201811하순,배,신고,상품,10 개,28277.3333333333,34202.0,20806.4352635708,0.0
201812상순,배,신고,상품,10 개,28713.6666666666,34577.0,22358.7767485331,0.0
201812중순,배,신고,상품,10 개,29312.6666666666,35128.0,22813.569237472697,0.0
201812하순,배,신고,상품,10 개,29397.6666666666,36299.0,22116.730766936897,0.0
201901상순,배,신고,상품,10 개,29738.6666666666,36310.0,25762.5281466206,0.0
201901중순,배,신고,상품,10 개,29721.0,36997.0,30434.2538817019,0.0
201901하순,배,신고,상품,10 개,30387.3333333333,39020.0,33461.3560714821,0.0
201902상순,배,신고,상품,10 개,30763.3333333333,40269.0,31370.015604825,0.0
201902중순,배,신고,상품,10 개,30434.6666666666,38450.0,23136.5863877522,0.0
201902하순,배,신고,상품,10 개,31059.3333333333,38635.0,24310.4646812503,0.0
201903상순,배,신고,상품,10 개,31550.3333333333,38477.0,25075.5792269857,0.0
201903중순,배,신고,상품,10 개,31180.6666666666,38730.0,24949.3119255845,0.0
201903하순,배,신고,상품,10 개,31139.0,38835.0,24161.4005381119,0.0
201904상순,배,신고,상품,10 개,30531.0,38855.0,24957.4529745146,0.0
201904중순,배,신고,상품,10 개,30333.3333333333,38745.0,26257.670590477603,0.0
201904하순,배,신고,상품,10 개,30569.0,38809.0,26396.1287798293,0.0
201905상순,배,신고,상품,10 개,30930.0,39511.0,26840.0556897965,0.0
201905중순,배,신고,상품,10 개,31311.6666666666,39963.0,27070.0779788493,0.0
201905하순,배,신고,상품,10 개,31906.0,39913.0,29544.871408788094,0.0
201906상순,배,신고,상품,10 개,32499.6666666666,40033.0,33679.8397845498,0.0
201906중순,배,신고,상품,10 개,32972.6666666666,41507.0,34952.0734569847,0.0
201906하순,배,신고,상품,10 개,33396.0,43013.0,34791.6252901799,0.0
201907상순,배,신고,상품,10 개,33741.0,43830.0,36732.7326192191,0.0
201907중순,배,신고,상품,10 개,34130.0,44998.0,35436.3715771002,0.0
201907하순,배,신고,상품,10 개,33537.3333333333,45877.0,36959.2826627634,0.0
201908상순,배,신고,상품,10 개,33353.6666666666,45823.0,36129.4799403595,0.0
201908중순,배,신고,상품,10 개,32948.3333333333,45736.0,23389.384717508503,0.0
201908하순,배,신고,상품,10 개,31131.3333333333,43486.0,29897.850836257498,0.0
201909상순,배,신고,상품,10 개,30056.3333333333,36613.0,25527.169312171,0.0
201909중순,배,신고,상품,10 개,29951.3333333333,34958.0,20460.5108219405,0.0
201909하순,배,신고,상품,10 개,30185.6666666666,34803.0,14462.8898588661,0.0
201910상순,배,신고,상품,10 개,30057.3333333333,33689.0,14156.4285762328,0.0
201910중순,배,신고,상품,10 개,29397.0,32626.0,14987.8198081714,0.0
201910하순,배,신고,상품,10 개,28584.0,32074.0,15281.3969292806,0.0
201911상순,배,신고,상품,10 개,28183.0,31478.0,17161.179347763602,0.0
201911중순,배,신고,상품,10 개,28230.6666666666,30789.0,17939.752142088902,0.0
201911하순,배,신고,상품,10 개,28497.3333333333,30527.0,17924.5607898502,0.0
201912상순,배,신고,상품,10 개,28713.6666666666,31030.0,18449.6064150294,0.0
201912중순,배,신고,상품,10 개,29381.0,31423.0,19076.1221816119,0.0
201912하순,배,신고,상품,10 개,29471.6666666666,31549.0,19444.2992804411,0.0
202001상순,배,신고,상품,10 개,29738.6666666666,32191.0,24736.6448269456,0.0
202001중순,배,신고,상품,10 개,29721.0,32249.0,23918.846675782803,0.0
202001하순,배,신고,상품,10 개,30387.3333333333,31685.0,22069.134874833297,0.0
202002상순,배,신고,상품,10 개,30763.3333333333,30074.0,20314.7782901184,0.0
202002중순,배,신고,상품,10 개,30434.6666666666,31786.0,18843.0693407026,0.0
202002하순,배,신고,상품,10 개,31059.3333333333,32914.0,19547.5686330926,0.0
202003상순,배,신고,상품,10 개,31550.3333333333,32903.0,19296.9387653226,0.0
202003중순,배,신고,상품,10 개,31180.6666666666,33513.0,18749.0601908539,0.0
202003하순,배,신고,상품,10 개,31139.0,32331.0,18369.091510463,0.0
202004상순,배,신고,상품,10 개,30531.0,32093.0,18035.5114824317,0.0
202004중순,배,신고,상품,10 개,30333.3333333333,32593.0,19768.557484535,0.0
202004하순,배,신고,상품,10 개,30569.0,32784.0,19019.6138867173,0.0
202005상순,배,신고,상품,10 개,30930.0,33112.0,20252.9611867019,0.0
202005중순,배,신고,상품,10 개,31311.6666666666,32948.0,20808.9716946923,0.0
202005하순,배,신고,상품,10 개,31906.0,32668.0,22300.4663646195,0.0
202006상순,배,신고,상품,10 개,32499.6666666666,32951.0,22291.429108122604,0.0
202006중순,배,신고,상품,10 개,33018.3333333333,33685.0,23147.7628325517,0.0
202006하순,배,신고,상품,10 개,34036.6666666666,33963.0,23015.301248925098,0.0
202007상순,배,신고,상품,10 개,34128.3333333333,34443.0,22217.6180981481,0.0
202007중순,배,신고,상품,10 개,34130.0,34696.0,19380.7271662731,0.0
202007하순,배,신고,상품,10 개,33537.3333333333,35224.0,17039.3050289848,0.0
202008상순,배,신고,상품,10 개,33353.6666666666,35338.0,18096.0895747694,0.0
202008중순,배,신고,상품,10 개,32970.6666666666,35367.0,18252.6488733047,0.0
202008하순,배,신고,상품,10 개,31324.3333333333,36155.0,14997.5448620192,0.0
202009상순,배,신고,상품,10 개,30690.0,37269.0,26504.0066039293,0.0
202009중순,배,신고,상품,10 개,31519.6666666666,29846.0,35416.6978437434,0.0
202009하순,배,신고,상품,10 개,32161.6666666666,36920.0,36799.2578923248,0.0
202010상순,배,신고,상품,10 개,31892.6666666666,37215.0,30419.1699508975,0.0
202010중순,배,신고,상품,10 개,30900.0,36568.0,26533.9897788108,0.0
202010하순,배,신고,상품,10 개,30038.6666666666,35732.0,26804.210379548094,0.0
202011상순,배,신고,상품,10 개,29499.6666666666,36707.0,29654.6915246064,0.0
202011중순,배,신고,상품,10 개,29650.3333333333,36354.0,31537.7038619988,0.0
202011하순,배,신고,상품,10 개,29355.6666666666,36455.0,34039.0685019494,0.0
202012상순,배,신고,상품,10 개,29825.3333333333,37346.0,35855.9427173066,0.0
202012중순,배,신고,상품,10 개,30090.3333333333,38155.0,36814.4041309072,0.0
202012하순,배,신고,상품,10 개,30243.0,39443.0,36790.6783065362,0.0
202101상순,배,신고,상품,10 개,30762.0,40309.0,38974.1595280882,0.0
202101중순,배,신고,상품,10 개,30966.0,41773.0,39829.600155897,0.0
202101하순,배,신고,상품,10 개,30758.3333333333,46698.0,48099.4140840935,0.0
202102상순,배,신고,상품,10 개,30350.0,48547.0,45741.6075894245,0.0
202102중순,배,신고,상품,10 개,30511.6666666666,47498.0,42700.0516648361,0.0
202102하순,배,신고,상품,10 개,31451.6666666666,46220.0,39351.1336799868,0.0
202103상순,배,신고,상품,10 개,31849.0,44800.0,38188.0535018812,0.0
202103중순,배,신고,상품,10 개,32255.3333333333,46270.0,37766.0841446798,0.0
202103하순,배,신고,상품,10 개,31793.3333333333,48163.0,36822.3543619765,0.0
202104상순,배,신고,상품,10 개,31449.0,47176.0,36880.8397293628,0.0
202104중순,배,신고,상품,10 개,31701.0,46831.0,38213.4813755671,0.0
202104하순,배,신고,상품,10 개,31964.6666666666,46783.0,38543.7046046857,0.0
202105상순,배,신고,상품,10 개,32271.0,46856.0,39947.903127213496,0.0
202105중순,배,신고,상품,10 개,32453.6666666666,46516.0,39939.2105210748,0.0
202105하순,배,신고,상품,10 개,32689.3333333333,46978.0,41095.8500580521,0.0
202106상순,배,신고,상품,10 개,33452.0,47711.0,43404.4519588719,0.0
202106중순,배,신고,상품,10 개,34194.0,48455.0,46391.75808709511,0.0
202106하순,배,신고,상품,10 개,35246.3333333333,49511.0,49354.1179193726,0.0
202107상순,배,신고,상품,10 개,35426.3333333333,50696.0,50522.8356257777,0.0
202107중순,배,신고,상품,10 개,35536.3333333333,52031.0,47370.2494894284,0.0
202107하순,배,신고,상품,10 개,35734.6666666666,52473.0,42169.7461176957,0.0
202108상순,배,신고,상품,10 개,35682.3333333333,53463.0,38409.0468929344,0.0
202108중순,배,신고,상품,10 개,35024.3333333333,52707.0,29814.1990406594,0.0
202108하순,배,신고,상품,10 개,33978.6666666666,50514.0,28749.669854458298,0.0
202109상순,배,신고,상품,10 개,33994.6666666666,32101.0,32090.289166117294,0.0
202109중순,배,신고,상품,10 개,31897.6666666666,32774.0,31552.807839378103,0.0
202109하순,배,신고,상품,10 개,34123.6666666666,36734.0,25111.3705742919,0.0
202110상순,배,신고,상품,10 개,33405.6666666666,35325.0,19364.2555721919,0.0
202110중순,배,신고,상품,10 개,31940.3333333333,32757.0,20460.2647324379,0.0
202110하순,배,신고,상품,10 개,31688.3333333333,31487.0,21197.9942223369,0.0
202111상순,배,신고,상품,10 개,31683.6666666666,32666.0,21429.364858674096,0.0
202111중순,배,신고,상품,10 개,31598.3333333333,30859.0,22999.2505523367,0.0
202111하순,배,신고,상품,10 개,31642.6666666666,32239.0,22674.3166958932,0.0
202112상순,배,신고,상품,10 개,31927.6666666666,33333.0,23590.9000331884,0.0
202112중순,배,신고,상품,10 개,32345.0,33593.0,23571.6017719494,0.0
202112하순,배,신고,상품,10 개,32753.6666666666,35900.0,24021.5601369905,0.0
201801상순,깐마늘(국산),깐마늘(국산),상품,20 kg,0.0,130666.66666666669,0.0,0.0
201801중순,깐마늘(국산),깐마늘(국산),상품,20 kg,0.0,130600.0,0.0,0.0
201801하순,깐마늘(국산),깐마늘(국산),상품,20 kg,0.0,130600.0,0.0,0.0
201802상순,깐마늘(국산),깐마늘(국산),상품,20 kg,0.0,134614.5,0.0,0.0
201802중순,깐마늘(국산),깐마늘(국산),상품,20 kg,0.0,137100.0,0.0,0.0
201802하순,깐마늘(국산),깐마늘(국산),상품,20 kg,0.0,137100.0,0.0,0.0
201803상순,깐마늘(국산),깐마늘(국산),상품,20 kg,0.0,137100.0,0.0,0.0
201803중순,깐마늘(국산),깐마늘(국산),상품,20 kg,0.0,137100.0,0.0,0.0
201803하순,깐마늘(국산),깐마늘(국산),상품,20 kg,0.0,136912.5,0.0,0.0
201804상순,깐마늘(국산),깐마늘(국산),상품,20 kg,0.0,136428.5,0.0,0.0
201804중순,깐마늘(국산),깐마늘(국산),상품,20 kg,0.0,142000.0,0.0,0.0
201804하순,깐마늘(국산),깐마늘(국산),상품,20 kg,0.0,142000.0,0.0,0.0
201805상순,깐마늘(국산),깐마늘(국산),상품,20 kg,0.0,142000.0,0.0,0.0
201805중순,깐마늘(국산),깐마늘(국산),상품,20 kg,0.0,139083.0,0.0,0.0
201805하순,깐마늘(국산),깐마늘(국산),상품,20 kg,0.0,138500.0,0.0,0.0
201806상순,깐마늘(국산),깐마늘(국산),상품,20 kg,0.0,138500.0,0.0,0.0
201806중순,깐마늘(국산),깐마늘(국산),상품,20 kg,0.0,137928.5,0.0,0.0
201806하순,깐마늘(국산),깐마늘(국산),상품,20 kg,0.0,137100.0,0.0,0.0
201807상순,깐마늘(국산),깐마늘(국산),상품,20 kg,0.0,123914.5,0.0,0.0
201807중순,깐마늘(국산),깐마늘(국산),상품,20 kg,0.0,122350.0,0.0,0.0
201807하순,깐마늘(국산),깐마늘(국산),상품,20 kg,0.0,119928.5,0.0,0.0
201808상순,깐마늘(국산),깐마늘(국산),상품,20 kg,0.0,119500.0,0.0,0.0
201808중순,깐마늘(국산),깐마늘(국산),상품,20 kg,0.0,118800.0,0.0,0.0
201808하순,깐마늘(국산),깐마늘(국산),상품,20 kg,0.0,116000.0,0.0,0.0
201809상순,깐마늘(국산),깐마늘(국산),상품,20 kg,0.0,116000.0,0.0,0.0
201809중순,깐마늘(국산),깐마늘(국산),상품,20 kg,0.0,116000.0,0.0,0.0
201809하순,깐마늘(국산),깐마늘(국산),상품,20 kg,0.0,116000.0,0.0,0.0
201810상순,깐마늘(국산),깐마늘(국산),상품,20 kg,0.0,116000.0,0.0,0.0
201810중순,깐마늘(국산),깐마늘(국산),상품,20 kg,0.0,119714.0,0.0,0.0
201810하순,깐마늘(국산),깐마늘(국산),상품,20 kg,0.0,122375.0,0.0,0.0
201811상순,깐마늘(국산),깐마늘(국산),상품,20 kg,0.0,123357.0,0.0,0.0
201811중순,깐마늘(국산),깐마늘(국산),상품,20 kg,0.0,123500.0,0.0,0.0
201811하순,깐마늘(국산),깐마늘(국산),상품,20 kg,0.0,124375.0,0.0,0.0
201812상순,깐마늘(국산),깐마늘(국산),상품,20 kg,0.0,124100.0,0.0,0.0
201812중순,깐마늘(국산),깐마늘(국산),상품,20 kg,0.0,123187.5,0.0,0.0
201812하순,깐마늘(국산),깐마늘(국산),상품,20 kg,0.0,119917.0,0.0,0.0
201901상순,깐마늘(국산),깐마늘(국산),상품,20 kg,0.0,117500.0,0.0,0.0
201901중순,깐마늘(국산),깐마늘(국산),상품,20 kg,0.0,117550.0,0.0,0.0
201901하순,깐마늘(국산),깐마늘(국산),상품,20 kg,0.0,117600.0,0.0,0.0
201902상순,깐마늘(국산),깐마늘(국산),상품,20 kg,0.0,117600.0,0.0,0.0
201902중순,깐마늘(국산),깐마늘(국산),상품,20 kg,0.0,117600.0,0.0,0.0
201902하순,깐마늘(국산),깐마늘(국산),상품,20 kg,0.0,117600.0,0.0,0.0
201903상순,깐마늘(국산),깐마늘(국산),상품,20 kg,0.0,117600.0,0.0,0.0
201903중순,깐마늘(국산),깐마늘(국산),상품,20 kg,0.0,120850.0,0.0,0.0
201903하순,깐마늘(국산),깐마늘(국산),상품,20 kg,0.0,123100.0,0.0,0.0
201904상순,깐마늘(국산),깐마늘(국산),상품,20 kg,0.0,122662.5,0.0,0.0
201904중순,깐마늘(국산),깐마늘(국산),상품,20 kg,0.0,122243.0,0.0,0.0
201904하순,깐마늘(국산),깐마늘(국산),상품,20 kg,0.0,122100.0,0.0,0.0
201905상순,깐마늘(국산),깐마늘(국산),상품,20 kg,0.0,122100.0,0.0,0.0
201905중순,깐마늘(국산),깐마늘(국산),상품,20 kg,0.0,122100.0,0.0,0.0
201905하순,깐마늘(국산),깐마늘(국산),상품,20 kg,0.0,118544.0,0.0,0.0
201906상순,깐마늘(국산),깐마늘(국산),상품,20 kg,0.0,115280.0,0.0,0.0
201906중순,깐마늘(국산),깐마늘(국산),상품,20 kg,0.0,103525.0,0.0,0.0
201906하순,깐마늘(국산),깐마늘(국산),상품,20 kg,0.0,94750.0,0.0,0.0
201907상순,깐마늘(국산),깐마늘(국산),상품,20 kg,0.0,92250.0,0.0,0.0
201907중순,깐마늘(국산),깐마늘(국산),상품,20 kg,0.0,86257.0,0.0,0.0
201907하순,깐마늘(국산),깐마늘(국산),상품,20 kg,0.0,85425.0,0.0,0.0
201908상순,깐마늘(국산),깐마늘(국산),상품,20 kg,0.0,84357.0,0.0,0.0
201908중순,깐마늘(국산),깐마늘(국산),상품,20 kg,0.0,83700.0,0.0,0.0
201908하순,깐마늘(국산),깐마늘(국산),상품,20 kg,0.0,83650.0,0.0,0.0
201909상순,깐마늘(국산),깐마늘(국산),상품,20 kg,0.0,83600.0,0.0,0.0
201909중순,깐마늘(국산),깐마늘(국산),상품,20 kg,0.0,83600.0,0.0,0.0
201909하순,깐마늘(국산),깐마늘(국산),상품,20 kg,0.0,83266.5,0.0,0.0
201910상순,깐마늘(국산),깐마늘(국산),상품,20 kg,0.0,83100.0,0.0,0.0
201910중순,깐마늘(국산),깐마늘(국산),상품,20 kg,0.0,83100.0,0.0,0.0
201910하순,깐마늘(국산),깐마늘(국산),상품,20 kg,0.0,84455.5,0.0,0.0
201911상순,깐마늘(국산),깐마늘(국산),상품,20 kg,0.0,85200.0,0.0,0.0
201911중순,깐마늘(국산),깐마늘(국산),상품,20 kg,0.0,85400.0,0.0,0.0
201911하순,깐마늘(국산),깐마늘(국산),상품,20 kg,0.0,85171.5,0.0,0.0
201912상순,깐마늘(국산),깐마늘(국산),상품,20 kg,0.0,85000.0,0.0,0.0
201912중순,깐마늘(국산),깐마늘(국산),상품,20 kg,0.0,85000.0,0.0,0.0
201912하순,깐마늘(국산),깐마늘(국산),상품,20 kg,0.0,84583.5,0.0,0.0
202001상순,깐마늘(국산),깐마늘(국산),상품,20 kg,0.0,84500.0,0.0,0.0
202001중순,깐마늘(국산),깐마늘(국산),상품,20 kg,0.0,83666.5,0.0,0.0
202001하순,깐마늘(국산),깐마늘(국산),상품,20 kg,0.0,77696.5,0.0,0.0
202002상순,깐마늘(국산),깐마늘(국산),상품,20 kg,0.0,77100.0,0.0,0.0
202002중순,깐마늘(국산),깐마늘(국산),상품,20 kg,0.0,77300.0,0.0,0.0
202002하순,깐마늘(국산),깐마늘(국산),상품,20 kg,0.0,76875.0,0.0,0.0
202003상순,깐마늘(국산),깐마늘(국산),상품,20 kg,0.0,76910.5,0.0,0.0
202003중순,깐마늘(국산),깐마늘(국산),상품,20 kg,0.0,74812.5,0.0,0.0
202003하순,깐마늘(국산),깐마늘(국산),상품,20 kg,0.0,74500.0,0.0,0.0
202004상순,깐마늘(국산),깐마늘(국산),상품,20 kg,0.0,74500.0,0.0,0.0
202004중순,깐마늘(국산),깐마늘(국산),상품,20 kg,0.0,74800.0,0.0,0.0
202004하순,깐마늘(국산),깐마늘(국산),상품,20 kg,0.0,75643.0,0.0,0.0
202005상순,깐마늘(국산),깐마늘(국산),상품,20 kg,0.0,76250.0,0.0,0.0
202005중순,깐마늘(국산),깐마늘(국산),상품,20 kg,0.0,80187.5,0.0,0.0
202005하순,깐마늘(국산),깐마늘(국산),상품,20 kg,0.0,81200.0,0.0,0.0
202006상순,깐마늘(국산),깐마늘(국산),상품,20 kg,0.0,81025.0,0.0,0.0
202006중순,깐마늘(국산),깐마늘(국산),상품,20 kg,0.0,81671.5,0.0,0.0
202006하순,깐마늘(국산),깐마늘(국산),상품,20 kg,0.0,85833.0,0.0,0.0
202007상순,깐마늘(국산),깐마늘(국산),상품,20 kg,0.0,88139.66666666667,0.0,0.0
202007중순,깐마늘(국산),깐마늘(국산),상품,20 kg,0.0,106408.0,0.0,0.0
202007하순,깐마늘(국산),깐마늘(국산),상품,20 kg,0.0,127622.5,0.0,0.0
202008상순,깐마늘(국산),깐마늘(국산),상품,20 kg,0.0,135600.0,0.0,0.0
202008중순,깐마늘(국산),깐마늘(국산),상품,20 kg,0.0,135614.5,0.0,0.0
202008하순,깐마늘(국산),깐마늘(국산),상품,20 kg,0.0,136485.5,0.0,0.0
202009상순,깐마늘(국산),깐마늘(국산),상품,20 kg,0.0,136800.0,0.0,0.0
202009중순,깐마늘(국산),깐마늘(국산),상품,20 kg,0.0,136800.0,0.0,0.0
202009하순,깐마늘(국산),깐마늘(국산),상품,20 kg,0.0,136685.5,0.0,0.0
202010상순,깐마늘(국산),깐마늘(국산),상품,20 kg,0.0,136600.0,0.0,0.0
202010중순,깐마늘(국산),깐마늘(국산),상품,20 kg,0.0,136600.0,0.0,0.0
202010하순,깐마늘(국산),깐마늘(국산),상품,20 kg,0.0,136600.0,0.0,0.0
202011상순,깐마늘(국산),깐마늘(국산),상품,20 kg,0.0,136600.0,0.0,0.0
202011중순,깐마늘(국산),깐마늘(국산),상품,20 kg,0.0,136600.0,0.0,0.0
202011하순,깐마늘(국산),깐마늘(국산),상품,20 kg,0.0,136600.0,0.0,0.0
202012상순,깐마늘(국산),깐마늘(국산),상품,20 kg,0.0,136600.0,0.0,0.0
202012중순,깐마늘(국산),깐마늘(국산),상품,20 kg,0.0,136600.0,0.0,0.0
202012하순,깐마늘(국산),깐마늘(국산),상품,20 kg,0.0,136600.0,0.0,0.0
202101상순,깐마늘(국산),깐마늘(국산),상품,20 kg,0.0,136600.0,0.0,0.0
202101중순,깐마늘(국산),깐마늘(국산),상품,20 kg,0.0,136600.0,0.0,0.0
202101하순,깐마늘(국산),깐마늘(국산),상품,20 kg,0.0,136600.0,0.0,0.0
202102상순,깐마늘(국산),깐마늘(국산),상품,20 kg,0.0,140437.5,0.0,0.0
202102중순,깐마늘(국산),깐마늘(국산),상품,20 kg,0.0,143300.0,0.0,0.0
202102하순,깐마늘(국산),깐마늘(국산),상품,20 kg,0.0,143800.0,0.0,0.0
202103상순,깐마늘(국산),깐마늘(국산),상품,20 kg,0.0,143600.0,0.0,0.0
202103중순,깐마늘(국산),깐마늘(국산),상품,20 kg,0.0,145000.0,0.0,0.0
202103하순,깐마늘(국산),깐마늘(국산),상품,20 kg,0.0,145937.5,0.0,0.0
202104상순,깐마늘(국산),깐마늘(국산),상품,20 kg,0.0,146214.5,0.0,0.0
202104중순,깐마늘(국산),깐마늘(국산),상품,20 kg,0.0,147314.5,0.0,0.0
202104하순,깐마늘(국산),깐마늘(국산),상품,20 kg,0.0,155350.0,0.0,0.0
202105상순,깐마늘(국산),깐마늘(국산),상품,20 kg,0.0,153400.0,0.0,0.0
202105중순,깐마늘(국산),깐마늘(국산),상품,20 kg,0.0,151143.0,0.0,0.0
202105하순,깐마늘(국산),깐마늘(국산),상품,20 kg,0.0,149085.5,0.0,0.0
202106상순,깐마늘(국산),깐마늘(국산),상품,20 kg,0.0,148250.0,0.0,0.0
202106중순,깐마늘(국산),깐마늘(국산),상품,20 kg,0.0,146500.0,0.0,0.0
202106하순,깐마늘(국산),깐마늘(국산),상품,20 kg,0.0,145395.75,0.0,0.0
202107상순,깐마늘(국산),깐마늘(국산),상품,20 kg,0.0,145617.75,0.0,0.0
202107중순,깐마늘(국산),깐마늘(국산),상품,20 kg,0.0,162207.0,0.0,0.0
202107하순,깐마늘(국산),깐마늘(국산),상품,20 kg,0.0,162450.0,0.0,0.0
202108상순,깐마늘(국산),깐마늘(국산),상품,20 kg,0.0,162985.5,0.0,0.0
202108중순,깐마늘(국산),깐마늘(국산),상품,20 kg,0.0,161457.5,0.0,0.0
202108하순,깐마늘(국산),깐마늘(국산),상품,20 kg,0.0,161100.0,0.0,0.0
202109상순,깐마늘(국산),깐마늘(국산),상품,20 kg,0.0,158750.0,0.0,0.0
202109중순,깐마늘(국산),깐마늘(국산),상품,20 kg,0.0,158000.0,0.0,0.0
202109하순,깐마늘(국산),깐마늘(국산),상품,20 kg,0.0,158000.0,0.0,0.0
202110상순,깐마늘(국산),깐마늘(국산),상품,20 kg,0.0,158000.0,0.0,0.0
202110중순,깐마늘(국산),깐마늘(국산),상품,20 kg,0.0,158085.5,0.0,0.0
202110하순,깐마늘(국산),깐마늘(국산),상품,20 kg,0.0,158100.0,0.0,0.0
202111상순,깐마늘(국산),깐마늘(국산),상품,20 kg,0.0,159600.0,0.0,0.0
202111중순,깐마늘(국산),깐마늘(국산),상품,20 kg,0.0,167200.0,0.0,0.0
202111하순,깐마늘(국산),깐마늘(국산),상품,20 kg,0.0,169100.0,0.0,0.0
202112상순,깐마늘(국산),깐마늘(국산),상품,20 kg,0.0,169100.0,0.0,0.0
202112중순,깐마늘(국산),깐마늘(국산),상품,20 kg,0.0,169100.0,0.0,0.0
202112하순,깐마늘(국산),깐마늘(국산),상품,20 kg,0.0,168033.5,0.0,0.0
201801상순,상추,청,상품,100 g,1034.66666666666,940.0,0.0,0.0
201801중순,상추,청,상품,100 g,921.666666666666,981.0,0.0,0.0
201801하순,상추,청,상품,100 g,850.0,983.0,0.0,0.0
201802상순,상추,청,상품,100 g,850.0,1009.0,0.0,0.0
201802중순,상추,청,상품,100 g,844.666666666666,1022.0,0.0,0.0
201802하순,상추,청,상품,100 g,727.0,918.0,0.0,0.0
201803상순,상추,청,상품,100 g,629.666666666666,670.0,0.0,0.0
201803중순,상추,청,상품,100 g,606.333333333333,627.0,0.0,0.0
201803하순,상추,청,상품,100 g,580.666666666666,623.0,0.0,0.0
201804상순,상추,청,상품,100 g,593.0,689.0,0.0,0.0
201804중순,상추,청,상품,100 g,617.0,676.0,0.0,0.0
201804하순,상추,청,상품,100 g,607.333333333333,711.0,0.0,0.0
201805상순,상추,청,상품,100 g,611.333333333333,707.0,0.0,0.0
201805중순,상추,청,상품,100 g,640.0,672.0,0.0,0.0
201805하순,상추,청,상품,100 g,610.333333333333,698.0,0.0,0.0
201806상순,상추,청,상품,100 g,607.666666666666,741.0,0.0,0.0
201806중순,상추,청,상품,100 g,622.333333333333,699.0,0.0,0.0
201806하순,상추,청,상품,100 g,631.333333333333,664.0,0.0,0.0
201807상순,상추,청,상품,100 g,673.666666666666,700.0,0.0,0.0
201807중순,상추,청,상품,100 g,956.333333333333,1046.0,0.0,0.0
201807하순,상추,청,상품,100 g,1141.66666666666,977.0,0.0,0.0
201808상순,상추,청,상품,100 g,1162.66666666666,969.0,0.0,0.0
201808중순,상추,청,상품,100 g,1157.66666666666,1223.0,0.0,0.0
201808하순,상추,청,상품,100 g,1162.33333333333,1556.0,0.0,0.0
201809상순,상추,청,상품,100 g,1239.33333333333,1908.0,0.0,0.0
201809중순,상추,청,상품,100 g,1181.33333333333,2071.0,0.0,0.0
201809하순,상추,청,상품,100 g,958.333333333333,1634.0,0.0,0.0
201810상순,상추,청,상품,100 g,842.0,1410.0,0.0,0.0
201810중순,상추,청,상품,100 g,810.666666666666,1037.0,0.0,0.0
201810하순,상추,청,상품,100 g,814.333333333333,935.0,0.0,0.0
201811상순,상추,청,상품,100 g,761.0,831.0,0.0,0.0
201811중순,상추,청,상품,100 g,778.0,759.0,0.0,0.0
201811하순,상추,청,상품,100 g,777.666666666666,744.0,0.0,0.0
201812상순,상추,청,상품,100 g,724.333333333333,721.0,0.0,0.0
201812중순,상추,청,상품,100 g,748.666666666666,711.0,0.0,0.0
201812하순,상추,청,상품,100 g,905.666666666666,730.0,0.0,0.0
201901상순,상추,청,상품,100 g,974.333333333333,760.0,0.0,0.0
201901중순,상추,청,상품,100 g,904.666666666666,772.0,0.0,0.0
201901하순,상추,청,상품,100 g,853.666666666666,761.0,0.0,0.0
201902상순,상추,청,상품,100 g,871.0,767.0,0.0,0.0
201902중순,상추,청,상품,100 g,857.666666666666,736.0,0.0,0.0
201902하순,상추,청,상품,100 g,752.0,709.0,0.0,0.0
201903상순,상추,청,상품,100 g,638.666666666666,710.0,0.0,0.0
201903중순,상추,청,상품,100 g,614.333333333333,716.0,0.0,0.0
201903하순,상추,청,상품,100 g,595.333333333333,715.0,0.0,0.0
201904상순,상추,청,상품,100 g,612.666666666666,723.0,0.0,0.0
201904중순,상추,청,상품,100 g,617.0,739.0,0.0,0.0
201904하순,상추,청,상품,100 g,614.0,715.0,0.0,0.0
201905상순,상추,청,상품,100 g,629.333333333333,767.0,0.0,0.0
201905중순,상추,청,상품,100 g,661.333333333333,861.0,0.0,0.0
201905하순,상추,청,상품,100 g,638.333333333333,803.0,0.0,0.0
201906상순,상추,청,상품,100 g,628.666666666666,766.0,0.0,0.0
201906중순,상추,청,상품,100 g,644.0,708.0,0.0,0.0
201906하순,상추,청,상품,100 g,643.333333333333,726.0,0.0,0.0
201907상순,상추,청,상품,100 g,684.333333333333,800.0,0.0,0.0
201907중순,상추,청,상품,100 g,985.666666666666,929.0,0.0,0.0
201907하순,상추,청,상품,100 g,997.0,950.0,0.0,0.0
201908상순,상추,청,상품,100 g,1035.66666666666,1549.0,0.0,0.0
201908중순,상추,청,상품,100 g,1156.66666666666,1675.0,0.0,0.0
201908하순,상추,청,상품,100 g,1296.0,1339.0,0.0,0.0
201909상순,상추,청,상품,100 g,1417.0,1225.0,0.0,0.0
201909중순,상추,청,상품,100 g,1305.0,1339.0,0.0,0.0
201909하순,상추,청,상품,100 g,1004.66666666666,1518.0,0.0,0.0
201910상순,상추,청,상품,100 g,902.666666666666,1469.0,0.0,0.0
201910중순,상추,청,상품,100 g,837.666666666666,1689.0,0.0,0.0
201910하순,상추,청,상품,100 g,797.0,1530.0,0.0,0.0
201911상순,상추,청,상품,100 g,746.0,1219.0,0.0,0.0
201911중순,상추,청,상품,100 g,765.0,1047.0,0.0,0.0
201911하순,상추,청,상품,100 g,768.666666666666,965.0,0.0,0.0
201912상순,상추,청,상품,100 g,713.0,974.0,0.0,0.0
201912중순,상추,청,상품,100 g,751.333333333333,947.0,0.0,0.0
201912하순,상추,청,상품,100 g,909.333333333333,970.0,0.0,0.0
202001상순,상추,청,상품,100 g,983.0,1127.0,0.0,0.0
202001중순,상추,청,상품,100 g,935.666666666666,1316.0,0.0,0.0
202001하순,상추,청,상품,100 g,888.0,1377.0,0.0,0.0
202002상순,상추,청,상품,100 g,911.333333333333,1143.0,0.0,0.0
202002중순,상추,청,상품,100 g,876.666666666666,932.0,0.0,0.0
202002하순,상추,청,상품,100 g,764.0,851.0,0.0,0.0
202003상순,상추,청,상품,100 g,679.666666666666,811.0,0.0,0.0
202003중순,상추,청,상품,100 g,653.0,796.0,0.0,0.0
202003하순,상추,청,상품,100 g,638.0,786.0,0.0,0.0
202004상순,상추,청,상품,100 g,644.333333333333,713.0,0.0,0.0
202004중순,상추,청,상품,100 g,639.0,695.0,0.0,0.0
202004하순,상추,청,상품,100 g,648.666666666666,693.0,0.0,0.0
202005상순,상추,청,상품,100 g,663.666666666666,689.0,0.0,0.0
202005중순,상추,청,상품,100 g,665.666666666666,691.0,0.0,0.0
202005하순,상추,청,상품,100 g,644.333333333333,726.0,0.0,0.0
202006상순,상추,청,상품,100 g,650.333333333333,754.0,0.0,0.0
202006중순,상추,청,상품,100 g,646.666666666666,799.0,0.0,0.0
202006하순,상추,청,상품,100 g,643.333333333333,1078.0,0.0,0.0
202007상순,상추,청,상품,100 g,716.666666666666,1209.0,0.0,0.0
202007중순,상추,청,상품,100 g,1051.66666666666,1348.0,0.0,0.0
202007하순,상추,청,상품,100 g,1036.33333333333,1360.0,0.0,0.0
202008상순,상추,청,상품,100 g,1229.0,1632.0,0.0,0.0
202008중순,상추,청,상품,100 g,1342.0,2203.0,0.0,0.0
202008하순,상추,청,상품,100 g,1319.66666666666,2164.0,0.0,0.0
202009상순,상추,청,상품,100 g,1359.66666666666,1533.0,0.0,0.0
202009중순,상추,청,상품,100 g,1318.33333333333,1584.0,0.0,0.0
202009하순,상추,청,상품,100 g,1197.33333333333,1530.0,0.0,0.0
202010상순,상추,청,상품,100 g,1106.66666666666,1264.0,0.0,0.0
202010중순,상추,청,상품,100 g,1091.33333333333,965.0,0.0,0.0
202010하순,상추,청,상품,100 g,978.0,834.0,0.0,0.0
202011상순,상추,청,상품,100 g,850.0,760.0,0.0,0.0
202011중순,상추,청,상품,100 g,864.0,723.0,0.0,0.0
202011하순,상추,청,상품,100 g,807.333333333333,690.0,0.0,0.0
202012상순,상추,청,상품,100 g,806.666666666666,705.0,0.0,0.0
202012중순,상추,청,상품,100 g,780.0,835.0,0.0,0.0
202012하순,상추,청,상품,100 g,832.0,920.0,0.0,0.0
202101상순,상추,청,상품,100 g,942.333333333333,1094.0,0.0,0.0
202101중순,상추,청,상품,100 g,935.666666666666,1221.0,0.0,0.0
202101하순,상추,청,상품,100 g,888.0,1214.0,0.0,0.0
202102상순,상추,청,상품,100 g,911.333333333333,1191.0,0.0,0.0
202102중순,상추,청,상품,100 g,864.333333333333,1139.0,0.0,0.0
202102하순,상추,청,상품,100 g,767.333333333333,1048.0,0.0,0.0
202103상순,상추,청,상품,100 g,679.666666666666,885.0,0.0,0.0
202103중순,상추,청,상품,100 g,685.333333333333,887.0,0.0,0.0
202103하순,상추,청,상품,100 g,682.0,896.0,0.0,0.0
202104상순,상추,청,상품,100 g,691.666666666666,869.0,0.0,0.0
202104중순,상추,청,상품,100 g,668.333333333333,880.0,0.0,0.0
202104하순,상추,청,상품,100 g,664.0,888.0,0.0,0.0
202105상순,상추,청,상품,100 g,671.333333333333,861.0,0.0,0.0
202105중순,상추,청,상품,100 g,682.0,865.0,0.0,0.0
202105하순,상추,청,상품,100 g,687.666666666666,892.0,0.0,0.0
202106상순,상추,청,상품,100 g,701.0,1010.0,0.0,0.0
202106중순,상추,청,상품,100 g,677.0,1026.0,0.0,0.0
202106하순,상추,청,상품,100 g,682.333333333333,1056.0,0.0,0.0
202107상순,상추,청,상품,100 g,763.333333333333,1092.0,0.0,0.0
202107중순,상추,청,상품,100 g,1191.33333333333,1214.0,0.0,0.0
202107하순,상추,청,상품,100 g,1173.0,1573.0,0.0,0.0
202108상순,상추,청,상품,100 g,1398.33333333333,1607.0,0.0,0.0
202108중순,상추,청,상품,100 g,1522.0,1714.0,0.0,0.0
202108하순,상추,청,상품,100 g,1511.0,1849.0,0.0,0.0
202109상순,상추,청,상품,100 g,1462.33333333333,2204.0,0.0,0.0
202109중순,상추,청,상품,100 g,1417.0,2403.0,0.0,0.0
202109하순,상추,청,상품,100 g,1393.33333333333,2043.0,0.0,0.0
202110상순,상추,청,상품,100 g,1262.0,1228.0,0.0,0.0
202110중순,상추,청,상품,100 g,1167.66666666666,1365.0,0.0,0.0
202110하순,상추,청,상품,100 g,1016.66666666666,2072.0,0.0,0.0
202111상순,상추,청,상품,100 g,868.666666666666,1734.0,0.0,0.0
202111중순,상추,청,상품,100 g,843.0,1208.0,0.0,0.0
202111하순,상추,청,상품,100 g,762.666666666666,1062.0,0.0,0.0
202112상순,상추,청,상품,100 g,717.0,946.0,0.0,0.0
202112중순,상추,청,상품,100 g,742.666666666666,931.0,0.0,0.0
202112하순,상추,청,상품,100 g,815.333333333333,988.0,0.0,0.0
201801상순,배추,배추,상,10키로망대,6071.72619047619,5419.85714285714,4423.59033099913,0.0
201801중순,배추,배추,상,10키로망대,5938.14351851851,5319.33333333333,4787.82018823491,0.0
201801하순,배추,배추,상,10키로망대,6245.35185185184,6734.77777777777,4512.073891952949,0.0
201802상순,배추,배추,상,10키로망대,6413.72023809523,8942.22222222222,7177.06917403376,0.0
201802중순,배추,배추,상,10키로망대,7099.14682539682,7247.16666666666,5048.52079462626,0.0
201802하순,배추,배추,상,10키로망대,7303.74603174603,7890.71428571428,4814.8054860793,0.0
201803상순,배추,배추,상,10키로망대,7526.08333333333,8168.22222222222,5030.379882394171,0.0
201803중순,배추,배추,상,10키로망대,7194.05092592592,7796.625,5331.273009106761,0.0
201803하순,배추,배추,상,10키로망대,6674.0037037037,7996.1,5801.372454371111,0.0
201804상순,배추,배추,상,10키로망대,6520.00925925926,7503.375,5076.41856489911,0.0
201804중순,배추,배추,상,10키로망대,6365.14814814814,7082.22222222222,5092.71395432805,0.0
201804하순,배추,배추,상,10키로망대,6845.54629629629,6637.25,4478.70916910574,0.0
201805상순,배추,배추,상,10키로망대,5822.19444444444,5589.44444444444,3722.53758226872,0.0
201805중순,배추,배추,상,10키로망대,6993.99074074074,4656.75,3302.21733403084,0.0
201805하순,배추,배추,상,10키로망대,5554.24074074074,3770.7,2845.5884411278903,0.0
201806상순,배추,배추,상,10키로망대,4441.91203703703,3345.125,2491.96167911069,0.0
201806중순,배추,배추,상,10키로망대,4604.60185185185,4073.44444444444,3485.46634176969,0.0
201806하순,배추,배추,상,10키로망대,4714.04629629629,4684.0,4182.4639914505005,0.0
201807상순,배추,배추,상,10키로망대,5034.54166666666,5479.25,4219.15975028511,0.0
201807중순,배추,배추,상,10키로망대,6220.87962962963,7957.0,6451.524009224059,0.0
201807하순,배추,배추,상,10키로망대,6986.08148148148,11236.3333333333,7805.419557414911,0.0
201808상순,배추,배추,상,10키로망대,8457.11309523809,10779.125,8874.29091144391,0.0
201808중순,배추,배추,상,10키로망대,10555.0324074074,16234.625,11079.9099691467,0.0
201808하순,배추,배추,상,10키로망대,11641.4629629629,17582.9,11626.722794561,0.0
201809상순,배추,배추,상,10키로망대,11337.4583333333,10922.25,8616.10510128706,0.0
201809중순,배추,배추,상,10키로망대,10195.5343915343,9809.88888888888,8634.34689644446,0.0
201809하순,배추,배추,상,10키로망대,8667.19576719576,7212.4,5985.392903434859,0.0
201810상순,배추,배추,상,10키로망대,7084.73611111111,6274.66666666666,4181.51774564277,0.0
201810중순,배추,배추,상,10키로망대,3897.27314814814,5449.11111111111,3984.7300944325098,0.0
201810하순,배추,배추,상,10키로망대,3537.95185185185,5499.88888888888,4266.02950484156,0.0
201811상순,배추,배추,상,10키로망대,3962.22685185185,5468.77777777777,4379.88938015974,0.0
201811중순,배추,배추,상,10키로망대,4969.13888888889,4930.875,3788.15683140869,0.0
201811하순,배추,배추,상,10키로망대,5794.5787037037,4795.0,3663.35048147507,0.0
201812상순,배추,배추,상,10키로망대,4583.59259259259,4314.5,4080.01201560835,0.0
201812중순,배추,배추,상,10키로망대,4408.24537037037,3552.77777777777,3227.00250971973,0.0
201812하순,배추,배추,상,10키로망대,4594.45555555555,3268.11111111111,2520.29887190506,0.0
201901상순,배추,배추,상,10키로망대,4807.20238095238,2927.0,2540.45001995534,0.0
201901중순,배추,배추,상,10키로망대,4683.3287037037,2823.0,2664.2891897527697,0.0
201901하순,배추,배추,상,10키로망대,5726.22222222222,2783.4,2375.15565913506,0.0
201902상순,배추,배추,상,10키로망대,6319.66931216931,3234.8,2516.48850578549,0.0
201902중순,배추,배추,상,10키로망대,6433.78571428571,2775.11111111111,2353.69630538614,0.0
201902하순,배추,배추,상,10키로망대,6945.98412698412,2484.14285714285,2186.57066914402,0.0
201903상순,배추,배추,상,10키로망대,7111.61574074074,2480.375,1873.37530297854,0.0
201903중순,배추,배추,상,10키로망대,6897.11111111111,2494.77777777777,2327.54993164616,0.0
201903하순,배추,배추,상,10키로망대,6548.48148148148,2483.11111111111,2263.98855199303,0.0
201904상순,배추,배추,상,10키로망대,6073.61574074074,2466.11111111111,2337.61641547365,0.0
201904중순,배추,배추,상,10키로망대,5890.25925925926,2680.55555555555,2228.14232309676,0.0
201904하순,배추,배추,상,10키로망대,6329.29629629629,2643.375,2072.76948710082,0.0
201905상순,배추,배추,상,10키로망대,5567.04629629629,2894.22222222222,2309.83007264582,0.0
201905중순,배추,배추,상,10키로망대,6253.99074074074,3419.875,2502.92037126673,0.0
201905하순,배추,배추,상,10키로망대,5155.97407407407,3744.2,2756.959543066569,0.0
201906상순,배추,배추,상,10키로망대,4184.0787037037,4879.5,3357.56863605266,0.0
201906중순,배추,배추,상,10키로망대,4236.93518518518,5758.33333333333,4096.85018235786,0.0
201906하순,배추,배추,상,10키로망대,4949.50462962963,6127.625,5030.35676311279,0.0
201907상순,배추,배추,상,10키로망대,5481.99537037037,5524.44444444444,4946.22862780502,0.0
201907중순,배추,배추,상,10키로망대,6928.29629629629,6093.66666666666,4827.2470586039,0.0
201907하순,배추,배추,상,10키로망대,8605.15555555555,5911.77777777777,4087.29201057093,0.0
201908상순,배추,배추,상,10키로망대,9211.15476190476,6699.875,4643.24040526475,0.0
201908중순,배추,배추,상,10키로망대,11988.824074074,6596.75,4942.6602574631,0.0
201908하순,배추,배추,상,10키로망대,13152.6629629629,7692.5,5205.63492230045,0.0
201909상순,배추,배추,상,10키로망대,11664.1666666666,11855.25,8831.240609659091,0.0
201909중순,배추,배추,상,10키로망대,10117.9259259259,13132.2857142857,8658.7395055072,0.0
201909하순,배추,배추,상,10키로망대,8715.94814814814,18167.625,10623.5400246425,0.0
201910상순,배추,배추,상,10키로망대,7458.36574074074,16388.2222222222,10820.399276974,0.0
201910중순,배추,배추,상,10키로망대,4491.81018518518,13267.875,9192.37792889136,0.0
201910하순,배추,배추,상,10키로망대,4098.91481481481,9547.2,6912.039442088821,0.0
201911상순,배추,배추,상,10키로망대,4455.65277777777,8370.125,5994.480291641649,0.0
201911중순,배추,배추,상,10키로망대,4860.09722222222,9176.33333333333,6443.38979288371,0.0
201911하순,배추,배추,상,10키로망대,5265.54166666666,9162.55555555555,6991.628922439931,0.0
201912상순,배추,배추,상,10키로망대,4390.13425925926,8697.375,7162.36145670601,0.0
201912중순,배추,배추,상,10키로망대,4178.20833333333,8600.0,6767.92653802598,0.0
201912하순,배추,배추,상,10키로망대,4205.38148148148,8820.33333333333,6671.063575401569,0.0
202001상순,배추,배추,상,10키로망대,4321.45238095238,9272.71428571428,7593.036570092059,0.0
202001중순,배추,배추,상,10키로망대,4363.74537037036,8701.625,6855.3887307796695,0.0
202001하순,배추,배추,상,10키로망대,5546.91851851851,8522.0,6007.41544487376,0.0
202002상순,배추,배추,상,10키로망대,6176.86574074074,8880.875,6596.11379032106,0.0
202002중순,배추,배추,상,10키로망대,6433.78571428571,9089.11111111111,7410.25660129435,0.0
202002하순,배추,배추,상,10키로망대,6945.98412698412,9076.5,6272.20168067226,0.0
202003상순,배추,배추,상,10키로망대,7111.61574074074,8656.625,6589.0737358749,0.0
202003중순,배추,배추,상,10키로망대,6897.11111111111,8288.0,6705.07764123082,0.0
202003하순,배추,배추,상,10키로망대,6548.48148148148,8157.0,7004.79692735147,0.0
202004상순,배추,배추,상,10키로망대,6073.61574074074,7590.0,6520.9135964650295,0.0
202004중순,배추,배추,상,10키로망대,5890.25925925926,8503.5,6798.74712643678,0.0
202004하순,배추,배추,상,10키로망대,6329.29629629629,11245.0,8192.689145261009,0.0
202005상순,배추,배추,상,10키로망대,5567.04629629629,10653.75,8065.32581360025,0.0
202005중순,배추,배추,상,10키로망대,6276.31944444444,9588.77777777777,6547.11148779459,0.0
202005하순,배추,배추,상,10키로망대,5306.55925925925,9949.77777777777,7755.709019644441,0.0
202006상순,배추,배추,상,10키로망대,4695.53703703703,7173.11111111111,4266.13692824784,0.0
202006중순,배추,배추,상,10키로망대,4909.34259259259,7488.33333333333,3891.5355199294,0.0
202006하순,배추,배추,상,10키로망대,5390.17129629629,7608.125,7428.456375838919,0.0
202007상순,배추,배추,상,10키로망대,5678.10648148148,7897.44444444444,8361.47647276769,0.0
202007중순,배추,배추,상,10키로망대,6954.51851851851,11235.625,8788.38947368421,0.0
202007하순,배추,배추,상,10키로망대,8309.14814814814,12039.8,9011.67176350662,0.0
202008상순,배추,배추,상,10키로망대,9260.875,12338.7142857142,13168.7780772686,0.0
202008중순,배추,배추,상,10키로망대,11988.824074074,17104.3333333333,13860.2640222334,0.0
202008하순,배추,배추,상,10키로망대,13449.5333333333,18618.4444444444,15200.407055630898,0.0
202009상순,배추,배추,상,10키로망대,13041.9166666666,19789.6666666666,19238.3054513071,0.0
202009중순,배추,배추,상,10키로망대,12442.2433862433,25820.875,23968.85484084,0.0
202009하순,배추,배추,상,10키로망대,12756.1564814814,24373.4444444444,20993.7441682924,0.0
202010상순,배추,배추,상,10키로망대,10676.3138888888,16984.5,11507.1719819426,0.0
202010중순,배추,배추,상,10키로망대,5846.66666666666,8203.625,8652.6364985979,0.0
202010하순,배추,배추,상,10키로망대,4952.66666666666,6000.2,5556.99285507386,0.0
202011상순,배추,배추,상,10키로망대,5347.74074074074,5757.25,4028.87631255966,0.0
202011중순,배추,배추,상,10키로망대,6397.31944444444,6674.33333333333,3848.06977492902,0.0
202011하순,배추,배추,상,10키로망대,6510.35648148148,5541.625,3051.83521773613,0.0
202012상순,배추,배추,상,10키로망대,5969.17129629629,4002.22222222222,1909.42863973224,0.0
202012중순,배추,배추,상,10키로망대,5902.0,3782.125,1700.62573328118,0.0
202012하순,배추,배추,상,10키로망대,6056.12222222222,3372.8,1979.76653696498,0.0
202101상순,배추,배추,상,10키로망대,6416.92857142857,3315.16666666666,0.0,0.0
202101중순,배추,배추,상,10키로망대,6306.5787037037,4904.55555555555,5627.60416666666,0.0
202101하순,배추,배추,상,10키로망대,7278.9074074074,5641.33333333333,2464.9056603773497,0.0
202102상순,배추,배추,상,10키로망대,8057.5324074074,6297.33333333333,1907.1038251366097,0.0
202102중순,배추,배추,상,10키로망대,8174.87037037037,8420.57142857143,913.157894736842,0.0
202102하순,배추,배추,상,10키로망대,8573.7619047619,8894.33333333333,10057.2619047619,0.0
202103상순,배추,배추,상,10키로망대,8488.61574074074,9310.88888888888,11596.1538461538,0.0
202103중순,배추,배추,상,10키로망대,8058.33333333333,9345.33333333333,6671.210720887239,0.0
202103하순,배추,배추,상,10키로망대,7643.66666666666,9392.55555555555,11742.1810699588,0.0
202104상순,배추,배추,상,10키로망대,7111.54166666666,9566.33333333333,8358.94736842105,0.0
202104중순,배추,배추,상,10키로망대,7079.75925925926,9217.75,7964.231814065801,0.0
202104하순,배추,배추,상,10키로망대,8231.66666666666,8996.77777777777,7143.39930151338,0.0
202105상순,배추,배추,상,10키로망대,6861.21296296296,6507.125,5404.91452991453,0.0
202105중순,배추,배추,상,10키로망대,5888.46759259259,4590.88888888888,4099.15254237288,0.0
202105하순,배추,배추,상,10키로망대,5306.55925925925,5712.77777777777,3499.25149700598,0.0
202106상순,배추,배추,상,10키로망대,4695.53703703703,6225.66666666666,5496.84210526315,0.0
202106중순,배추,배추,상,10키로망대,4909.34259259259,5418.375,3155.29010238907,0.0
202106하순,배추,배추,상,10키로망대,5390.17129629629,5138.0,5413.325183374081,0.0
202107상순,배추,배추,상,10키로망대,5678.10648148148,4671.66666666666,6266.41630901287,0.0
202107중순,배추,배추,상,10키로망대,7700.96296296296,4782.25,4070.85561497326,0.0
202107하순,배추,배추,상,10키로망대,10351.8222222222,6819.3,5735.2941176470495,0.0
202108상순,배추,배추,상,10키로망대,10942.7083333333,10284.2857142857,4062.5,0.0
202108중순,배추,배추,상,10키로망대,15009.0694444444,8024.77777777777,5732.14285714285,0.0
202108하순,배추,배추,상,10키로망대,17091.5148148148,9006.77777777777,10416.6666666666,0.0
202109상순,배추,배추,상,10키로망대,15997.7222222222,11554.3333333333,7735.4874041621,0.0
202109중순,배추,배추,상,10키로망대,15039.6804232804,13765.2857142857,9669.6055401324,0.0
202109하순,배추,배추,상,10키로망대,16509.6898148148,9141.5,7554.406130268199,0.0
202110상순,배추,배추,상,10키로망대,14047.499074074,6351.25,5998.67175826,0.0
202110중순,배추,배추,상,10키로망대,7183.39351851851,4705.66666666666,6170.74484456756,0.0
202110하순,배추,배추,상,10키로망대,5808.54814814814,6465.66666666666,5005.60224089635,0.0
202111상순,배추,배추,상,10키로망대,5840.30555555555,9495.0,3743.93530997304,0.0
202111중순,배추,배추,상,10키로망대,6978.47222222222,10626.8888888888,7902.99906279287,0.0
202111하순,배추,배추,상,10키로망대,6501.68981481481,9273.25,7693.8202247191,0.0
202112상순,배추,배추,상,10키로망대,5969.17129629629,8281.77777777777,5575.7575757575705,0.0
202112중순,배추,배추,상,10키로망대,5978.44907407407,7667.375,0.0,0.0
202112하순,배추,배추,상,10키로망대,5828.82222222222,7763.2,0.0,0.0
201801상순,양파,양파,상,1키로,1149.125,1144.42857142857,1073.43458246732,0.0
201801중순,양파,양파,상,1키로,1125.01388888888,1041.22222222222,993.191385902508,0.0
201801하순,양파,양파,상,1키로,1180.73333333333,1036.44444444444,1000.72452830188,0.0
201802상순,양파,양파,상,1키로,1192.2037037037,1045.77777777777,1010.85026837994,0.0
201802중순,양파,양파,상,1키로,1133.85648148148,1098.16666666666,1067.55388940955,0.0
201802하순,양파,양파,상,1키로,1227.75396825396,922.142857142857,956.389185943978,0.0
201803상순,양파,양파,상,1키로,1242.89814814814,879.0,817.69579503565,0.0
201803중순,양파,양파,상,1키로,1173.18518518518,675.125,694.224290901983,0.0
201803하순,양파,양파,상,1키로,1234.45555555555,644.0,620.869686435821,0.0
201804상순,양파,양파,상,1키로,1276.02777777777,647.25,489.089530689258,0.0
201804중순,양파,양파,상,1키로,1062.51388888888,759.777777777777,553.10552907101,0.0
201804하순,양파,양파,상,1키로,812.444444444444,954.375,700.555852502563,0.0
201805상순,양파,양파,상,1키로,796.217592592592,835.888888888888,700.267586639485,0.0
201805중순,양파,양파,상,1키로,769.962962962962,592.5,527.020054245577,0.0
201805하순,양파,양파,상,1키로,738.074074074074,553.4,467.925662598027,0.0
201806상순,양파,양파,상,1키로,828.569444444444,679.25,451.930089555056,0.0
201806중순,양파,양파,상,1키로,911.421296296296,741.888888888888,477.783323606614,0.0
201806하순,양파,양파,상,1키로,863.939814814814,658.777777777777,430.25599997854,0.0
201807상순,양파,양파,상,1키로,904.180555555555,697.375,441.644095924598,0.0
201807중순,양파,양파,상,1키로,878.629629629629,712.666666666666,411.09232193333,0.0
201807하순,양파,양파,상,1키로,921.111111111111,799.222222222222,465.082119313095,0.0
201808상순,양파,양파,상,1키로,995.268518518518,910.875,473.512566834484,0.0
201808중순,양파,양파,상,1키로,990.555555555555,803.625,659.466585712654,0.0
201808하순,양파,양파,상,1키로,975.196296296296,809.9,657.185859902355,0.0
201809상순,양파,양파,상,1키로,996.134259259259,789.875,659.657769765729,0.0
201809중순,양파,양파,상,1키로,1024.30793650793,764.333333333333,660.025113870013,0.0
201809하순,양파,양파,상,1키로,1012.33333333333,717.6,700.219603201998,0.0
201810상순,양파,양파,상,1키로,1048.71574074074,807.888888888888,612.339819499059,0.0
201810중순,양파,양파,상,1키로,1019.03703703703,708.0,603.149445308148,0.0
201810하순,양파,양파,상,1키로,1011.81481481481,713.777777777777,657.476686671503,0.0
201811상순,양파,양파,상,1키로,1054.29166666666,724.111111111111,604.74571858904,0.0
201811중순,양파,양파,상,1키로,1036.49074074074,719.625,605.256196713906,0.0
201811하순,양파,양파,상,1키로,1022.22222222222,677.222222222222,615.64520595536,0.0
201812상순,양파,양파,상,1키로,1005.04166666666,648.75,584.863681035651,0.0
201812중순,양파,양파,상,1키로,977.138888888889,695.666666666666,518.346469380749,0.0
201812하순,양파,양파,상,1키로,983.333333333333,650.0,560.016265843447,0.0
201901상순,양파,양파,상,1키로,1056.36309523809,721.857142857142,400.763449068695,0.0
201901중순,양파,양파,상,1키로,996.013888888888,582.625,520.088873041932,0.0
201901하순,양파,양파,상,1키로,1019.64814814814,574.6,487.938808100027,0.0
201902상순,양파,양파,상,1키로,1052.62962962962,610.4,518.701871229987,0.0
201902중순,양파,양파,상,1키로,1033.76388888888,645.333333333333,528.783210607081,0.0
201902하순,양파,양파,상,1키로,1031.65873015873,593.428571428571,444.018108205247,0.0
201903상순,양파,양파,상,1키로,995.898148148148,668.375,545.218553078041,0.0
201903중순,양파,양파,상,1키로,892.310185185185,667.333333333333,559.343474170233,0.0
201903하순,양파,양파,상,1키로,909.922222222222,762.444444444444,548.847303878855,0.0
201904상순,양파,양파,상,1키로,944.777777777777,1005.77777777777,715.426173995673,0.0
201904중순,양파,양파,상,1키로,834.069444444444,973.666666666666,792.821270164472,0.0
201904하순,양파,양파,상,1키로,812.444444444444,729.25,667.874041188507,0.0
201905상순,양파,양파,상,1키로,753.513888888888,725.666666666666,630.200077954474,0.0
201905중순,양파,양파,상,1키로,636.166666666666,488.625,485.878733755992,0.0
201905하순,양파,양파,상,1키로,600.318518518518,498.5,467.697962107604,0.0
201906상순,양파,양파,상,1키로,722.194444444444,464.5,415.206481596882,0.0
201906중순,양파,양파,상,1키로,807.606481481481,397.666666666666,289.701721621633,0.0
201906하순,양파,양파,상,1키로,804.407407407407,449.625,282.402800061376,0.0
201907상순,양파,양파,상,1키로,853.75,389.888888888888,277.725828392318,0.0
201907중순,양파,양파,상,1키로,858.444444444444,413.0,275.033447393569,0.0
201907하순,양파,양파,상,1키로,917.148148148148,426.666666666666,324.469470175445,0.0
201908상순,양파,양파,상,1키로,1016.70833333333,538.375,407.030722355252,0.0
201908중순,양파,양파,상,1키로,949.597222222222,502.25,408.949310795854,0.0
201908하순,양파,양파,상,1키로,942.829629629629,473.5,409.489049813781,0.0
201909상순,양파,양파,상,1키로,960.425925925926,495.625,454.391407798491,0.0
201909중순,양파,양파,상,1키로,963.466666666666,538.857142857142,479.048388454094,0.0
201909하순,양파,양파,상,1키로,935.199999999999,494.0,449.926048064635,0.0
201910상순,양파,양파,상,1키로,1016.27129629629,449.888888888888,466.288915943094,0.0
201910중순,양파,양파,상,1키로,947.703703703703,510.0,441.775753922117,0.0
201910하순,양파,양파,상,1키로,933.074074074074,522.6,486.781408406769,0.0
201911상순,양파,양파,상,1키로,979.703703703703,529.625,528.972248774081,0.0
201911중순,양파,양파,상,1키로,975.958333333333,576.555555555555,581.712424405385,0.0
201911하순,양파,양파,상,1키로,952.703703703703,641.444444444444,587.954198088566,0.0
201912상순,양파,양파,상,1키로,935.5,801.625,704.005138861875,0.0
201912중순,양파,양파,상,1키로,949.472222222222,728.0,712.721681163973,0.0
201912하순,양파,양파,상,1키로,933.925925925926,784.111111111111,734.44746258946,0.0
202001상순,양파,양파,상,1키로,1032.5238095238,933.428571428571,902.313183067956,0.0
202001중순,양파,양파,상,1키로,940.097222222222,898.25,891.401442428687,0.0
202001하순,양파,양파,상,1키로,964.625925925925,929.75,965.938262915961,0.0
202002상순,양파,양파,상,1키로,1003.76296296296,929.375,680.383905758317,0.0
202002중순,양파,양파,상,1키로,1017.09722222222,1014.77777777777,942.71829912906,0.0
202002하순,양파,양파,상,1키로,1031.65873015873,1489.875,1175.98341102095,0.0
202003상순,양파,양파,상,1키로,995.898148148148,1132.0,1072.8635549363,0.0
202003중순,양파,양파,상,1키로,892.310185185185,1090.22222222222,900.663711713587,0.0
202003하순,양파,양파,상,1키로,949.403703703703,1123.88888888888,833.923509383165,0.0
202004상순,양파,양파,상,1키로,1064.28703703703,1081.55555555555,866.738363610927,0.0
202004중순,양파,양파,상,1키로,923.0,986.125,820.943413443442,0.0
202004하순,양파,양파,상,1키로,812.444444444444,909.888888888888,784.650865168133,0.0
202005상순,양파,양파,상,1키로,788.810185185185,856.25,746.403383072554,0.0
202005중순,양파,양파,상,1키로,636.166666666666,854.555555555555,710.492745122683,0.0
202005하순,양파,양파,상,1키로,600.318518518518,709.0,633.092980808794,0.0
202006상순,양파,양파,상,1키로,722.194444444444,613.333333333333,555.862910040287,0.0
202006중순,양파,양파,상,1키로,807.606481481481,698.666666666666,461.613748405557,0.0
202006하순,양파,양파,상,1키로,804.407407407407,774.0,554.449583718778,0.0
202007상순,양파,양파,상,1키로,853.75,664.333333333333,653.592874299439,0.0
202007중순,양파,양파,상,1키로,858.444444444444,796.875,558.151211935122,0.0
202007하순,양파,양파,상,1키로,917.148148148147,899.8,703.406998158379,0.0
202008상순,양파,양파,상,1키로,1016.70833333333,977.857142857142,772.656097560975,0.0
202008중순,양파,양파,상,1키로,949.597222222222,1002.11111111111,723.095112052232,0.0
202008하순,양파,양파,상,1키로,942.829629629629,1009.33333333333,784.198025909932,0.0
202009상순,양파,양파,상,1키로,960.425925925926,1102.44444444444,718.680186170212,0.0
202009중순,양파,양파,상,1키로,963.466666666666,1043.875,907.947846937756,0.0
202009하순,양파,양파,상,1키로,935.199999999999,1063.44444444444,1297.2784184514,0.0
202010상순,양파,양파,상,1키로,1016.27129629629,1245.16666666666,1247.894978216,0.0
202010중순,양파,양파,상,1키로,947.703703703703,1169.125,1235.90294840294,0.0
202010하순,양파,양파,상,1키로,933.074074074073,1221.1,1302.60866431197,0.0
202011상순,양파,양파,상,1키로,979.703703703703,1283.375,1297.25716983358,0.0
202011중순,양파,양파,상,1키로,975.958333333333,1296.44444444444,1308.66814650388,0.0
202011하순,양파,양파,상,1키로,952.703703703703,1333.5,1230.5643221399,0.0
202012상순,양파,양파,상,1키로,986.458333333333,1294.22222222222,1226.12498415515,0.0
202012중순,양파,양파,상,1키로,960.249999999999,1289.875,1170.3436298226,0.0
202012하순,양파,양파,상,1키로,978.629629629629,1419.7,1275.14291854717,0.0
202101상순,양파,양파,상,1키로,1103.04761904761,1571.16666666666,0.0,0.0
202101중순,양파,양파,상,1키로,1045.30555555555,1707.22222222222,1749.2005497652,0.0
202101하순,양파,양파,상,1키로,1083.00925925925,1691.44444444444,1708.04445694991,0.0
202102상순,양파,양파,상,1키로,1110.08796296296,1752.11111111111,1748.29596412556,0.0
202102중순,양파,양파,상,1키로,1139.68981481481,2001.42857142857,1906.32911392405,0.0
202102하순,양파,양파,상,1키로,1254.67261904761,2021.16666666666,2107.12158808933,0.0
202103상순,양파,양파,상,1키로,1127.48148148148,1825.0,1793.85259342366,0.0
202103중순,양파,양파,상,1키로,1032.5324074074,1973.22222222222,1703.17154811715,0.0
202103하순,양파,양파,상,1키로,1092.47777777777,1555.55555555555,1666.77972786432,0.0
202104상순,양파,양파,상,1키로,1150.69444444444,1348.88888888888,1353.57390968737,0.0
202104중순,양파,양파,상,1키로,998.449074074074,944.75,910.698948053356,0.0
202104하순,양파,양파,상,1키로,837.37037037037,715.333333333333,706.295047836216,0.0
202105상순,양파,양파,상,1키로,805.935185185185,660.75,752.466930171278,0.0
202105중순,양파,양파,상,1키로,669.388888888888,522.888888888888,625.05441778818,0.0
202105하순,양파,양파,상,1키로,622.725925925925,548.888888888888,595.983870967742,0.0
202106상순,양파,양파,상,1키로,656.231481481481,575.888888888888,602.497321428571,0.0
202106중순,양파,양파,상,1키로,708.310185185185,694.625,495.043750816246,0.0
202106하순,양파,양파,상,1키로,703.074074074074,687.666666666666,410.538267017598,0.0
202107상순,양파,양파,상,1키로,692.402777777777,676.666666666666,564.571150097465,0.0
202107중순,양파,양파,상,1키로,726.291666666666,683.375,0.0,0.0
202107하순,양파,양파,상,1키로,827.748148148148,735.5,0.0,0.0
202108상순,양파,양파,상,1키로,919.952380952381,911.857142857142,0.0,0.0
202108중순,양파,양파,상,1키로,870.467592592592,873.888888888888,0.0,0.0
202108하순,양파,양파,상,1키로,899.374074074074,874.0,0.0,0.0
202109상순,양파,양파,상,1키로,925.699074074074,959.666666666666,0.0,0.0
202109중순,양파,양파,상,1키로,914.53611111111,907.857142857142,652.173913043478,0.0
202109하순,양파,양파,상,1키로,903.644444444444,854.833333333333,0.0,0.0
202110상순,양파,양파,상,1키로,1010.06018518518,892.875,0.0,0.0
202110중순,양파,양파,상,1키로,933.449074074074,900.333333333333,0.0,0.0
202110하순,양파,양파,상,1키로,933.074074074074,937.333333333333,0.0,0.0
202111상순,양파,양파,상,1키로,979.703703703703,907.333333333333,0.0,0.0
202111중순,양파,양파,상,1키로,975.958333333333,908.666666666666,0.0,0.0
202111하순,양파,양파,상,1키로,952.703703703703,855.0,0.0,0.0
202112상순,양파,양파,상,1키로,986.458333333333,816.333333333333,0.0,0.0
202112중순,양파,양파,상,1키로,960.249999999999,734.875,0.0,0.0
202112하순,양파,양파,상,1키로,978.629629629629,695.1,0.0,0.0
201801상순,대파,대파(일반),상,1키로단,1620.0291005291,1685.28571428571,1413.41966875507,465.942028985507
201801중순,대파,대파(일반),상,1키로단,1422.50925925925,1624.88888888888,1402.36715954858,632.8125
201801하순,대파,대파(일반),상,1키로단,1520.26666666666,1834.33333333333,1471.81718626755,900.0
201802상순,대파,대파(일반),상,1키로단,1793.42129629629,2530.11111111111,2162.91580551068,665.882352941176
201802중순,대파,대파(일반),상,1키로단,1977.73214285714,1537.83333333333,1508.02545989442,1516.95906432748
201802하순,대파,대파(일반),상,1키로단,1889.74603174603,1444.28571428571,1259.89974251728,625.0
201803상순,대파,대파(일반),상,1키로단,1913.81018518518,1426.0,1328.44043651803,0.0
201803중순,대파,대파(일반),상,1키로단,1816.84722222222,1309.125,1087.46959138453,0.0
201803하순,대파,대파(일반),상,1키로단,1716.19259259259,1121.2,912.815094164918,352.631578947368
201804상순,대파,대파(일반),상,1키로단,1814.7037037037,914.125,740.473503359302,100.0
201804중순,대파,대파(일반),상,1키로단,1640.25462962962,787.444444444444,662.783408316925,187.096774193548
201804하순,대파,대파(일반),상,1키로단,1653.62962962962,1001.75,775.726951364704,573.584905660377
201805상순,대파,대파(일반),상,1키로단,1710.49537037037,1254.0,821.087180495103,0.0
201805중순,대파,대파(일반),상,1키로단,1521.39351851851,883.625,698.240168415392,500.0
201805하순,대파,대파(일반),상,1키로단,1511.76296296296,1385.3,1087.54128826983,194.871794871794
201806상순,대파,대파(일반),상,1키로단,1322.68055555555,1237.0,1016.37296205952,500.0
201806중순,대파,대파(일반),상,1키로단,1218.27314814814,1148.88888888888,1003.76311559395,570.434782608695
201806하순,대파,대파(일반),상,1키로단,1023.70833333333,1288.88888888888,1048.73064115584,700.0
201807상순,대파,대파(일반),상,1키로단,1128.79629629629,1323.625,1043.20234389804,593.956043956043
201807중순,대파,대파(일반),상,1키로단,1176.77777777777,1202.77777777777,935.629222704925,742.857142857142
201807하순,대파,대파(일반),상,1키로단,1256.81481481481,1399.88888888888,1166.95912600552,615.78947368421
201808상순,대파,대파(일반),상,1키로단,1503.16666666666,1608.75,1417.8145740288,760.0
201808중순,대파,대파(일반),상,1키로단,1538.05555555555,1843.125,1575.01148135393,799.259259259259
201808하순,대파,대파(일반),상,1키로단,1759.92592592592,2981.1,2337.52417881797,1387.29508196721
201809상순,대파,대파(일반),상,1키로단,1640.35185185185,2997.375,2440.54955208452,1321.22905027932
201809중순,대파,대파(일반),상,1키로단,1738.30621693121,2670.66666666666,2261.63318820864,1476.48741418764
201809하순,대파,대파(일반),상,1키로단,1627.32804232804,2904.0,2397.92103449111,1654.18326693227
201810상순,대파,대파(일반),상,1키로단,1665.94907407407,2809.44444444444,2137.36178086155,1101.17493472584
201810중순,대파,대파(일반),상,1키로단,1301.80555555555,1848.77777777777,1546.92478699826,943.021346469622
201810하순,대파,대파(일반),상,1키로단,1256.75185185185,1907.77777777777,1539.62483257934,1259.41080196399
201811상순,대파,대파(일반),상,1키로단,1287.66666666666,1852.44444444444,1409.88870619898,836.190476190476
201811중순,대파,대파(일반),상,1키로단,1532.22685185185,1827.75,1441.25360681178,710.63829787234
201811하순,대파,대파(일반),상,1키로단,1673.9537037037,1606.22222222222,1254.52200899381,442.207792207792
201812상순,대파,대파(일반),상,1키로단,1764.06944444444,1827.375,1439.86244656665,513.084112149532
201812중순,대파,대파(일반),상,1키로단,1535.62037037037,1530.66666666666,1296.93022299432,625.0
201812하순,대파,대파(일반),상,1키로단,1511.73333333333,1412.0,1138.60260316161,556.0
201901상순,대파,대파(일반),상,1키로단,1525.07671957671,1500.85714285714,1282.73265470446,680.0
201901중순,대파,대파(일반),상,1키로단,1410.84722222222,1188.5,989.912371224893,1340.0
201901하순,대파,대파(일반),상,1키로단,1665.97777777777,1170.7,1006.66916413898,1362.89082521783
201902상순,대파,대파(일반),상,1키로단,2000.625,1156.4,1044.87211517858,0.0
201902중순,대파,대파(일반),상,1키로단,1746.77182539682,1170.33333333333,978.476267506055,357.142857142857
201902하순,대파,대파(일반),상,1키로단,1785.41269841269,953.142857142857,867.948893490183,0.0
201903상순,대파,대파(일반),상,1키로단,1711.01851851851,914.375,774.850907953478,0.0
201903중순,대파,대파(일반),상,1키로단,1605.66666666666,851.222222222222,732.695566535933,185.483870967741
201903하순,대파,대파(일반),상,1키로단,1445.88888888888,698.444444444444,610.817948627902,817.142857142857
201904상순,대파,대파(일반),상,1키로단,1450.37037037037,842.111111111111,734.71899591054,385.473684210526
201904중순,대파,대파(일반),상,1키로단,1248.47685185185,829.666666666666,705.194677464896,600.0
201904하순,대파,대파(일반),상,1키로단,1293.62037037037,894.625,719.930546909098,675.0
201905상순,대파,대파(일반),상,1키로단,1481.23611111111,1187.22222222222,938.402390475228,900.0
201905중순,대파,대파(일반),상,1키로단,1308.06018518518,1414.375,1081.16388884103,648.936170212766
201905하순,대파,대파(일반),상,1키로단,1504.39629629629,1718.9,1285.61186384593,839.813581890812
201906상순,대파,대파(일반),상,1키로단,1329.88888888888,1756.125,1421.07062886146,774.859550561797
201906중순,대파,대파(일반),상,1키로단,1219.08796296296,1439.77777777777,1173.67387700008,1005.3633217993
201906하순,대파,대파(일반),상,1키로단,1173.29629629629,1370.875,1102.019689167,804.830287206266
201907상순,대파,대파(일반),상,1키로단,1250.70833333333,1561.66666666666,1200.70310999032,858.048780487804
201907중순,대파,대파(일반),상,1키로단,1229.62962962962,1563.55555555555,1256.66955669154,640.493827160493
201907하순,대파,대파(일반),상,1키로단,1318.44444444444,1582.88888888888,1230.62812460271,703.544303797468
201908상순,대파,대파(일반),상,1키로단,1640.08333333333,1908.625,1455.52997263711,866.273932253313
201908중순,대파,대파(일반),상,1키로단,1699.26388888888,1623.625,1377.10587937915,810.31746031746
201908하순,대파,대파(일반),상,1키로단,1983.42592592592,1334.9,1187.62372153355,647.912992357436
201909상순,대파,대파(일반),상,1키로단,1824.9074074074,1732.0,1394.15490341448,960.851823514409
201909중순,대파,대파(일반),상,1키로단,1928.11574074074,1701.14285714285,1456.53040558646,1040.7055093143
201909하순,대파,대파(일반),상,1키로단,1818.67195767195,1683.875,1381.02116716061,660.867385309601
201910상순,대파,대파(일반),상,1키로단,2004.43055555555,1734.11111111111,1431.05335413801,807.014925373134
201910중순,대파,대파(일반),상,1키로단,1542.68981481481,1503.25,1262.89485528619,870.746736292428
201910하순,대파,대파(일반),상,1키로단,1512.51111111111,1576.8,1218.27421548162,797.248968363136
201911상순,대파,대파(일반),상,1키로단,1504.18981481481,1468.0,1171.59265811787,658.970358814352
201911중순,대파,대파(일반),상,1키로단,1637.625,1571.33333333333,1255.22724706297,791.9795221843
201911하순,대파,대파(일반),상,1키로단,1741.73148148148,1425.33333333333,1136.79090341737,724.345847554038
201912상순,대파,대파(일반),상,1키로단,1848.23611111111,1494.25,1153.02485123466,541.871921182266
201912중순,대파,대파(일반),상,1키로단,1631.10185185185,1333.0,1050.1258185147,570.287769784172
201912하순,대파,대파(일반),상,1키로단,1630.84444444444,1405.66666666666,1135.65075637788,693.419593345656
202001상순,대파,대파(일반),상,1키로단,1669.4365079365,1406.28571428571,1171.92958087148,646.121883656509
202001중순,대파,대파(일반),상,1키로단,1486.38888888888,1084.625,940.28124831588,872.584856396866
202001하순,대파,대파(일반),상,1키로단,1692.84444444444,926.375,842.674479925464,540.588988476312
202002상순,대파,대파(일반),상,1키로단,2000.625,1106.125,903.700974035876,636.245954692556
202002중순,대파,대파(일반),상,1키로단,1746.77182539682,924.555555555555,800.631627467205,485.818181818181
202002하순,대파,대파(일반),상,1키로단,1785.41269841269,922.125,821.060688176762,647.282608695652
202003상순,대파,대파(일반),상,1키로단,1711.01851851851,807.375,736.59381354625,548.6328125
202003중순,대파,대파(일반),상,1키로단,1605.66666666666,788.0,705.169836834526,483.898305084745
202003하순,대파,대파(일반),상,1키로단,1445.88888888888,766.111111111111,679.644021079348,469.146005509641
202004상순,대파,대파(일반),상,1키로단,1449.74537037037,823.333333333333,701.575181116283,423.214285714285
202004중순,대파,대파(일반),상,1키로단,1262.55092592592,905.375,786.977736502429,339.285714285714
202004하순,대파,대파(일반),상,1키로단,1293.62037037037,1138.22222222222,900.699278777102,430.263157894736
202005상순,대파,대파(일반),상,1키로단,1481.23611111111,1324.875,1056.17954557848,583.766233766233
202005중순,대파,대파(일반),상,1키로단,1484.97685185185,1449.11111111111,1191.03552425602,826.079734219269
202005하순,대파,대파(일반),상,1키로단,1627.51111111111,1503.0,1303.94935419192,862.514285714285
202006상순,대파,대파(일반),상,1키로단,1502.96759259259,1363.88888888888,1217.41124616308,650.42735042735
202006중순,대파,대파(일반),상,1키로단,1322.13888888888,1622.88888888888,1418.27484672646,1028.96341463414
202006하순,대파,대파(일반),상,1키로단,1310.77314814814,1555.0,1333.79035887287,620.990566037735
202007상순,대파,대파(일반),상,1키로단,1413.34722222222,1448.22222222222,1088.59072812499,709.375
202007중순,대파,대파(일반),상,1키로단,1351.18518518518,1758.0,1375.84782373936,869.333333333333
202007하순,대파,대파(일반),상,1키로단,1518.07407407407,1718.3,1297.88049887044,531.25
202008상순,대파,대파(일반),상,1키로단,1801.70833333333,2950.85714285714,2087.61015860454,668.577981651376
202008중순,대파,대파(일반),상,1키로단,1746.54629629629,2571.66666666666,1970.79214138275,1236.65559246954
202008하순,대파,대파(일반),상,1키로단,1983.42592592592,2312.44444444444,1872.53728456759,1121.59858442871
202009상순,대파,대파(일반),상,1키로단,1824.9074074074,2712.77777777777,2205.36918072114,1150.31826861871
202009중순,대파,대파(일반),상,1키로단,1928.11574074074,2425.875,2176.97946968404,1319.03851986654
202009하순,대파,대파(일반),상,1키로단,1824.77843915343,2661.0,2342.88710846053,1723.93475584735
202010상순,대파,대파(일반),상,1키로단,2004.43055555555,2905.0,2529.34440148817,1675.6335282651
202010중순,대파,대파(일반),상,1키로단,1608.21759259259,2530.5,2127.53798344129,1279.50796757059
202010하순,대파,대파(일반),상,1키로단,1635.59259259259,2776.7,2304.51058806945,1435.27298850574
202011상순,대파,대파(일반),상,1키로단,1620.18981481481,2771.125,2374.56802051598,1339.96138996139
202011중순,대파,대파(일반),상,1키로단,1722.36111111111,2803.66666666666,2399.41053197518,1472.37293765917
202011하순,대파,대파(일반),상,1키로단,1741.73148148148,2259.25,1981.46366024614,982.77027027027
202012상순,대파,대파(일반),상,1키로단,1828.78703703703,1782.88888888888,1608.25390952273,929.86577181208
202012중순,대파,대파(일반),상,1키로단,1631.10185185185,1913.375,1694.55711337349,771.153846153846
202012하순,대파,대파(일반),상,1키로단,1630.84444444444,1782.9,1697.55458114143,888.582677165354
202101상순,대파,대파(일반),상,1키로단,1669.4365079365,2759.5,2462.21846094169,1256.57894736842
202101중순,대파,대파(일반),상,1키로단,1486.38888888888,3285.33333333333,2952.02479608239,2116.23711340206
202101하순,대파,대파(일반),상,1키로단,1692.84444444444,3452.22222222222,3222.19675697492,2966.61490683229
202102상순,대파,대파(일반),상,1키로단,1935.46666666666,4306.55555555555,4096.52659589885,2890.09900990099
202102중순,대파,대파(일반),상,1키로단,1609.93055555555,4670.14285714285,4411.3365397742,3414.28571428571
202102하순,대파,대파(일반),상,1키로단,1562.23809523809,5488.83333333333,5246.30101961384,3738.65698729582
202103상순,대파,대파(일반),상,1키로단,1555.97685185185,5175.88888888888,4893.72395283077,3047.29729729729
202103중순,대파,대파(일반),상,1키로단,1441.4074074074,4386.22222222222,3941.62854321464,1878.09917355371
202103하순,대파,대파(일반),상,1키로단,1310.37037037037,4440.88888888888,4009.68954487491,1740.25974025974
202104상순,대파,대파(일반),상,1키로단,1261.41203703703,4296.22222222222,3889.43813949061,1052.94117647058
202104중순,대파,대파(일반),상,1키로단,1087.71759259259,4370.0,3897.93229136079,2112.28813559322
202104하순,대파,대파(일반),상,1키로단,1134.6574074074,3715.22222222222,3064.2649902191,1450.28409090909
202105상순,대파,대파(일반),상,1키로단,1367.73611111111,3749.0,2919.63821017734,1233.48214285714
202105중순,대파,대파(일반),상,1키로단,1414.79166666666,2249.44444444444,1938.4279642335,1151.42857142857
202105하순,대파,대파(일반),상,1키로단,1535.73333333333,1445.55555555555,1324.33728746999,1325.92592592592
202106상순,대파,대파(일반),상,1키로단,1372.22222222222,1183.11111111111,1029.0898554893,730.263157894736
202106중순,대파,대파(일반),상,1키로단,1322.13888888888,1052.75,890.906040841707,527.941176470588
202106하순,대파,대파(일반),상,1키로단,1310.77314814814,850.333333333333,754.847654194969,450.819672131147
202107상순,대파,대파(일반),상,1키로단,1375.5324074074,1022.22222222222,859.918498644673,447.069597069597
202107중순,대파,대파(일반),상,1키로단,1351.18518518518,884.375,696.201119874966,414.067278287461
202107하순,대파,대파(일반),상,1키로단,1518.07407407407,844.3,718.060980048928,328.846153846153
202108상순,대파,대파(일반),상,1키로단,1801.70833333333,1382.28571428571,1265.43837074516,450.0
202108중순,대파,대파(일반),상,1키로단,1849.0,1165.11111111111,971.152956335138,455.179282868525
202108하순,대파,대파(일반),상,1키로단,2075.68518518518,1342.22222222222,1188.8269183054,617.813051146384
202109상순,대파,대파(일반),상,1키로단,2138.64814814814,1490.33333333333,1318.98352676751,682.965931863727
202109중순,대파,대파(일반),상,1키로단,2138.0324074074,1849.71428571428,1569.51779549004,973.784078516902
202109하순,대파,대파(일반),상,1키로단,2119.58796296296,1274.16666666666,1198.27418217301,678.190255220417
202110상순,대파,대파(일반),상,1키로단,2339.35648148148,1316.375,1059.86351548458,442.619047619047
202110중순,대파,대파(일반),상,1키로단,1755.1574074074,1427.55555555555,1271.21689706197,489.226100151745
202110하순,대파,대파(일반),상,1키로단,1850.04444444444,1601.33333333333,1330.59056830473,663.672391017173
202111상순,대파,대파(일반),상,1키로단,1818.11111111111,1582.77777777777,1361.5408768073,607.181571815718
202111중순,대파,대파(일반),상,1키로단,1934.81944444444,1754.22222222222,1486.24293598007,542.758620689655
202111하순,대파,대파(일반),상,1키로단,1774.89814814814,1460.25,1157.20000739437,523.018292682926
202112상순,대파,대파(일반),상,1키로단,1728.37962962962,1619.0,1320.63445982063,637.676767676767
202112중순,대파,대파(일반),상,1키로단,1677.64351851851,1217.125,1031.31985339256,424.6875
202112하순,대파,대파(일반),상,1키로단,1581.41111111111,1322.2,1162.14121401373,478.438661710037
