YYYYMMSOON,가락시장 품목코드(5자리),품목(품종)명,거래단위,등급(특 5% 상 35% 중 40% 하 20%),평균가격(원),전순 평균가격(원) PreVious SOON,전달 평균가격(원) PreVious MMonth,전년 평균가격(원) PreVious YeaR,평년 평균가격(원) Common Year SOON,year,soon,date,품목-품종,품목명_x,month,original_day,month_1,month_2,month_3,month_4,month_5,month_6,month_7,month_8,month_9,month_10,month_11,month_12,day_1,day_11,day_21,주산지,지역 이름,순 강수량,순 평균기온,주산지 순 강수량,주산지 순 평균기온,단수,총반입량(kg),년도,품목명_y,생산량(톤),반입량_생산량비
201801상순,21100,배추,10키로망대,상,5419.85714285714,5293.33333333333,5242.125,9213.42857142857,6071.72619047619,2018,상순,2018-01-01,배추,배추,1,1,True,False,False,False,False,False,False,False,False,False,False,False,True,False,False,,,,,,,768.0525318691199,15298460.4,2018,배추,2391946,0.006395821812030873
201801중순,21100,배추,10키로망대,상,5319.33333333333,5419.85714285714,5553.22222222222,9083.77777777777,5938.14351851851,2018,중순,2018-01-11,배추,배추,1,11,True,False,False,False,False,False,False,False,False,False,False,False,False,True,False,,,,,,,768.0525318691199,14047821.8,2018,배추,2391946,0.005872967784389782
201801하순,21100,배추,10키로망대,상,6734.77777777777,5319.33333333333,5293.33333333333,8292.16666666666,6245.35185185184,2018,하순,2018-01-21,배추,배추,1,21,True,False,False,False,False,False,False,False,False,False,False,False,False,False,True,,,1.7906040268456305,0.19189061763319182,,,768.0525318691199,13584056.2,2018,배추,2391946,0.005679081467558213
201802상순,21100,배추,10키로망대,상,8942.22222222222,6734.77777777777,5419.85714285714,9323.0,6413.72023809523,2018,상순,2018-02-01,배추,배추,2,1,False,True,False,False,False,False,False,False,False,False,False,False,True,False,False,,,2.0697986577181133,0.18170878459687118,,,768.0525318691199,19202567.4,2018,배추,2391946,0.008028010414950838
201802중순,21100,배추,10키로망대,상,7247.16666666666,8942.22222222222,5319.33333333333,9243.25,7099.14682539682,2018,중순,2018-02-11,배추,배추,2,11,False,True,False,False,False,False,False,False,False,False,False,False,False,True,False,,,2.1825503355704594,0.19601806239737268,,,768.0525318691199,12544684.0,2018,배추,2391946,0.005244551507433696
201802하순,21100,배추,10키로망대,상,7890.71428571428,7247.16666666666,6734.77777777777,8866.57142857143,7303.74603174603,2018,하순,2018-02-21,배추,배추,2,21,False,True,False,False,False,False,False,False,False,False,False,False,False,False,True,,,3.903355704697975,0.21060880048221814,,,768.0525318691199,13837864.8,2018,배추,2391946,0.005785191137258116
201803상순,21100,배추,10키로망대,상,8168.22222222222,7890.71428571428,8942.22222222222,8641.0,7526.08333333333,2018,상순,2018-03-01,배추,배추,3,1,False,False,True,False,False,False,False,False,False,False,False,False,True,False,False,,,7.78657718120804,0.23036622056229894,,,768.0525318691199,17148633.8,2018,배추,2391946,0.007169323136893559
201803중순,21100,배추,10키로망대,상,7796.625,8168.22222222222,7247.16666666666,8090.375,7194.05092592592,2018,중순,2018-03-11,배추,배추,3,11,False,False,True,False,False,False,False,False,False,False,False,False,False,True,False,,,10.116778523489916,0.2478007267163893,,,768.0525318691199,17514079.6,2018,배추,2391946,0.007322104930462477
201803하순,21100,배추,10키로망대,상,7996.1,7796.625,7890.71428571428,6777.9,6674.0037037037,2018,하순,2018-03-21,배추,배추,3,21,False,False,True,False,False,False,False,False,False,False,False,False,False,False,True,,,10.54765100671139,0.26639380336238,,,768.0525318691199,19127038.4,2018,배추,2391946,0.007996434033209779
201804상순,21100,배추,10키로망대,상,7503.375,7996.1,8168.22222222222,6241.25,6520.00925925926,2018,상순,2018-04-01,배추,배추,4,1,False,False,False,True,False,False,False,False,False,False,False,False,True,False,False,,,12.995973154362398,0.2843642611683848,,,768.0525318691199,17868526.8,2018,배추,2391946,0.007470288543303235
201804중순,21100,배추,10키로망대,상,7082.22222222222,7503.375,7796.625,5653.55555555555,6365.14814814814,2018,중순,2018-04-11,배추,배추,4,11,False,False,False,True,False,False,False,False,False,False,False,False,False,True,False,,,14.036241610738232,0.3011923870671864,,,768.0525318691199,19098076.4,2018,배추,2391946,0.00798432590033387
201804하순,21100,배추,10키로망대,상,6637.25,7082.22222222222,7996.1,6812.75,6845.54629629629,2018,하순,2018-04-21,배추,배추,4,21,False,False,False,True,False,False,False,False,False,False,False,False,False,False,True,,,17.69664429530199,0.3196356855995409,3.7288590604026806,0.3030935001737921,768.0525318691199,16120701.4,2018,배추,2391946,0.006739575809821794
201805상순,21100,배추,10키로망대,상,5589.44444444444,6637.25,7503.375,4340.44444444444,5822.19444444444,2018,상순,2018-05-01,배추,배추,5,1,False,False,False,False,True,False,False,False,False,False,False,False,True,False,False,,,20.276510067114067,0.3390342052313883,4.234899328859055,0.32061317677756024,768.0525318691199,20428936.2,2018,배추,2391946,0.00854071797607471
201805중순,21100,배추,10키로망대,상,4656.75,5589.44444444444,7082.22222222222,3352.88888888888,6993.99074074074,2018,중순,2018-05-11,배추,배추,5,11,False,False,False,False,True,False,False,False,False,False,False,False,False,True,False,,,23.012080536912727,0.3661301140174379,4.863087248322143,0.3447420634920634,768.0525318691199,16933607.4,2018,배추,2391946,0.0070794271275354875
201805하순,21100,배추,10키로망대,상,3770.7,4656.75,6637.25,3292.44444444444,5554.24074074074,2018,하순,2018-05-21,배추,배추,5,21,False,False,False,False,True,False,False,False,False,False,False,False,False,False,True,,,22.985234899328837,0.3965817321080478,4.834899328859056,0.3757763975155278,768.0525318691199,23984545.2,2018,배추,2391946,0.010027210146048448
201806상순,21100,배추,10키로망대,상,3345.125,3770.7,5589.44444444444,3719.0,4441.91203703703,2018,상순,2018-06-01,배추,배추,6,1,False,False,False,False,False,True,False,False,False,False,False,False,True,False,False,,,23.174496644295278,0.45911878264819433,,,768.0525318691199,20217417.8,2018,배추,2391946,0.008452288555009185
201806중순,21100,배추,10키로망대,상,4073.44444444444,3345.125,4656.75,3223.125,4604.60185185185,2018,중순,2018-06-11,배추,배추,6,11,False,False,False,False,False,True,False,False,False,False,False,False,False,True,False,,,23.558389261744946,0.5166626515699028,,,768.0525318691199,24147058.2,2018,배추,2391946,0.010095151897241828
201806하순,21100,배추,10키로망대,상,4684.0,4073.44444444444,3770.7,3405.88888888888,4714.04629629629,2018,하순,2018-06-21,배추,배추,6,21,False,False,False,False,False,True,False,False,False,False,False,False,False,False,True,,,36.81476510067111,0.5854011081667067,,,768.0525318691199,23712677.8,2018,배추,2391946,0.009913550640357266
201807상순,21100,배추,10키로망대,상,5479.25,4684.0,3345.125,4036.125,5034.54166666666,2018,상순,2018-07-01,배추,배추,7,1,False,False,False,False,False,False,True,False,False,False,False,False,True,False,False,,,45.178523489932864,0.6252692031586503,,,768.0525318691199,19239756.2,2018,배추,2391946,0.00804355792313037
201807중순,21100,배추,10키로망대,상,7957.0,5479.25,4073.44444444444,8333.0,6220.87962962963,2018,중순,2018-07-11,배추,배추,7,11,False,False,False,False,False,False,True,False,False,False,False,False,False,True,False,,,41.5194630872483,0.6800569800569799,,,768.0525318691199,20050351.4,2018,배추,2391946,0.008382443165522967
201807하순,21100,배추,10키로망대,상,11236.3333333333,7957.0,4684.0,12592.3333333333,6986.08148148148,2018,하순,2018-07-21,배추,배추,7,21,False,False,False,False,False,False,True,False,False,False,False,False,False,False,True,,,39.520805369127494,0.7149313962873284,,,768.0525318691199,17907881.999999993,2018,배추,2391946,0.0074867417575480355
201808상순,21100,배추,10키로망대,상,10779.125,11236.3333333333,5479.25,11745.375,8457.11309523809,2018,상순,2018-08-01,배추,배추,8,1,False,False,False,False,False,False,False,True,False,False,False,False,True,False,False,,,40.40671140939595,0.7491741197324954,,,768.0525318691199,18344071.4,2018,배추,2391946,0.007669099302409
201808중순,21100,배추,10키로망대,상,16234.625,10779.125,7957.0,14710.25,10555.0324074074,2018,중순,2018-08-11,배추,배추,8,11,False,False,False,False,False,False,False,True,False,False,False,False,False,True,False,,,39.13020134228186,0.7848828420256991,,,768.0525318691199,15025457.6,2018,배추,2391946,0.006281687630071916
201808하순,21100,배추,10키로망대,상,17582.9,16234.625,11236.3333333333,15073.2,11641.4629629629,2018,하순,2018-08-21,배추,배추,8,21,False,False,False,False,False,False,False,True,False,False,False,False,False,False,True,,,87.3677852348993,0.8124876506619244,17.66979865771812,0.796176046176046,768.0525318691199,19584279.6,2018,배추,2391946,0.00818759269649064
201809상순,21100,배추,10키로망대,상,10922.25,17582.9,10779.125,16348.25,11337.4583333333,2018,상순,2018-09-01,배추,배추,9,1,False,False,False,False,False,False,False,False,True,False,False,False,True,False,False,,,87.42416107382547,0.8224480399894765,17.68993288590604,0.80752453653217,768.0525318691199,26418842.4,2018,배추,2391946,0.011044915896930784
201809중순,21100,배추,10키로망대,상,9809.88888888888,10922.25,16234.625,14384.5555555555,10195.5343915343,2018,중순,2018-09-11,배추,배추,9,11,False,False,False,False,False,False,False,False,True,False,False,False,False,True,False,,,86.41073825503352,0.8317393903167962,,,768.0525318691199,47970833.2,2018,배추,2391946,0.020055148903863215
201809하순,21100,배추,10키로망대,상,7212.4,9809.88888888888,17582.9,12888.4444444444,8667.19576719576,2018,하순,2018-09-21,배추,배추,9,21,False,False,False,False,False,False,False,False,True,False,False,False,False,False,True,,,84.60268456375836,0.8315993063892224,,,768.0525318691199,16764519.6,2018,배추,2391946,0.007008736652081611
201810상순,21100,배추,10키로망대,상,6274.66666666666,7212.4,10922.25,14563.4,7084.73611111111,2018,상순,2018-10-01,배추,배추,10,1,False,False,False,False,False,False,False,False,False,True,False,False,True,False,False,,,100.92214765100668,0.8187689969604862,20.13154362416107,0.8040564373897708,768.0525318691199,28843702.59999999,2018,배추,2391946,0.012058676324632743
201810중순,21100,배추,10키로망대,상,5449.11111111111,6274.66666666666,9809.88888888888,4193.44444444444,3897.27314814814,2018,중순,2018-10-11,배추,배추,10,11,False,False,False,False,False,False,False,False,False,True,False,False,False,True,False,,,100.79731543624158,0.8065159574468085,20.240268456375833,0.7906525573192238,768.0525318691199,26087221.4,2018,배추,2391946,0.010906275225276825
201810하순,21100,배추,10키로망대,상,5499.88888888888,5449.11111111111,7212.4,3432.55555555555,3537.95185185185,2018,하순,2018-10-21,배추,배추,10,21,False,False,False,False,False,False,False,False,False,True,False,False,False,False,True,,,100.87919463087245,0.7939779635258358,20.338255033557044,0.7776014109347443,768.0525318691199,28687597.8,2018,배추,2391946,0.011993413647298059
201811상순,21100,배추,10키로망대,상,5468.77777777777,5499.88888888888,6274.66666666666,4279.55555555555,3962.22685185185,2018,상순,2018-11-01,배추,배추,11,1,False,False,False,False,False,False,False,False,False,False,True,False,True,False,False,,,89.55704697986573,0.7749338624338624,17.977181208053686,0.7575091575091575,768.0525318691199,34929068.39999999,2018,배추,2391946,0.014602783005970867
201811중순,21100,배추,10키로망대,상,4930.875,5468.77777777777,5449.11111111111,5084.75,4969.13888888889,2018,중순,2018-11-11,배추,배추,11,11,False,False,False,False,False,False,False,False,False,False,True,False,False,True,False,,,79.64832214765097,0.7536655905299973,16.393288590604023,0.7369963369963369,768.0525318691199,63443387.2,2018,배추,2391946,0.02652375396434535
201811하순,21100,배추,10키로망대,상,4795.0,4930.875,5499.88888888888,5434.0,5794.5787037037,2018,하순,2018-11-21,배추,배추,11,21,False,False,False,False,False,False,False,False,False,False,True,False,False,False,True,,,79.79731543624158,0.7201354679802956,,,768.0525318691199,69152743.8,2018,배추,2391946,0.028910662615293153
201812상순,21100,배추,10키로망대,상,4314.5,4795.0,5468.77777777777,5242.125,4583.59259259259,2018,상순,2018-12-01,배추,배추,12,1,False,False,False,False,False,False,False,False,False,False,False,True,True,False,False,,,81.28187919463085,0.6707072730915647,16.71140939597315,0.6430348258706466,768.0525318691199,38970012.6,2018,배추,2391946,0.016292179087654988
201812중순,21100,배추,10키로망대,상,3552.77777777777,4314.5,4930.875,5553.22222222222,4408.24537037037,2018,중순,2018-12-11,배추,배추,12,11,False,False,False,False,False,False,False,False,False,False,False,True,False,True,False,,,80.31543624161071,0.6186241938635919,16.093959731543617,0.5789653991092839,768.0525318691199,26395047.4,2018,배추,2391946,0.011034967929878015
201812하순,21100,배추,10키로망대,상,3268.11111111111,3552.77777777777,4795.0,5293.33333333333,4594.45555555555,2018,하순,2018-12-21,배추,배추,12,21,False,False,False,False,False,False,False,False,False,False,False,True,False,False,True,,,79.37583892617445,0.5416747431672805,15.978523489932881,0.5034722222222221,768.0525318691199,13355015.2,2018,배추,2391946,0.005583326379441676
201901상순,21100,배추,10키로망대,상,2927.0,3268.11111111111,4314.5,5419.85714285714,4807.20238095238,2019,상순,2019-01-01,배추,배추,1,1,True,False,False,False,False,False,False,False,False,False,False,False,True,False,False,,,30.102013422818768,0.4453487541943313,6.092617449664424,0.4045842217484008,719.7836436118745,14428371.8,2019,배추,1859705,0.0077584196418249134
201901중순,21100,배추,10키로망대,상,2823.0,2927.0,3552.77777777777,5319.33333333333,4683.3287037037,2019,중순,2019-01-11,배추,배추,1,11,True,False,False,False,False,False,False,False,False,False,False,False,False,True,False,,,26.567785234899304,0.4113482671174979,5.224161073825498,0.37033230558410407,719.7836436118745,13052634.4,2019,배추,1859705,0.007018658550684114
201901하순,21100,배추,10키로망대,상,2783.4,2823.0,3268.11111111111,6734.77777777777,5726.22222222222,2019,하순,2019-01-21,배추,배추,1,21,True,False,False,False,False,False,False,False,False,False,False,False,False,False,True,,,25.27114093959729,0.3815077051228654,5.008053691275164,0.3431855500821017,719.7836436118745,20840923.2,2019,배추,1859705,0.011206574806219265
201902상순,21100,배추,10키로망대,상,3234.8,2783.4,2927.0,8942.22222222222,6319.66931216931,2019,상순,2019-02-01,배추,배추,2,1,False,True,False,False,False,False,False,False,False,False,False,False,True,False,False,,,24.912751677852327,0.3572104018912529,4.9194630872483165,0.32303732303732297,719.7836436118745,6834528.5,2019,배추,1859705,0.003675060560680323
201902중순,21100,배추,10키로망대,상,2775.11111111111,3234.8,2823.0,7247.16666666666,6433.78571428571,2019,중순,2019-02-11,배추,배추,2,11,False,True,False,False,False,False,False,False,False,False,False,False,False,True,False,,,8.280536912751657,0.3179621848739495,1.7959731543624116,0.2898478835978835,719.7836436118745,16781053.279999997,2019,배추,1859705,0.009023502802863894
201902하순,21100,배추,10키로망대,상,2484.14285714285,2775.11111111111,2783.4,7890.71428571428,6945.98412698412,2019,하순,2019-02-21,배추,배추,2,21,False,True,False,False,False,False,False,False,False,False,False,False,False,False,True,,,8.076510067114075,0.3082282913165265,1.6483221476510024,0.2822420634920634,719.7836436118745,12614912.12,2019,배추,1859705,0.006783286661056457
201903상순,21100,배추,10키로망대,상,2480.375,2484.14285714285,3234.8,8168.22222222222,7111.61574074074,2019,상순,2019-03-01,배추,배추,3,1,False,False,True,False,False,False,False,False,False,False,False,False,True,False,False,,,8.927516778523469,0.3141445257348221,,,719.7836436118745,14605805.48,2019,배추,1859705,0.007853829225602986
201903중순,21100,배추,10키로망대,상,2494.77777777777,2480.375,2775.11111111111,7796.625,6897.11111111111,2019,중순,2019-03-11,배추,배추,3,11,False,False,True,False,False,False,False,False,False,False,False,False,False,True,False,,,10.387919463087222,0.3191470691470691,,,719.7836436118745,16933553.12,2019,배추,1859705,0.009105504969874254
201903하순,21100,배추,10키로망대,상,2483.11111111111,2494.77777777777,2484.14285714285,7996.1,6548.48148148148,2019,하순,2019-03-21,배추,배추,3,21,False,False,True,False,False,False,False,False,False,False,False,False,False,False,True,,,11.144966442952992,0.33124338624338623,,,719.7836436118745,15021757.2,2019,배추,1859705,0.008077494656410559
201904상순,21100,배추,10키로망대,상,2466.11111111111,2483.11111111111,2480.375,7503.375,6073.61574074074,2019,상순,2019-04-01,배추,배추,4,1,False,False,False,True,False,False,False,False,False,False,False,False,True,False,False,,,13.267114093959702,0.3373666406453291,,,719.7836436118745,18281695.900000002,2019,배추,1859705,0.009830427890444991
201904중순,21100,배추,10키로망대,상,2680.55555555555,2466.11111111111,2494.77777777777,7082.22222222222,5890.25925925926,2019,중순,2019-04-11,배추,배추,4,11,False,False,False,True,False,False,False,False,False,False,False,False,False,True,False,,,11.492617449664403,0.34896745766310977,,,719.7836436118745,17225781.3,2019,배추,1859705,0.009262641816847297
201904하순,21100,배추,10키로망대,상,2643.375,2680.55555555555,2483.11111111111,6637.25,6329.29629629629,2019,하순,2019-04-21,배추,배추,4,21,False,False,False,True,False,False,False,False,False,False,False,False,False,False,True,,,12.90335570469796,0.3667916938464883,,,719.7836436118745,15750306.139999999,2019,배추,1859705,0.008469249768108382
201905상순,21100,배추,10키로망대,상,2894.22222222222,2643.375,2466.11111111111,5589.44444444444,5567.04629629629,2019,상순,2019-05-01,배추,배추,5,1,False,False,False,False,True,False,False,False,False,False,False,False,True,False,False,,,12.67114093959729,0.3932577838827838,,,719.7836436118745,17394906.6,2019,배추,1859705,0.009353583821089905
201905중순,21100,배추,10키로망대,상,3419.875,2894.22222222222,2680.55555555555,4656.75,6253.99074074074,2019,중순,2019-05-11,배추,배추,5,11,False,False,False,False,True,False,False,False,False,False,False,False,False,True,False,,,14.314093959731514,0.4262314262314262,,,719.7836436118745,13922423.98,2019,배추,1859705,0.007486361535834984
201905하순,21100,배추,10키로망대,상,3744.2,3419.875,2643.375,3770.7,5155.97407407407,2019,하순,2019-05-21,배추,배추,5,21,False,False,False,False,True,False,False,False,False,False,False,False,False,False,True,,,15.021476510067084,0.454550785831574,,,719.7836436118745,19030543.4,2019,배추,1859705,0.010233097937576121
201906상순,21100,배추,10키로망대,상,4879.5,3744.2,2894.22222222222,3345.125,4184.0787037037,2019,상순,2019-06-01,배추,배추,6,1,False,False,False,False,False,True,False,False,False,False,False,False,True,False,False,,,18.832214765100638,0.4859978013076433,,,719.7836436118745,14519617.13999999,2019,배추,1859705,0.0078074840579554225
201906중순,21100,배추,10키로망대,상,5758.33333333333,4879.5,3419.875,4073.44444444444,4236.93518518518,2019,중순,2019-06-11,배추,배추,6,11,False,False,False,False,False,True,False,False,False,False,False,False,False,True,False,,,18.60268456375836,0.5134242048740189,,,719.7836436118745,19039627.8,2019,배추,1859705,0.01023798279834705
201906하순,21100,배추,10키로망대,상,6127.625,5758.33333333333,3744.2,4684.0,4949.50462962963,2019,하순,2019-06-21,배추,배추,6,21,False,False,False,False,False,True,False,False,False,False,False,False,False,False,True,,,21.59731543624158,0.5452083333333333,,,719.7836436118745,16122171.84,2019,배추,1859705,0.008669209277815568
201907상순,21100,배추,10키로망대,상,5524.44444444444,6127.625,4879.5,5479.25,5481.99537037037,2019,상순,2019-07-01,배추,배추,7,1,False,False,False,False,False,False,True,False,False,False,False,False,True,False,False,,,30.20134228187915,0.6179515880789141,,,719.7836436118745,20495964.57999999,2019,배추,1859705,0.011021083763285032
201907중순,21100,배추,10키로망대,상,6093.66666666666,5524.44444444444,5758.33333333333,7957.0,6928.29629629629,2019,중순,2019-07-11,배추,배추,7,11,False,False,False,False,False,False,True,False,False,False,False,False,False,True,False,,,71.83087248322143,0.6790212306585102,,,719.7836436118745,19159915.8,2019,배추,1859705,0.01030266402467058
201907하순,21100,배추,10키로망대,상,5911.77777777777,6093.66666666666,6127.625,11236.3333333333,8605.15555555555,2019,하순,2019-07-21,배추,배추,7,21,False,False,False,False,False,False,True,False,False,False,False,False,False,False,True,,,107.33691275167779,0.7498907820008738,,,719.7836436118745,19088421.34,2019,배추,1859705,0.010264220045652401
201908상순,21100,배추,10키로망대,상,6699.875,5911.77777777777,5524.44444444444,10779.125,9211.15476190476,2019,상순,2019-08-01,배추,배추,8,1,False,False,False,False,False,False,False,True,False,False,False,False,True,False,False,,,122.31006711409388,0.8086505996041449,,,719.7836436118745,19482618.2,2019,배추,1859705,0.01047618745983906
201908중순,21100,배추,10키로망대,상,6596.75,6699.875,6093.66666666666,16234.625,11988.824074074,2019,중순,2019-08-11,배추,배추,8,11,False,False,False,False,False,False,False,True,False,False,False,False,False,True,False,,,155.38926174496635,0.8275803722504231,,,719.7836436118745,21323753.01999999,2019,배추,1859705,0.01146620190836718
201908하순,21100,배추,10키로망대,상,7692.5,6596.75,5911.77777777777,17582.9,13152.6629629629,2019,하순,2019-08-21,배추,배추,8,21,False,False,False,False,False,False,False,True,False,False,False,False,False,False,True,,,177.20268456375828,0.831306760300843,,,719.7836436118745,30301470.99999999,2019,배추,1859705,0.016293697656348714
201909상순,21100,배추,10키로망대,상,11855.25,7692.5,6699.875,10922.25,11664.1666666666,2019,상순,2019-09-01,배추,배추,9,1,False,False,False,False,False,False,False,False,True,False,False,False,True,False,False,,,225.7704697986576,0.8336740101445982,,,719.7836436118745,36074883.65999999,2019,배추,1859705,0.01939817533426
201909중순,21100,배추,10키로망대,상,13132.2857142857,11855.25,6596.75,9809.88888888888,10117.9259259259,2019,중순,2019-09-11,배추,배추,9,11,False,False,False,False,False,False,False,False,True,False,False,False,False,True,False,,,230.64697986577167,0.8290441808492349,,,719.7836436118745,15708896.899999999,2019,배추,1859705,0.008446983204325416
201909하순,21100,배추,10키로망대,상,18167.625,13132.2857142857,7692.5,7212.4,8715.94814814814,2019,하순,2019-09-21,배추,배추,9,21,False,False,False,False,False,False,False,False,True,False,False,False,False,False,True,,,274.614765100671,0.8207157114342742,,,719.7836436118745,15638415.32,2019,배추,1859705,0.008409083870828976
201910상순,21100,배추,10키로망대,상,16388.2222222222,18167.625,11855.25,6274.66666666666,7458.36574074074,2019,상순,2019-10-01,배추,배추,10,1,False,False,False,False,False,False,False,False,False,True,False,False,True,False,False,,,331.52348993288575,0.80980271270037,78.55302013422815,0.8131093917091275,719.7836436118745,22296663.7,2019,배추,1859705,0.011989355139659246
201910중순,21100,배추,10키로망대,상,13267.875,16388.2222222222,13132.2857142857,5449.11111111111,4491.81018518518,2019,중순,2019-10-11,배추,배추,10,11,False,False,False,False,False,False,False,False,False,True,False,False,False,True,False,,,330.62684563758376,0.7969126568603008,78.4402684563758,0.8007207845917523,719.7836436118745,22612378.16,2019,배추,1859705,0.012159121021882503
201910하순,21100,배추,10키로망대,상,9547.2,13267.875,18167.625,5499.88888888888,4098.91481481481,2019,하순,2019-10-21,배추,배추,10,21,False,False,False,False,False,False,False,False,False,True,False,False,False,False,True,,,331.0791946308723,0.7825766470971952,78.55973154362411,0.786516232509264,719.7836436118745,30709833.9,2019,배추,1859705,0.01651328242920248
201911상순,21100,배추,10키로망대,상,8370.125,9547.2,16388.2222222222,5468.77777777777,4455.65277777777,2019,상순,2019-11-01,배추,배추,11,1,False,False,False,False,False,False,False,False,False,False,True,False,True,False,False,,,330.12885906040253,0.7653607840233034,78.6657718120805,0.7701185277604492,719.7836436118745,29048664.16,2019,배추,1859705,0.015620038748081013
201911중순,21100,배추,10키로망대,상,9176.33333333333,8370.125,13267.875,4930.875,4860.09722222222,2019,중순,2019-11-11,배추,배추,11,11,False,False,False,False,False,False,False,False,False,False,True,False,False,True,False,,,333.15033557046957,0.7403566499063394,79.50469798657713,0.7454772301933874,719.7836436118745,51207841.4,2019,배추,1859705,0.027535464710800907
201911하순,21100,배추,10키로망대,상,9162.55555555555,9176.33333333333,9547.2,4795.0,5265.54166666666,2019,하순,2019-11-21,배추,배추,11,21,False,False,False,False,False,False,False,False,False,False,True,False,False,False,True,,,293.2093959731542,0.7136985115957079,67.1919463087248,0.7195013821519846,719.7836436118745,64163017.89999999,2019,배추,1859705,0.03450171822950414
201912상순,21100,배추,10키로망대,상,8697.375,9162.55555555555,8370.125,4314.5,4390.13425925926,2019,상순,2019-12-01,배추,배추,12,1,False,False,False,False,False,False,False,False,False,False,False,True,True,False,False,,,259.2134228187918,0.6705624267181057,59.53020134228184,0.6770417664272413,719.7836436118745,36465921.29999999,2019,배추,1859705,0.019608443973640977
201912중순,21100,배추,10키로망대,상,8600.0,8697.375,9176.33333333333,3552.77777777777,4178.20833333333,2019,중순,2019-12-11,배추,배추,12,11,False,False,False,False,False,False,False,False,False,False,False,True,False,True,False,,,244.63489932885892,0.6232876712328768,55.08322147651003,0.6329028786655904,719.7836436118745,27250870.25999999,2019,배추,1859705,0.014653329565710686
201912하순,21100,배추,10키로망대,상,8820.33333333333,8600.0,9162.55555555555,3268.11111111111,4205.38148148148,2019,하순,2019-12-21,배추,배추,12,21,False,False,False,False,False,False,False,False,False,False,False,True,False,False,True,,,213.4335570469797,0.5670170323768605,50.00536912751674,0.5739060136650497,719.7836436118745,14485499.4,2019,배추,1859705,0.007789138277307423
202001상순,21100,배추,10키로망대,상,9272.71428571428,8820.33333333333,8697.375,2927.0,4321.45238095238,2020,상순,2020-01-01,배추,배추,1,1,True,False,False,False,False,False,False,False,False,False,False,False,True,False,False,,,211.9261744966442,0.5302195366042133,50.19463087248319,0.5373422873422873,724.6243820478852,14775947.56,2020,배추,2242640,0.00658863997788321
202001중순,21100,배추,10키로망대,상,8701.625,9272.71428571428,8600.0,2823.0,4363.74537037036,2020,중순,2020-01-11,배추,배추,1,11,True,False,False,False,False,False,False,False,False,False,False,False,False,True,False,,,162.0120805369126,0.48391019887878656,40.4684563758389,0.49446350592638794,724.6243820478852,16104606.7,2020,배추,2242640,0.007181093131309528
202001하순,21100,배추,10키로망대,상,8522.0,8701.625,8820.33333333333,2783.4,5546.91851851851,2020,하순,2020-01-21,배추,배추,1,21,True,False,False,False,False,False,False,False,False,False,False,False,False,False,True,,,171.20402684563743,0.4521605538485472,44.97046979865768,0.464722822174226,724.6243820478852,10668148.2,2020,배추,2242640,0.004756959743873292
202002상순,21100,배추,10키로망대,상,8880.875,8522.0,9272.71428571428,3234.8,6176.86574074074,2020,상순,2020-02-01,배추,배추,2,1,False,True,False,False,False,False,False,False,False,False,False,False,True,False,False,,,125.93288590604014,0.418001659019623,31.959731543624134,0.43293564714389,724.6243820478852,10984647.92,2020,배추,2242640,0.004898087932080048
202002중순,21100,배추,10키로망대,상,9089.11111111111,8880.875,8701.625,2775.11111111111,6433.78571428571,2020,중순,2020-02-11,배추,배추,2,11,False,True,False,False,False,False,False,False,False,False,False,False,False,True,False,,,78.82147651006699,0.39284452519746627,23.236241610738222,0.41051504283721846,724.6243820478852,13088763.1,2020,배추,2242640,0.0058363192933328575
202002하순,21100,배추,10키로망대,상,9076.5,9089.11111111111,8522.0,2484.14285714285,6945.98412698412,2020,하순,2020-02-21,배추,배추,2,21,False,True,False,False,False,False,False,False,False,False,False,False,False,False,True,,,91.20805369127503,0.3786410179938363,27.135570469798623,0.3970359572400388,724.6243820478852,9689855.399999999,2020,배추,2242640,0.004320736007562515
202003상순,21100,배추,10키로망대,상,8656.625,9076.5,8880.875,2480.375,7111.61574074074,2020,상순,2020-03-01,배추,배추,3,1,False,False,True,False,False,False,False,False,False,False,False,False,True,False,False,,,95.86711409395957,0.366089203793696,28.429530201342242,0.38488022500242447,724.6243820478852,11502899.09999999,2020,배추,2242640,0.00512917771019869
202003중순,21100,배추,10키로망대,상,8288.0,8656.625,9089.11111111111,2494.77777777777,6897.11111111111,2020,중순,2020-03-11,배추,배추,3,11,False,False,True,False,False,False,False,False,False,False,False,False,False,True,False,,,93.83892617449649,0.36166972455061086,27.953020134228154,0.38017751479289935,724.6243820478852,12439913.79999999,2020,배추,2242640,0.005546995416116715
202003하순,21100,배추,10키로망대,상,8157.0,8288.0,9076.5,2483.11111111111,6548.48148148148,2020,하순,2020-03-21,배추,배추,3,21,False,False,True,False,False,False,False,False,False,False,False,False,False,False,True,,,88.99597315436228,0.3679373763929844,27.097986577181175,0.387420864299477,724.6243820478852,12979252.22,2020,배추,2242640,0.005787488058716513
202004상순,21100,배추,10키로망대,상,7590.0,8157.0,8656.625,2466.11111111111,6073.61574074074,2020,상순,2020-04-01,배추,배추,4,1,False,False,False,True,False,False,False,False,False,False,False,False,True,False,False,,,86.30604026845623,0.3721891126235732,26.83355704697983,0.3905629365840295,724.6243820478852,14501516.92,2020,배추,2242640,0.006466270520458031
202004중순,21100,배추,10키로망대,상,8503.5,7590.0,8288.0,2680.55555555555,5890.25925925926,2020,중순,2020-04-11,배추,배추,4,11,False,False,False,True,False,False,False,False,False,False,False,False,False,True,False,,,100.15033557046965,0.3867482728242221,31.732885906040234,0.4051635649573793,724.6243820478852,11656511.42,2020,배추,2242640,0.00519767391110477
202004하순,21100,배추,10키로망대,상,11245.0,8503.5,8157.0,2643.375,6329.29629629629,2020,하순,2020-04-21,배추,배추,4,21,False,False,False,True,False,False,False,False,False,False,False,False,False,False,True,,,98.97852348993275,0.4021271050066861,31.559731543624125,0.4196834046970286,724.6243820478852,13970555.739999989,2020,배추,2242640,0.006229513314664854
202005상순,21100,배추,10키로망대,상,10653.75,11245.0,7590.0,2894.22222222222,5567.04629629629,2020,상순,2020-05-01,배추,배추,5,1,False,False,False,False,True,False,False,False,False,False,False,False,True,False,False,,,120.19194630872468,0.43198343884760065,37.11946308724829,0.44935506670200537,724.6243820478852,12065358.7,2020,배추,2242640,0.005379980157314593
202005중순,21100,배추,10키로망대,상,9588.77777777777,10653.75,8503.5,3419.875,6276.31944444444,2020,중순,2020-05-11,배추,배추,5,11,False,False,False,False,True,False,False,False,False,False,False,False,False,True,False,,,119.69932885906026,0.45564881382362715,35.579865771812045,0.4710660580021482,724.6243820478852,15996621.1,2020,배추,2242640,0.0071329420236863695
202005하순,21100,배추,10키로망대,상,9949.77777777777,9588.77777777777,11245.0,3744.2,5306.55925925925,2020,하순,2020-05-21,배추,배추,5,21,False,False,False,False,True,False,False,False,False,False,False,False,False,False,True,,,121.29932885906027,0.4805904991670974,35.954362416107344,0.4940420194418311,724.6243820478852,16761190.3,2020,배추,2242640,0.007473865756429922
202006상순,21100,배추,10키로망대,상,7173.11111111111,9949.77777777777,10653.75,4879.5,4695.53703703703,2020,상순,2020-06-01,배추,배추,6,1,False,False,False,False,False,True,False,False,False,False,False,False,True,False,False,,,111.66577181208041,0.5079403860249205,31.314093959731508,0.5186325488049626,724.6243820478852,20743269.0,2020,배추,2242640,0.009249486765597689
202006중순,21100,배추,10키로망대,상,7488.33333333333,7173.11111111111,9588.77777777777,5758.33333333333,4909.34259259259,2020,중순,2020-06-11,배추,배추,6,11,False,False,False,False,False,True,False,False,False,False,False,False,False,True,False,,,141.1892617449663,0.5428571428571427,38.76375838926171,0.5489913544668586,724.6243820478852,18382930.56,2020,배추,2242640,0.008197004673063888
202006하순,21100,배추,10키로망대,상,7608.125,7488.33333333333,9949.77777777777,6127.625,5390.17129629629,2020,하순,2020-06-21,배추,배추,6,21,False,False,False,False,False,True,False,False,False,False,False,False,False,False,True,,,174.6308724832213,0.5814595173379458,49.55838926174493,0.5878133736651541,724.6243820478852,16991558.5,2020,배추,2242640,0.00757658763778404
202007상순,21100,배추,10키로망대,상,7897.44444444444,7608.125,7173.11111111111,5524.44444444444,5678.10648148148,2020,상순,2020-07-01,배추,배추,7,1,False,False,False,False,False,False,True,False,False,False,False,False,True,False,False,,,176.69798657718104,0.6084649452661485,51.249664429530156,0.6137696457893501,724.6243820478852,19056372.62,2020,배추,2242640,0.00849729453679592
202007중순,21100,배추,10키로망대,상,11235.625,7897.44444444444,7488.33333333333,6093.66666666666,6954.51851851851,2020,중순,2020-07-11,배추,배추,7,11,False,False,False,False,False,False,True,False,False,False,False,False,False,True,False,,,225.1892617449663,0.6361297817608497,63.20671140939593,0.6385514127449611,724.6243820478852,15330164.69999999,2020,배추,2242640,0.0068357670870045975
202007하순,21100,배추,10키로망대,상,12039.8,11235.625,7608.125,5911.77777777777,8309.14814814814,2020,하순,2020-07-21,배추,배추,7,21,False,False,False,False,False,False,True,False,False,False,False,False,False,False,True,,,345.4053691275166,0.6715157728520756,100.86711409395969,0.6735321312991214,724.6243820478852,18829604.299999997,2020,배추,2242640,0.008396177852887666
202008상순,21100,배추,10키로망대,상,12338.7142857142,12039.8,7897.44444444444,6699.875,9260.875,2020,상순,2020-08-01,배추,배추,8,1,False,False,False,False,False,False,False,True,False,False,False,False,True,False,False,,,564.3785234899326,0.7089251386829242,155.58255033557043,0.7146746175784288,724.6243820478852,15756437.7,2020,배추,2242640,0.007025843514786145
202008중순,21100,배추,10키로망대,상,17104.3333333333,12338.7142857142,11235.625,6596.75,11988.824074074,2020,중순,2020-08-11,배추,배추,8,11,False,False,False,False,False,False,False,True,False,False,False,False,False,True,False,,,585.9302013422816,0.7420705687535825,161.49395973154355,0.7447627460878344,724.6243820478852,18241266.599999998,2020,배추,2242640,0.00813383628223879
202008하순,21100,배추,10키로망대,상,18618.4444444444,17104.3333333333,12039.8,7692.5,13449.5333333333,2020,하순,2020-08-21,배추,배추,8,21,False,False,False,False,False,False,False,True,False,False,False,False,False,False,True,,,623.3516778523489,0.7745907423087779,167.37583892617442,0.7771118721461185,724.6243820478852,17485008.09999999,2020,배추,2242640,0.007796618315913383
202009상순,21100,배추,10키로망대,상,19789.6666666666,18618.4444444444,12338.7142857142,11855.25,13041.9166666666,2020,상순,2020-09-01,배추,배추,9,1,False,False,False,False,False,False,False,False,True,False,False,False,True,False,False,,,772.6469798657715,0.7957498659648096,201.931543624161,0.7996098104793756,724.6243820478852,17891569.1,2020,배추,2242640,0.007977905102914422
202009중순,21100,배추,10키로망대,상,25820.875,19789.6666666666,17104.3333333333,13132.2857142857,12442.2433862433,2020,중순,2020-09-11,배추,배추,9,11,False,False,False,False,False,False,False,False,True,False,False,False,False,True,False,,,756.3194630872481,0.8013028507923278,196.779865771812,0.8065603923973023,724.6243820478852,20915108.2,2020,배추,2242640,0.009326110387757285
202009하순,21100,배추,10키로망대,상,24373.4444444444,25820.875,18618.4444444444,18167.625,12756.1564814814,2020,하순,2020-09-21,배추,배추,9,21,False,False,False,False,False,False,False,False,True,False,False,False,False,False,True,,,737.546308724832,0.8047288011475919,193.39328859060396,0.8101216244073387,724.6243820478852,31420130.16,2020,배추,2242640,0.014010331644847145
202010상순,21100,배추,10키로망대,상,16984.5,24373.4444444444,19789.6666666666,16388.2222222222,10676.3138888888,2020,상순,2020-10-01,배추,배추,10,1,False,False,False,False,False,False,False,False,False,True,False,False,True,False,False,,,736.794630872483,0.8031187617241966,193.30201342281873,0.8088847660276232,724.6243820478852,19128344.29999999,2020,배추,2242640,0.00852938692790639
202010중순,21100,배추,10키로망대,상,8203.625,16984.5,25820.875,13267.875,5846.66666666666,2020,중순,2020-10-11,배추,배추,10,11,False,False,False,False,False,False,False,False,False,True,False,False,False,True,False,,,732.4201342281877,0.7916453409604094,192.09664429530196,0.7988043702329415,724.6243820478852,26640146.8,2020,배추,2242640,0.011878922519887276
202010하순,21100,배추,10키로망대,상,6000.2,8203.625,24373.4444444444,9547.2,4952.66666666666,2020,하순,2020-10-21,배추,배추,10,21,False,False,False,False,False,False,False,False,False,True,False,False,False,False,True,,,705.1892617449662,0.7773952954675845,185.5651006711409,0.7855907068709836,724.6243820478852,33848400.15999999,2020,배추,2242640,0.015093104626689967
202011상순,21100,배추,10키로망대,상,5757.25,6000.2,16984.5,8370.125,5347.74074074074,2020,상순,2020-11-01,배추,배추,11,1,False,False,False,False,False,False,False,False,False,False,True,False,True,False,False,,,662.3006711409394,0.7592318978873601,171.75302013422817,0.768218537414966,724.6243820478852,32714222.3,2020,배추,2242640,0.014587371267791532
202011중순,21100,배추,10키로망대,상,6674.33333333333,5757.25,8203.625,9176.33333333333,6397.31944444444,2020,중순,2020-11-11,배추,배추,11,11,False,False,False,False,False,False,False,False,False,False,True,False,False,True,False,,,656.3892617449662,0.7437240511211946,168.51812080536908,0.7526015651015651,724.6243820478852,56546268.21999989,2020,배추,2242640,0.025214153060678434
202011하순,21100,배추,10키로망대,상,5541.625,6674.33333333333,6000.2,9162.55555555555,6510.35648148148,2020,하순,2020-11-21,배추,배추,11,21,False,False,False,False,False,False,False,False,False,False,True,False,False,False,True,,,602.6738255033555,0.7213762766088347,155.1234899328859,0.7313135130595448,724.6243820478852,63469643.3,2020,배추,2242640,0.028301307075589484
202012상순,21100,배추,10키로망대,상,4002.22222222222,5541.625,5757.25,8697.375,5969.17129629629,2020,상순,2020-12-01,배추,배추,12,1,False,False,False,False,False,False,False,False,False,False,False,True,True,False,False,,,481.6120805369127,0.692037037037037,117.33557046979861,0.7018047401609044,724.6243820478852,37119737.699999996,2020,배추,2242640,0.016551803989940425
202012중순,21100,배추,10키로망대,상,3782.125,4002.22222222222,6674.33333333333,8600.0,5902.0,2020,중순,2020-12-11,배추,배추,12,11,False,False,False,False,False,False,False,False,False,False,False,True,False,True,False,,,256.97583892617433,0.6293172960623573,60.72214765100668,0.6356746420409496,724.6243820478852,16526760.2,2020,배추,2242640,0.007369332661506082
202012하순,21100,배추,10키로망대,상,3372.8,3782.125,5541.625,8820.33333333333,6056.12222222222,2020,하순,2020-12-21,배추,배추,12,21,False,False,False,False,False,False,False,False,False,False,False,True,False,False,True,,,238.66845637583882,0.5681069680359117,55.69664429530198,0.5751964863615349,724.6243820478852,17600708.4,2020,배추,2242640,0.007848209431741162
202101상순,21100,배추,10키로망대,상,3315.16666666666,3372.8,4002.22222222222,9272.71428571428,6416.92857142857,2021,상순,2021-01-01,배추,배추,1,1,True,False,False,False,False,False,False,False,False,False,False,False,True,False,False,,,184.59328859060392,0.46390383210466885,43.85906040268454,0.4732917330500973,670.6022935017451,7331269.199999999,2021,배추,2017507,0.0036338259049410976
202101중순,21100,배추,10키로망대,상,4904.55555555555,3315.16666666666,3782.125,8701.625,6306.5787037037,2021,중순,2021-01-11,배추,배추,1,11,True,False,False,False,False,False,False,False,False,False,False,False,False,True,False,,,36.846979865771694,0.39450395901257557,9.711409395973126,0.4073246593945765,670.6022935017451,11717822.7,2021,배추,2017507,0.005808070405703672
202101하순,21100,배추,10키로망대,상,5641.33333333333,4904.55555555555,3372.8,8522.0,7278.9074074074,2021,하순,2021-01-21,배추,배추,1,21,True,False,False,False,False,False,False,False,False,False,False,False,False,False,True,,,38.264429530201205,0.3689954051796156,11.202684563758357,0.38414733414733404,670.6022935017451,13855576.5,2021,배추,2017507,0.00686767208242648
202102상순,21100,배추,10키로망대,상,6297.33333333333,5641.33333333333,3315.16666666666,8880.875,8057.5324074074,2021,상순,2021-02-01,배추,배추,2,1,False,True,False,False,False,False,False,False,False,False,False,False,True,False,False,,,41.00939597315421,0.34613133739912516,12.118120805369088,0.3624383198940907,670.6022935017451,16429545.120000001,2021,배추,2017507,0.008143488533125288
202102중순,21100,배추,10키로망대,상,8420.57142857143,6297.33333333333,4904.55555555555,9089.11111111111,8174.87037037037,2021,중순,2021-02-11,배추,배추,2,11,False,True,False,False,False,False,False,False,False,False,False,False,False,True,False,,,43.026845637583726,0.32902503561978413,13.351677852348953,0.34689857030282556,670.6022935017451,6960934.0,2021,배추,2017507,0.0034502651044085596
202102하순,21100,배추,10키로망대,상,8894.33333333333,8420.57142857143,5641.33333333333,9076.5,8573.7619047619,2021,하순,2021-02-21,배추,배추,2,21,False,True,False,False,False,False,False,False,False,False,False,False,False,False,True,,,45.194630872483046,0.3228359494006225,14.044295302013378,0.3424321673749591,670.6022935017451,11011708.04,2021,배추,2017507,0.005458076745210797
202103상순,21100,배추,10키로망대,상,9310.88888888888,8894.33333333333,6297.33333333333,8656.625,8488.61574074074,2021,상순,2021-03-01,배추,배추,3,1,False,False,True,False,False,False,False,False,False,False,False,False,True,False,False,,,65.01476510067096,0.3163278713140754,18.59060402684559,0.3360868156786523,670.6022935017451,14030952.6,2021,배추,2017507,0.006954599215764802
202103중순,21100,배추,10키로망대,상,9345.33333333333,9310.88888888888,8420.57142857143,8288.0,8058.33333333333,2021,중순,2021-03-11,배추,배추,3,11,False,False,True,False,False,False,False,False,False,False,False,False,False,True,False,,,70.76375838926157,0.31567836455277204,20.11140939597311,0.3355666018298392,670.6022935017451,11313455.2,2021,배추,2017507,0.005607641113512865
202103하순,21100,배추,10키로망대,상,9392.55555555555,9345.33333333333,8894.33333333333,8157.0,7643.66666666666,2021,하순,2021-03-21,배추,배추,3,21,False,False,True,False,False,False,False,False,False,False,False,False,False,False,True,,,69.83221476510049,0.31350385271953896,19.395973154362373,0.33061693283745347,670.6022935017451,13825171.89999999,2021,배추,2017507,0.006852601701010202
202104상순,21100,배추,10키로망대,상,9566.33333333333,9392.55555555555,9310.88888888888,7590.0,7111.54166666666,2021,상순,2021-04-01,배추,배추,4,1,False,False,False,True,False,False,False,False,False,False,False,False,True,False,False,,,83.64161073825484,0.3222495083787318,23.116778523489884,0.3386909302241109,670.6022935017451,12907365.4,2021,배추,2017507,0.0063976806028430136
202104중순,21100,배추,10키로망대,상,9217.75,9566.33333333333,9345.33333333333,8503.5,7079.75925925926,2021,중순,2021-04-11,배추,배추,4,11,False,False,False,True,False,False,False,False,False,False,False,False,False,True,False,,,93.98523489932865,0.3361039297992012,25.88456375838921,0.3510516320900067,670.6022935017451,13282435.78,2021,배추,2017507,0.006583588448515916
202104하순,21100,배추,10키로망대,상,8996.77777777777,9217.75,9392.55555555555,11245.0,8231.66666666666,2021,하순,2021-04-21,배추,배추,4,21,False,False,False,True,False,False,False,False,False,False,False,False,False,False,True,,,97.5973154362414,0.3616800112375333,26.520805369127466,0.3743717684492171,670.6022935017451,13262995.799999999,2021,배추,2017507,0.006573952804129056
202105상순,21100,배추,10키로망대,상,6507.125,8996.77777777777,9566.33333333333,10653.75,6861.21296296296,2021,상순,2021-05-01,배추,배추,5,1,False,False,False,False,True,False,False,False,False,False,False,False,True,False,False,,,108.66040268456355,0.38397377336226246,30.07919463087243,0.3995031371268994,670.6022935017451,12664215.88,2021,배추,2017507,0.006277160812824937
202105중순,21100,배추,10키로망대,상,4590.88888888888,6507.125,9217.75,9588.77777777777,5888.46759259259,2021,중순,2021-05-11,배추,배추,5,11,False,False,False,False,True,False,False,False,False,False,False,False,False,True,False,,,130.23221476510048,0.4337778326542371,35.82147651006706,0.44760325357340275,670.6022935017451,15748515.620000001,2021,배추,2017507,0.007805928613878416
202105하순,21100,배추,10키로망대,상,5712.77777777777,4590.88888888888,8996.77777777777,9949.77777777777,5306.55925925925,2021,하순,2021-05-21,배추,배추,5,21,False,False,False,False,True,False,False,False,False,False,False,False,False,False,True,,,138.96375838926156,0.471813725490196,37.87651006711404,0.48428109107720757,670.6022935017451,15634688.7,2021,배추,2017507,0.007749509022769189
202106상순,21100,배추,10키로망대,상,6225.66666666666,5712.77777777777,6507.125,7173.11111111111,4695.53703703703,2021,상순,2021-06-01,배추,배추,6,1,False,False,False,False,False,True,False,False,False,False,False,False,True,False,False,,,137.89530201342262,0.507266391627625,36.72617449664425,0.5178004535147391,670.6022935017451,15857733.339999989,2021,배추,2017507,0.007860063603248955
202106중순,21100,배추,10키로망대,상,5418.375,6225.66666666666,4590.88888888888,7488.33333333333,4909.34259259259,2021,중순,2021-06-11,배추,배추,6,11,False,False,False,False,False,True,False,False,False,False,False,False,False,True,False,,,150.46711409395954,0.5428287206451841,42.22550335570466,0.5498044628479409,670.6022935017451,12670350.7,2021,배추,2017507,0.006280201605248457
202106하순,21100,배추,10키로망대,상,5138.0,5418.375,5712.77777777777,7608.125,5390.17129629629,2021,하순,2021-06-21,배추,배추,6,21,False,False,False,False,False,True,False,False,False,False,False,False,False,False,True,,,154.5771812080535,0.5883736302850023,42.49664429530198,0.5939889072103132,670.6022935017451,19758378.9,2021,배추,2017507,0.00979346237708221
202107상순,21100,배추,10키로망대,상,4671.66666666666,5138.0,6225.66666666666,7897.44444444444,5678.10648148148,2021,상순,2021-07-01,배추,배추,7,1,False,False,False,False,False,False,True,False,False,False,False,False,True,False,False,,,277.7275167785233,0.6350754030161205,87.55704697986573,0.6432197244379985,670.6022935017451,22051609.3,2021,배추,2017507,0.010930127776508335
202107중순,21100,배추,10키로망대,상,4782.25,4671.66666666666,5418.375,11235.625,7700.96296296296,2021,중순,2021-07-11,배추,배추,7,11,False,False,False,False,False,False,True,False,False,False,False,False,False,True,False,,,268.3731543624159,0.679864903707962,85.13288590604023,0.688573285064513,670.6022935017451,15159908.08,2021,배추,2017507,0.0075141786769513065
202107하순,21100,배추,10키로망대,상,6819.3,4782.25,5138.0,12039.8,10351.8222222222,2021,하순,2021-07-21,배추,배추,7,21,False,False,False,False,False,False,True,False,False,False,False,False,False,False,True,,,265.60671140939576,0.711092617513044,84.45906040268451,0.719705215419501,670.6022935017451,16641088.05999999,2021,배추,2017507,0.008248342166842539
202108상순,21100,배추,10키로망대,상,10284.2857142857,6819.3,4671.66666666666,12338.7142857142,10942.7083333333,2021,상순,2021-08-01,배추,배추,8,1,False,False,False,False,False,False,False,True,False,False,False,False,True,False,False,,,304.67248322147634,0.7468157136153382,94.15167785234895,0.7553227513227513,670.6022935017451,13882597.36,2021,배추,2017507,0.006881065275114287
202108중순,21100,배추,10키로망대,상,8024.77777777777,10284.2857142857,4782.25,17104.3333333333,15009.0694444444,2021,중순,2021-08-11,배추,배추,8,11,False,False,False,False,False,False,False,True,False,False,False,False,False,True,False,,,312.49261744966424,0.7671566236328358,96.37986577181204,0.7743137012799933,670.6022935017451,19024598.2,2021,배추,2017507,0.009429755733189524
202108하순,21100,배추,10키로망대,상,9006.77777777777,8024.77777777777,6819.3,18618.4444444444,17091.5148148148,2021,하순,2021-08-21,배추,배추,8,21,False,False,False,False,False,False,False,True,False,False,False,False,False,False,True,,,409.6416107382548,0.7891359821164957,128.32214765100667,0.7940097311956609,670.6022935017451,22202722.89999999,2021,배추,2017507,0.01100502892926765
202109상순,21100,배추,10키로망대,상,11554.3333333333,9006.77777777777,10284.2857142857,19789.6666666666,15997.7222222222,2021,상순,2021-09-01,배추,배추,9,1,False,False,False,False,False,False,False,False,True,False,False,False,True,False,False,,,433.8765100671139,0.7991500369549148,134.00268456375835,0.803576434779126,670.6022935017451,27197859.62,2021,배추,2017507,0.013480924537064804
202109중순,21100,배추,10키로망대,상,13765.2857142857,11554.3333333333,8024.77777777777,25820.875,15039.6804232804,2021,중순,2021-09-11,배추,배추,9,11,False,False,False,False,False,False,False,False,True,False,False,False,False,True,False,,,432.7073825503354,0.8123929427886262,132.47651006711405,0.8192216834514484,670.6022935017451,28678347.22,2021,배추,2017507,0.014214744841034008
202109하순,21100,배추,10키로망대,상,9141.5,13765.2857142857,9006.77777777777,24373.4444444444,16509.6898148148,2021,하순,2021-09-21,배추,배추,9,21,False,False,False,False,False,False,False,False,True,False,False,False,False,False,True,,,431.4550335570468,0.8157936685051168,133.45637583892614,0.8224867724867724,670.6022935017451,18267074.2,2021,배추,2017507,0.009054280456028158
202110상순,21100,배추,10키로망대,상,6351.25,9141.5,11554.3333333333,16984.5,14047.499074074,2021,상순,2021-10-01,배추,배추,10,1,False,False,False,False,False,False,False,False,False,True,False,False,True,False,False,,,427.67785234899304,0.8209070396151309,131.92214765100664,0.8278561209891682,670.6022935017451,20587953.02,2021,배추,2017507,0.010204650105303229
202110중순,21100,배추,10키로망대,상,4705.66666666666,6351.25,13765.2857142857,8203.625,7183.39351851851,2021,중순,2021-10-11,배추,배추,10,11,False,False,False,False,False,False,False,False,False,True,False,False,False,True,False,,,430.78791946308706,0.8074274393886984,131.81476510067108,0.8164505836261561,670.6022935017451,24665598.6,2021,배추,2017507,0.012225780926658495
202110하순,21100,배추,10키로망대,상,6465.66666666666,4705.66666666666,9141.5,6000.2,5808.54814814814,2021,하순,2021-10-21,배추,배추,10,21,False,False,False,False,False,False,False,False,False,True,False,False,False,False,True,,,414.86174496644276,0.7935982339955849,125.40402684563753,0.8044867904680988,670.6022935017451,26726328.2,2021,배추,2017507,0.013247204693713578
202111상순,21100,배추,10키로망대,상,9495.0,6465.66666666666,6351.25,5757.25,5840.30555555555,2021,상순,2021-11-01,배추,배추,11,1,False,False,False,False,False,False,False,False,False,False,True,False,True,False,False,,,419.2120805369126,0.7778842027028442,126.2617449664429,0.7908552074513124,670.6022935017451,37281019.9,2021,배추,2017507,0.018478756157971198
202111중순,21100,배추,10키로망대,상,10626.8888888888,9495.0,4705.66666666666,6674.33333333333,6978.47222222222,2021,중순,2021-11-11,배추,배추,11,11,False,False,False,False,False,False,False,False,False,False,True,False,False,True,False,,,294.52348993288575,0.7527948406311248,80.66442953020129,0.7682167546910559,670.6022935017451,52784301.72,2021,배추,2017507,0.026163131885044263
202111하순,21100,배추,10키로망대,상,9273.25,10626.8888888888,6465.66666666666,5541.625,6501.68981481481,2021,하순,2021-11-21,배추,배추,11,21,False,False,False,False,False,False,False,False,False,False,True,False,False,False,True,,,293.3395973154361,0.7117659519907237,80.96375838926168,0.7264316407962818,670.6022935017451,43545566.49999999,2021,배추,2017507,0.021583849027537447
202112상순,21100,배추,10키로망대,상,8281.77777777777,9273.25,9495.0,4002.22222222222,5969.17129629629,2021,상순,2021-12-01,배추,배추,12,1,False,False,False,False,False,False,False,False,False,False,False,True,True,False,False,,,290.104697986577,0.6714575394968468,79.99865771812074,0.6873030666134113,670.6022935017451,32943922.7,2021,배추,2017507,0.016329025227669595
202112중순,21100,배추,10키로망대,상,7667.375,8281.77777777777,10626.8888888888,3782.125,5978.44907407407,2021,중순,2021-12-11,배추,배추,12,11,False,False,False,False,False,False,False,False,False,False,False,True,False,True,False,,,241.75302013422805,0.6079838618024775,68.1154362416107,0.6165175747718441,670.6022935017451,16499530.799999999,2021,배추,2017507,0.008178177721316456
202112하순,21100,배추,10키로망대,상,7763.2,7667.375,9273.25,3372.8,5828.82222222222,2021,하순,2021-12-21,배추,배추,12,21,False,False,False,False,False,False,False,False,False,False,False,True,False,False,True,,,222.83624161073809,0.5440957886044591,62.41744966442948,0.5562310030395137,670.6022935017451,13537709.08,2021,배추,2017507,0.00671011752623411
202201상순,21100,배추,10키로망대,상,7795.57142857142,7763.2,8281.77777777777,3315.16666666666,5982.81746031745,2022,상순,2022-01-01,배추,배추,1,1,True,False,False,False,False,False,False,False,False,False,False,False,True,False,False,,,115.53825503355688,0.4941362046498867,27.734228187919427,0.5088679506720243,720.1329534662868,10752961.02,2022,배추,2199070,0.004889776596470326
202201중순,21100,배추,10키로망대,상,7691.55555555555,7795.57142857142,7667.375,4904.55555555555,6308.50462962962,2022,중순,2022-01-11,배추,배추,1,11,True,False,False,False,False,False,False,False,False,False,False,False,False,True,False,,,87.75302013422805,0.4432921350776849,21.31812080536909,0.4609947875253997,720.1329534662868,12657854.52,2022,배추,2199070,0.005756003456006403
202201하순,21100,배추,10키로망대,상,7684.75,7691.55555555555,7763.2,5641.33333333333,6889.42592592592,2022,하순,2022-01-21,배추,배추,1,21,True,False,False,False,False,False,False,False,False,False,False,False,False,False,True,,,74.3382550335569,0.4122852993524857,18.330201342281846,0.43231229645277697,720.1329534662868,14187404.9,2022,배추,2199070,0.0064515476542356546
202202상순,21100,배추,10키로망대,상,8355.0,7684.75,7795.57142857142,6297.33333333333,8040.14351851851,2022,상순,2022-02-01,배추,배추,2,1,False,True,False,False,False,False,False,False,False,False,False,False,True,False,False,,,52.315436241610605,0.3762888269243239,11.220134228187888,0.39235008818342143,720.1329534662868,9201528.1,2022,배추,2199070,0.004184281582669037
202202중순,21100,배추,10키로망대,상,8383.75,8355.0,7691.55555555555,8420.57142857143,8252.28306878307,2022,중순,2022-02-11,배추,배추,2,11,False,True,False,False,False,False,False,False,False,False,False,False,False,True,False,,,46.158389261744844,0.34494888944977276,10.354362416107353,0.36111468933831414,720.1329534662868,9851584.32,2022,배추,2199070,0.004479886642989992
202202하순,21100,배추,10키로망대,상,8567.14285714285,8383.75,7684.75,8894.33333333333,8550.53968253968,2022,하순,2022-02-21,배추,배추,2,21,False,True,False,False,False,False,False,False,False,False,False,False,False,False,True,,,33.85771812080525,0.32354595743350933,8.119463087248294,0.34015409877478836,720.1329534662868,10761120.44,2022,배추,2199070,0.004893486992228533
202203상순,21100,배추,10키로망대,상,8614.77777777777,8567.14285714285,8355.0,9310.88888888888,8488.61574074073,2022,상순,2022-03-01,배추,배추,3,1,False,False,True,False,False,False,False,False,False,False,False,False,True,False,False,,,33.92751677852337,0.3172267424861114,8.063087248322116,0.3326953944931472,720.1329534662868,14014347.3,2022,배추,2199070,0.006372851841914991
202203중순,21100,배추,10키로망대,상,9176.25,8614.77777777777,8383.75,9345.33333333333,8058.33333333333,2022,중순,2022-03-11,배추,배추,3,11,False,False,True,False,False,False,False,False,False,False,False,False,False,True,False,,,43.51006711409383,0.31663593830538034,11.06442953020131,0.3334135676174429,720.1329534662868,10674946.94,2022,배추,2199070,0.004854300654367528
202203하순,21100,배추,10키로망대,상,9703.9,9176.25,8567.14285714285,9392.55555555555,7643.66666666666,2022,하순,2022-03-21,배추,배추,3,21,False,False,True,False,False,False,False,False,False,False,False,False,False,False,True,,,63.94496644295288,0.3196959077989331,19.020134228187885,0.3391697588126159,720.1329534662868,14940308.1,2022,배추,2199070,0.006793921112106481
202204상순,21100,배추,10키로망대,상,10315.125,9703.9,8614.77777777777,9566.33333333333,7111.54166666666,2022,상순,2022-04-01,배추,배추,4,1,False,False,False,True,False,False,False,False,False,False,False,False,True,False,False,,,52.126174496644175,0.3261654031837801,15.626845637583864,0.3433097205824478,720.1329534662868,12077875.3,2022,배추,2199070,0.005492265048406827
202204중순,21100,배추,10키로망대,상,10429.4444444444,10315.125,9176.25,9217.75,7079.75925925926,2022,중순,2022-04-11,배추,배추,4,11,False,False,False,True,False,False,False,False,False,False,False,False,False,True,False,,,56.00939597315424,0.3397144039735098,16.624161073825473,0.35546890385600055,720.1329534662868,14642948.7,2022,배추,2199070,0.00665870058706635
202204하순,21100,배추,10키로망대,상,10479.7777777777,10429.4444444444,9703.9,8996.77777777777,7482.25925925926,2022,하순,2022-04-21,배추,배추,4,21,False,False,False,True,False,False,False,False,False,False,False,False,False,False,True,,,83.26308724832201,0.36527922303156424,28.93422818791943,0.3841111900813393,720.1329534662868,14456429.72,2022,배추,2199070,0.0065738833779734164
202205상순,21100,배추,10키로망대,상,9817.875,10479.7777777777,10315.125,6507.125,5479.00462962963,2022,상순,2022-05-01,배추,배추,5,1,False,False,False,False,True,False,False,False,False,False,False,False,True,False,False,,,80.6456375838925,0.393721851259705,28.75570469798654,0.4102005231037488,720.1329534662868,14603395.2,2022,배추,2199070,0.006640714120059843
202205중순,21100,배추,10키로망대,상,8768.22222222222,9817.875,10429.4444444444,4590.88888888888,4222.50462962962,2022,중순,2022-05-11,배추,배추,5,11,False,False,False,False,True,False,False,False,False,False,False,False,False,True,False,,,81.02416107382537,0.41977852581243896,28.88322147651003,0.4361593043763586,720.1329534662868,16857611.3,2022,배추,2199070,0.007665791129886725
202205하순,21100,배추,10키로망대,상,7693.66666666666,8768.22222222222,10479.7777777777,5712.77777777777,4409.22592592592,2022,하순,2022-05-21,배추,배추,5,21,False,False,False,False,True,False,False,False,False,False,False,False,False,False,True,,,80.60536912751665,0.4636960981121312,28.88859060402681,0.47938340522709966,720.1329534662868,15954100.59999999,2022,배추,2199070,0.00725493076618752
202206상순,21100,배추,10키로망대,상,8901.55555555555,7693.66666666666,9817.875,6225.66666666666,4941.38888888888,2022,상순,2022-06-01,배추,배추,6,1,False,False,False,False,False,True,False,False,False,False,False,False,True,False,False,,,94.81476510067102,0.49293924466338246,33.13691275167781,0.5073035349108969,720.1329534662868,17735817.06,2022,배추,2199070,0.008065144383762227
202206중순,21100,배추,10키로망대,상,8013.0,8901.55555555555,8768.22222222222,5418.375,5083.38425925925,2022,중순,2022-06-11,배추,배추,6,11,False,False,False,False,False,True,False,False,False,False,False,False,False,True,False,,,100.79328859060388,0.5307616155548881,34.69127516778519,0.5421847246891651,720.1329534662868,16131371.7,2022,배추,2199070,0.007335542615742109
202206하순,21100,배추,10키로망대,상,9065.0,8013.0,7693.66666666666,5138.0,5316.54166666666,2022,하순,2022-06-21,배추,배추,6,21,False,False,False,False,False,True,False,False,False,False,False,False,False,False,True,,,192.40805369127497,0.5940208065208065,56.67248322147646,0.6011752786220871,720.1329534662868,19681701.84,2022,배추,2199070,0.008950011523052926
202207상순,21100,배추,10키로망대,상,9905.125,9065.0,8901.55555555555,4671.66666666666,5225.12037037036,2022,상순,2022-07-01,배추,배추,7,1,False,False,False,False,False,False,True,False,False,False,False,False,True,False,False,,,200.34496644295285,0.644832792572842,58.7624161073825,0.6494879014159219,720.1329534662868,15932901.78,2022,배추,2199070,0.007245290863865179
202207중순,21100,배추,10키로망대,상,14769.1111111111,9905.125,8013.0,4782.25,7461.22222222222,2022,중순,2022-07-11,배추,배추,7,11,False,False,False,False,False,False,True,False,False,False,False,False,False,True,False,,,253.9087248322146,0.6901153597164295,73.62416107382545,0.688640083023989,720.1329534662868,19427571.46,2022,배추,2199070,0.008834448862473683
202207하순,21100,배추,10키로망대,상,17330.1111111111,14769.1111111111,9065.0,6819.3,10031.8111111111,2022,하순,2022-07-21,배추,배추,7,21,False,False,False,False,False,False,True,False,False,False,False,False,False,False,True,,,263.71946308724813,0.7218539880819604,74.54765100671136,0.7184221146085552,720.1329534662868,15659708.8,2022,배추,2199070,0.007121059720700114
202208상순,21100,배추,10키로망대,상,14042.4444444444,17330.1111111111,9905.125,10284.2857142857,10936.2619047619,2022,상순,2022-08-01,배추,배추,8,1,False,False,False,False,False,False,False,True,False,False,False,False,True,False,False,,,318.62013422818774,0.7595871132456498,82.93422818791942,0.7561309013751173,720.1329534662868,17801443.2,2022,배추,2199070,0.008094987062712874
202208중순,21100,배추,10키로망대,상,13403.1111111111,14042.4444444444,14769.1111111111,8024.77777777777,12989.8842592592,2022,중순,2022-08-11,배추,배추,8,11,False,False,False,False,False,False,False,True,False,False,False,False,False,True,False,,,385.48993288590583,0.7858957300108866,100.6120805369127,0.7806810585505878,720.1329534662868,21341913.8,2022,배추,2199070,0.0097049724656332
202208하순,21100,배추,10키로망대,상,16495.6666666666,13403.1111111111,17330.1111111111,9006.77777777777,13887.6259259259,2022,하순,2022-08-21,배추,배추,8,21,False,False,False,False,False,False,False,True,False,False,False,False,False,False,True,,,405.52751677852325,0.7993958402444785,105.92214765100665,0.7934156378600823,720.1329534662868,27541792.84,2022,배추,2199070,0.012524291104876153
202209상순,21100,배추,10키로망대,상,21026.625,16495.6666666666,14042.4444444444,11554.3333333333,13252.6111111111,2022,상순,2022-09-01,배추,배추,9,1,False,False,False,False,False,False,False,False,True,False,False,False,True,False,False,,,443.27919463087227,0.8122025712053411,107.77718120805363,0.8100097181729835,720.1329534662868,26520999.14,2022,배추,2199070,0.01206009774131792
202209중순,21100,배추,10키로망대,상,27456.1428571428,21026.625,13403.1111111111,13765.2857142857,13760.7089947089,2022,중순,2022-09-11,배추,배추,9,11,False,False,False,False,False,False,False,False,True,False,False,False,False,True,False,,,448.9355704697984,0.82330722574625,109.53154362416102,0.8209109730848861,720.1329534662868,14551844.32,2022,배추,2199070,0.00661727199225127
202209하순,21100,배추,10키로망대,상,21651.0,27456.1428571428,16495.6666666666,9141.5,13399.1898148148,2022,하순,2022-09-21,배추,배추,9,21,False,False,False,False,False,False,False,False,True,False,False,False,False,False,True,,,448.4201342281877,0.8235561888928472,109.38120805369121,0.8235483222824993,720.1329534662868,22401668.84,2022,배추,2199070,0.010186883018730645
202210상순,21100,배추,10키로망대,상,17092.5,21651.0,21026.625,6351.25,12434.2907407407,2022,상순,2022-10-01,배추,배추,10,1,False,False,False,False,False,False,False,False,False,True,False,False,True,False,False,,,482.904697986577,0.8160899384303639,115.57852348993282,0.818625678119349,720.1329534662868,20903621.03999999,2022,배추,2199070,0.009505664230788465
202210중순,21100,배추,10키로망대,상,9403.77777777777,17092.5,27456.1428571428,4705.66666666666,6119.46759259259,2022,중순,2022-10-11,배추,배추,10,11,False,False,False,False,False,False,False,False,False,True,False,False,False,True,False,,,468.3798657718119,0.802213239299332,111.27785234899324,0.808361391694725,720.1329534662868,26178674.2,2022,배추,2199070,0.0119044296907329
202210하순,21100,배추,10키로망대,상,7601.11111111111,9403.77777777777,21651.0,6465.66666666666,5988.58518518518,2022,하순,2022-10-21,배추,배추,10,21,False,False,False,False,False,False,False,False,False,True,False,False,False,False,True,,,463.8255033557045,0.789579406332705,109.79597315436237,0.7970979637646304,720.1329534662868,26723848.399999987,2022,배추,2199070,0.012152340944126375
202211상순,21100,배추,10키로망대,상,5895.22222222222,7601.11111111111,17092.5,9495.0,6532.05092592592,2022,상순,2022-11-01,배추,배추,11,1,False,False,False,False,False,False,False,False,False,False,True,False,True,False,False,,,371.7409395973153,0.7624092221323183,87.73422818791943,0.7712706946577914,720.1329534662868,35925928.0,2022,배추,2199070,0.016336873314628457
202211중순,21100,배추,10키로망대,상,5806.25,5895.22222222222,9403.77777777777,10626.8888888888,6978.47222222222,2022,중순,2022-11-11,배추,배추,11,11,False,False,False,False,False,False,False,False,False,False,True,False,False,True,False,,,373.5087248322146,0.7361729826488476,88.07382550335566,0.7449383037886688,720.1329534662868,48523969.82,2022,배추,2199070,0.02206567768192918
202211하순,21100,배추,10키로망대,상,5000.77777777777,5806.25,7601.11111111111,9273.25,6712.72685185185,2022,하순,2022-11-21,배추,배추,11,21,False,False,False,False,False,False,False,False,False,False,True,False,False,False,True,,,346.0926174496642,0.6899629488420291,79.03624161073822,0.698721184586909,720.1329534662868,50752734.7,2022,배추,2199070,0.023079181062903867
202212상순,21100,배추,10키로망대,상,4451.88888888888,5000.77777777777,5895.22222222222,8281.77777777777,5946.13425925925,2022,상순,2022-12-01,배추,배추,12,1,False,False,False,False,False,False,False,False,False,False,False,True,True,False,False,,,315.22013422818776,0.6362520111779151,72.44966442953016,0.6459627329192547,720.1329534662868,34723729.4,2022,배추,2199070,0.015790188306875178
202212중순,21100,배추,10키로망대,상,4487.875,4451.88888888888,5806.25,7667.375,5667.57407407407,2022,중순,2022-12-11,배추,배추,12,11,False,False,False,False,False,False,False,False,False,False,False,True,False,True,False,,,247.46040268456358,0.5517783335069987,57.91677852348989,0.5654149228971082,720.1329534662868,17215269.09999999,2022,배추,2199070,0.007828431609725925
202212하순,21100,배추,10키로망대,상,4715.9,4487.875,5000.77777777777,7763.2,5476.44444444444,2022,하순,2022-12-21,배추,배추,12,21,False,False,False,False,False,False,False,False,False,False,False,True,False,False,True,,,183.6872483221475,0.5037940962785565,41.21208053691271,0.5167998120300751,720.1329534662868,14641102.14,2022,배추,2199070,0.006657860886647537
