시점,품목명,품종명,거래단위,등급,평년 평균가격(원),평균가격(원)
201801상순,건고추,화건,30 kg,상품,381666.666666666,590000.0
201801중순,건고추,화건,30 kg,상품,380809.666666666,590000.0
201801하순,건고추,화건,30 kg,상품,380000.0,590000.0
201802상순,건고추,화건,30 kg,상품,380000.0,590000.0
201802중순,건고추,화건,30 kg,상품,376666.666666666,590000.0
201802하순,건고추,화건,30 kg,상품,376666.666666666,580833.0
201803상순,건고추,화건,30 kg,상품,376666.666666666,563333.0
201803중순,건고추,화건,30 kg,상품,375208.333333333,575000.0
201803하순,건고추,화건,30 kg,상품,372333.333333333,575000.0
201804상순,건고추,화건,30 kg,상품,371000.0,575000.0
201804중순,건고추,화건,30 kg,상품,368143.0,575000.0
201804하순,건고추,화건,30 kg,상품,363762.0,575000.0
201805상순,건고추,화건,30 kg,상품,361619.0,575000.0
201805중순,건고추,화건,30 kg,상품,359333.333333333,575000.0
201805하순,건고추,화건,30 kg,상품,359333.333333333,575000.0
201806상순,건고추,화건,30 kg,상품,359666.666666666,591320.0
201806중순,건고추,화건,30 kg,상품,362458.333333333,599514.0
201806하순,건고추,화건,30 kg,상품,362666.666666666,600000.0
201807상순,건고추,화건,30 kg,상품,364333.333333333,600000.0
201807중순,건고추,화건,30 kg,상품,366166.666666666,599375.0
201807하순,건고추,화건,30 kg,상품,359792.333333333,590943.0
201808상순,건고추,화건,30 kg,상품,357631.0,601250.0
201808중순,건고추,화건,30 kg,상품,349952.333333333,605000.0
201808하순,건고추,화건,30 kg,상품,348927.666666666,600000.0
201809상순,건고추,화건,30 kg,상품,405678.666666666,771633.0
201809중순,건고추,화건,30 kg,상품,399555.666666666,670800.0
201809하순,건고추,화건,30 kg,상품,401381.0,651067.0
201810상순,건고추,화건,30 kg,상품,398889.0,628017.0
201810중순,건고추,화건,30 kg,상품,396270.0,616000.0
201810하순,건고추,화건,30 kg,상품,394333.333333333,608500.0
201811상순,건고추,화건,30 kg,상품,392666.666666666,593857.0
201811중순,건고추,화건,30 kg,상품,391208.333333333,586000.0
201811하순,건고추,화건,30 kg,상품,391000.0,588500.0
201812상순,건고추,화건,30 kg,상품,390285.666666666,599000.0
201812중순,건고추,화건,30 kg,상품,386254.0,601000.0
201812하순,건고추,화건,30 kg,상품,383750.0,601000.0
201901상순,건고추,화건,30 kg,상품,381666.666666666,598357.0
201901중순,건고추,화건,30 kg,상품,380809.666666666,593950.0
201901하순,건고추,화건,30 kg,상품,380000.0,581378.0
201902상순,건고추,화건,30 kg,상품,380000.0,578600.0
201902중순,건고추,화건,30 kg,상품,376666.666666666,581725.0
201902하순,건고추,화건,30 kg,상품,376666.666666666,588600.0
201903상순,건고추,화건,30 kg,상품,376666.666666666,588600.0
201903중순,건고추,화건,30 kg,상품,375208.333333333,588600.0
201903하순,건고추,화건,30 kg,상품,372333.333333333,585743.0
201904상순,건고추,화건,30 kg,상품,371000.0,578600.0
201904중순,건고추,화건,30 kg,상품,368143.0,577171.0
201904하순,건고추,화건,30 kg,상품,363762.0,573600.0
201905상순,건고추,화건,30 kg,상품,363000.0,573600.0
201905중순,건고추,화건,30 kg,상품,361666.666666666,573600.0
201905하순,건고추,화건,30 kg,상품,361666.666666666,573044.0
201906상순,건고추,화건,30 kg,상품,362000.0,568600.0
201906중순,건고추,화건,30 kg,상품,364791.666666666,567975.0
201906하순,건고추,화건,30 kg,상품,365000.0,563600.0
201907상순,건고추,화건,30 kg,상품,366666.666666666,561350.0
201907중순,건고추,화건,30 kg,상품,368500.0,560600.0
201907하순,건고추,화건,30 kg,상품,363375.666666666,559350.0
201908상순,건고추,화건,30 kg,상품,365916.666666666,538743.0
201908중순,건고추,화건,30 kg,상품,366476.0,516733.0
201908하순,건고추,화건,30 kg,상품,418140.833333333,493366.5
201909상순,건고추,화건,30 kg,상품,469805.666666666,470000.0
201909중순,건고추,화건,30 kg,상품,500805.666666666,470000.0
201909하순,건고추,화건,30 kg,상품,503403.333333333,460000.0
201910상순,건고추,화건,30 kg,상품,493228.0,430000.0
201910중순,건고추,화건,30 kg,상품,486603.333333333,430000.0
201910하순,건고추,화건,30 kg,상품,482537.0,431111.0
201911상순,건고추,화건,30 kg,상품,477285.666666666,432000.0
201911중순,건고추,화건,30 kg,상품,473208.333333333,432000.0
201911하순,건고추,화건,30 kg,상품,473833.333333333,433714.0
201912상순,건고추,화건,30 kg,상품,476619.0,435000.0
201912중순,건고추,화건,30 kg,상품,473254.0,435000.0
201912하순,건고추,화건,30 kg,상품,467361.0,429833.0
202001상순,건고추,화건,30 kg,상품,465000.0,401429.0
202001중순,건고추,화건,30 kg,상품,464143.0,400000.0
202001하순,건고추,화건,30 kg,상품,460459.333333333,398857.0
202002상순,건고추,화건,30 kg,상품,459533.333333333,396000.0
202002중순,건고추,화건,30 kg,상품,460575.0,396000.0
202002하순,건고추,화건,30 kg,상품,460277.666666666,401250.0
202003상순,건고추,화건,30 kg,상품,454444.333333333,399750.0
202003중순,건고추,화건,30 kg,상품,458333.333333333,399125.0
202003하순,건고추,화건,30 kg,상품,455666.666666666,403857.0
202004상순,건고추,화건,30 kg,상품,454333.333333333,406000.0
202004중순,건고추,화건,30 kg,상품,451476.333333333,406000.0
202004하순,건고추,화건,30 kg,상품,448295.333333333,406000.0
202005상순,건고추,화건,30 kg,상품,447533.333333333,406000.0
202005중순,건고추,화건,30 kg,상품,446200.0,406375.0
202005하순,건고추,화건,30 kg,상품,446014.666666666,409000.0
202006상순,건고추,화건,30 kg,상품,444533.333333333,428125.0
202006중순,건고추,화건,30 kg,상품,444325.0,446714.0
202006하순,건고추,화건,30 kg,상품,442866.666666666,453457.0
202007상순,건고추,화건,30 kg,상품,442116.666666666,451600.0
202007중순,건고추,화건,30 kg,상품,439366.666666666,451933.0
202007하순,건고추,화건,30 kg,상품,435973.666666666,453933.0
202008상순,건고추,화건,30 kg,상품,430831.0,472233.0
202008중순,건고추,화건,30 kg,상품,422768.0,656571.0
202008하순,건고추,화건,30 kg,상품,411104.2762195502,703571.0
202009상순,건고추,화건,30 kg,상품,476805.666666666,905650.0
202009중순,건고추,화건,30 kg,상품,511250.0,890800.0
202009하순,건고추,화건,30 kg,상품,508689.0,815114.0
202010상순,건고추,화건,30 kg,상품,490894.666666666,806000.0
202010중순,건고추,화건,30 kg,상품,485381.0,807057.0
202010하순,건고추,화건,30 kg,상품,482537.0,819750.0
202011상순,건고추,화건,30 kg,상품,477952.333333333,830629.0
202011중순,건고추,화건,30 kg,상품,473875.0,825750.0
202011하순,건고추,화건,30 kg,상품,475071.333333333,816467.0
202012상순,건고추,화건,30 kg,상품,479000.0,810371.0
202012중순,건고추,화건,30 kg,상품,479111.0,797800.0
202012하순,건고추,화건,30 kg,상품,472305.333333333,778150.0
202101상순,건고추,화건,30 kg,상품,460476.333333333,770400.0
202101중순,건고추,화건,30 kg,상품,460333.333333333,770400.0
202101하순,건고추,화건,30 kg,상품,456745.0,770400.0
202102상순,건고추,화건,30 kg,상품,454866.666666666,770400.0
202102중순,건고추,화건,30 kg,상품,455908.333333333,770400.0
202102하순,건고추,화건,30 kg,상품,457361.0,770400.0
202103상순,건고추,화건,30 kg,상품,451027.666666666,769686.0
202103중순,건고추,화건,30 kg,상품,454708.333333333,764029.0
202103하순,건고추,화건,30 kg,상품,453619.0,764000.0
202104상순,건고추,화건,30 kg,상품,453000.0,767800.0
202104중순,건고추,화건,30 kg,상품,450143.0,767800.0
202104하순,건고추,화건,30 kg,상품,446962.0,767800.0
202105상순,건고추,화건,30 kg,상품,446200.0,767800.0
202105중순,건고추,화건,30 kg,상품,444991.666666666,767800.0
202105하순,건고추,화건,30 kg,상품,445681.333333333,767800.0
202106상순,건고추,화건,30 kg,상품,450575.0,767800.0
202106중순,건고추,화건,30 kg,상품,456563.0,771133.0
202106하순,건고추,화건,30 kg,상품,457352.333333333,772800.0
202107상순,건고추,화건,30 kg,상품,455983.333333333,772800.0
202107중순,건고추,화건,30 kg,상품,453344.333333333,772800.0
202107하순,건고추,화건,30 kg,상품,450618.0,772800.0
202108상순,건고추,화건,30 kg,상품,451575.333333333,759943.0
202108중순,건고추,화건,30 kg,상품,488244.333333333,732243.0
202108하순,건고추,화건,30 kg,상품,0.0,602000.0
202109상순,건고추,화건,30 kg,상품,594433.333333333,599813.0
202109중순,건고추,화건,30 kg,상품,596516.666666666,587000.0
202109하순,건고추,화건,30 kg,상품,597022.333333333,580750.0
202110상순,건고추,화건,30 kg,상품,579339.0,578400.0
202110중순,건고추,화건,30 kg,상품,578250.0,562714.0
202110하순,건고추,화건,30 kg,상품,582727.333333333,558000.0
202111상순,건고추,화건,30 kg,상품,563202.333333333,558000.0
202111중순,건고추,화건,30 kg,상품,552944.333333333,558000.0
202111하순,건고추,화건,30 kg,상품,554071.333333333,565143.0
202112상순,건고추,화건,30 kg,상품,559000.0,570500.0
202112중순,건고추,화건,30 kg,상품,552000.0,570500.0
202112하순,건고추,화건,30 kg,상품,540555.333333333,560778.0
201801상순,사과,후지,10 개,상품,21461.6666666666,20361.0
201801중순,사과,후지,10 개,상품,22179.6666666666,20359.0
201801하순,사과,후지,10 개,상품,22917.6666666666,20653.0
201802상순,사과,후지,10 개,상품,23424.6666666666,20563.0
201802중순,사과,후지,10 개,상품,23201.6666666666,21779.0
201802하순,사과,후지,10 개,상품,22792.3333333333,21465.0
201803상순,사과,후지,10 개,상품,22616.3333333333,21384.0
201803중순,사과,후지,10 개,상품,22322.0,20695.0
201803하순,사과,후지,10 개,상품,21930.3333333333,20794.0
201804상순,사과,후지,10 개,상품,21921.6666666666,19019.0
201804중순,사과,후지,10 개,상품,22252.6666666666,19208.0
201804하순,사과,후지,10 개,상품,22566.0,19154.0
201805상순,사과,후지,10 개,상품,22600.6666666666,19074.0
201805중순,사과,후지,10 개,상품,22759.3333333333,18943.0
201805하순,사과,후지,10 개,상품,23036.0,18681.0
201806상순,사과,후지,10 개,상품,23094.0,19018.0
201806중순,사과,후지,10 개,상품,23656.0,19762.0
201806하순,사과,후지,10 개,상품,24442.6666666666,19393.0
201807상순,사과,후지,10 개,상품,24864.6666666666,19508.0
201807중순,사과,후지,10 개,상품,25152.6666666666,19496.0
201807하순,사과,후지,10 개,상품,25347.0,19680.0
201808상순,사과,후지,10 개,상품,25500.3333333333,20287.0
201808중순,사과,후지,10 개,상품,25584.0,20956.0
201808하순,사과,후지,10 개,상품,25163.6666666666,21807.0
201809상순,사과,후지,10 개,상품,0.0,21299.0
201809중순,사과,홍로,10 개,상품,22201.3333333333,26228.0
201809하순,사과,홍로,10 개,상품,21663.3333333333,26219.0
201810상순,사과,홍로,10 개,상품,20847.6666666666,25411.0
201810중순,사과,홍로,10 개,상품,19957.0,22474.0
201810하순,사과,후지,10 개,상품,0.0,22336.0
201811상순,사과,후지,10 개,상품,19883.0,21791.0
201811중순,사과,후지,10 개,상품,19865.3333333333,22815.0
201811하순,사과,후지,10 개,상품,20430.0,23070.0
201812상순,사과,후지,10 개,상품,20102.6666666666,22840.0
201812중순,사과,후지,10 개,상품,20100.3333333333,22237.0
201812하순,사과,후지,10 개,상품,20250.6666666666,21908.0
201901상순,사과,후지,10 개,상품,20696.6666666666,22487.0
201901중순,사과,후지,10 개,상품,20851.0,23655.0
201901하순,사과,후지,10 개,상품,21606.6666666666,25155.0
201902상순,사과,후지,10 개,상품,22033.3333333333,26059.0
201902중순,사과,후지,10 개,상품,22334.6666666666,24721.0
201902하순,사과,후지,10 개,상품,21610.0,24274.0
201903상순,사과,후지,10 개,상품,21707.3333333333,24027.0
201903중순,사과,후지,10 개,상품,21438.3333333333,24501.0
201903하순,사과,후지,10 개,상품,21247.0,24797.0
201904상순,사과,후지,10 개,상품,20653.3333333333,24550.0
201904중순,사과,후지,10 개,상품,20791.3333333333,24522.0
201904하순,사과,후지,10 개,상품,20969.0,25049.0
201905상순,사과,후지,10 개,상품,20859.3333333333,24884.0
201905중순,사과,후지,10 개,상품,20961.3333333333,24801.0
201905하순,사과,후지,10 개,상품,21147.6666666666,24563.0
201906상순,사과,후지,10 개,상품,21271.0,25007.0
201906중순,사과,후지,10 개,상품,21896.0,25248.0
201906하순,사과,후지,10 개,상품,22429.0,25287.0
201907상순,사과,후지,10 개,상품,22869.6666666666,25319.0
201907중순,사과,후지,10 개,상품,23066.0,25760.0
201907하순,사과,후지,10 개,상품,23229.6666666666,25340.0
201908상순,사과,후지,10 개,상품,23778.3333333333,25279.0
201908중순,사과,후지,10 개,상품,24041.0,25974.0
201908하순,사과,후지,10 개,상품,23489.6666666666,26672.0
201909상순,사과,후지,10 개,상품,0.0,25700.0
201909중순,사과,홍로,10 개,상품,22687.3333333333,22939.0
201909하순,사과,홍로,10 개,상품,21663.3333333333,20127.0
201910상순,사과,홍로,10 개,상품,21509.6666666666,18516.0
201910중순,사과,홍로,10 개,상품,20813.6666666666,17644.0
201910하순,사과,후지,10 개,상품,0.0,18986.0
201911상순,사과,후지,10 개,상품,20334.3333333333,19086.0
201911중순,사과,후지,10 개,상품,20160.0,18829.0
201911하순,사과,후지,10 개,상품,20430.0,18390.0
201912상순,사과,후지,10 개,상품,20102.6666666666,17583.0
201912중순,사과,후지,10 개,상품,20100.3333333333,17745.0
201912하순,사과,후지,10 개,상품,20250.6666666666,18227.0
202001상순,사과,후지,10 개,상품,20696.6666666666,18290.0
202001중순,사과,후지,10 개,상품,20851.0,18508.0
202001하순,사과,후지,10 개,상품,21606.6666666666,20625.0
202002상순,사과,후지,10 개,상품,22033.3333333333,20006.0
202002중순,사과,후지,10 개,상품,22716.6666666666,20348.0
202002하순,사과,후지,10 개,상품,22289.3333333333,20120.0
202003상순,사과,후지,10 개,상품,22160.3333333333,19667.0
202003중순,사과,후지,10 개,상품,21629.0,19802.0
202003하순,사과,후지,10 개,상품,21319.3333333333,19988.0
202004상순,사과,후지,10 개,상품,20676.6666666666,20251.0
202004중순,사과,후지,10 개,상품,20936.3333333333,20484.0
202004하순,사과,후지,10 개,상품,21238.3333333333,20518.0
202005상순,사과,후지,10 개,상품,21508.3333333333,20940.0
202005중순,사과,후지,10 개,상품,21448.6666666666,21526.0
202005하순,사과,후지,10 개,상품,21296.6666666666,21783.0
202006상순,사과,후지,10 개,상품,21332.0,22451.0
202006중순,사과,후지,10 개,상품,21944.3333333333,22908.0
202006하순,사과,후지,10 개,상품,22429.0,23682.0
202007상순,사과,후지,10 개,상품,22825.6666666666,24879.0
202007중순,사과,후지,10 개,상품,22995.0,26075.0
202007하순,사과,후지,10 개,상품,22970.6666666666,26973.0
202008상순,사과,후지,10 개,상품,23419.3333333333,27768.0
202008중순,사과,후지,10 개,상품,23929.6666666666,27649.0
202008하순,사과,후지,10 개,상품,23489.6666666666,26514.0
202009상순,사과,홍로,10 개,상품,23844.3333333333,30369.0
202009중순,사과,홍로,10 개,상품,23123.0,29944.0
202009하순,사과,홍로,10 개,상품,21663.3333333333,32610.0
202010상순,사과,홍로,10 개,상품,21509.6666666666,30579.0
202010중순,사과,홍로,10 개,상품,20813.6666666666,29534.0
202010하순,사과,후지,10 개,상품,0.0,29715.0
202011상순,사과,후지,10 개,상품,20129.6666666666,29099.0
202011중순,사과,후지,10 개,상품,20126.3333333333,27159.0
202011하순,사과,후지,10 개,상품,19863.6666666666,26942.0
202012상순,사과,후지,10 개,상품,19611.6666666666,26543.0
202012중순,사과,후지,10 개,상품,19575.3333333333,27134.0
202012하순,사과,후지,10 개,상품,19822.6666666666,27935.0
202101상순,사과,후지,10 개,상품,19678.0,28046.0
202101중순,사과,후지,10 개,상품,20233.6666666666,29954.0
202101하순,사과,후지,10 개,상품,21138.3333333333,32624.0
202102상순,사과,후지,10 개,상품,20934.3333333333,35339.0
202102중순,사과,후지,10 개,상품,21259.0,34097.0
202102하순,사과,후지,10 개,상품,20904.6666666666,33901.0
202103상순,사과,후지,10 개,상품,20707.0,33066.0
202103중순,사과,후지,10 개,상품,20447.6666666666,32917.0
202103하순,사과,후지,10 개,상품,20367.3333333333,33668.0
202104상순,사과,후지,10 개,상품,19819.0,34642.0
202104중순,사과,후지,10 개,상품,19900.3333333333,34038.0
202104하순,사과,후지,10 개,상품,20096.0,34235.0
202105상순,사과,후지,10 개,상품,20389.0,34263.0
202105중순,사과,후지,10 개,상품,20511.6666666666,34386.0
202105하순,사과,후지,10 개,상품,20442.3333333333,32823.0
202106상순,사과,후지,10 개,상품,20576.6666666666,33013.0
202106중순,사과,후지,10 개,상품,21233.0,34023.0
202106하순,사과,후지,10 개,상품,21974.6666666666,33554.0
202107상순,사과,후지,10 개,상품,22679.0,33200.0
202107중순,사과,후지,10 개,상품,22995.0,33300.0
202107하순,사과,후지,10 개,상품,22970.6666666666,33472.0
202108상순,사과,후지,10 개,상품,23419.3333333333,32511.0
202108중순,사과,후지,10 개,상품,23929.6666666666,31031.0
202108하순,사과,후지,10 개,상품,23650.6666666666,30531.0
202109상순,사과,홍로,10 개,상품,24993.0,24907.0
202109중순,사과,홍로,10 개,상품,24813.0,26407.0
202109하순,사과,홍로,10 개,상품,23096.3333333333,27970.0
202110상순,사과,홍로,10 개,상품,22781.3333333333,25009.0
202110중순,사과,홍로,10 개,상품,21546.3333333333,23608.0
202110하순,사과,홍로,10 개,상품,20837.99999999995,24748.5
202111상순,사과,후지,10 개,상품,20129.6666666666,25889.0
202111중순,사과,후지,10 개,상품,20743.6666666666,26004.0
202111하순,사과,후지,10 개,상품,20673.0,25494.0
202112상순,사과,후지,10 개,상품,20539.6666666666,26144.0
202112중순,사과,후지,10 개,상품,20197.0,26177.0
202112하순,사과,후지,10 개,상품,20237.3333333333,25952.0
201801상순,감자,감자 수미,20키로상자,상,24660.0317460317,44170.2857142857
201801중순,감자,감자 수미,20키로상자,상,23299.4444444444,48283.7777777777
201801하순,감자,감자 수미,20키로상자,상,25218.0074074074,50243.0
201802상순,감자,감자 수미,20키로상자,상,28703.875,55380.6666666666
201802중순,감자,감자 수미,20키로상자,상,27419.8822751322,59133.0
201802하순,감자,감자 수미,20키로상자,상,29378.6666666666,60486.7142857142
201803상순,감자,감자 수미,20키로상자,상,29317.5277777777,64069.7777777777
201803중순,감자,감자 수미,20키로상자,상,30453.6944444444,70821.5
201803하순,감자,감자 수미,20키로상자,상,35062.6,92194.7
201804상순,감자,감자 수미,20키로상자,상,34148.787037037,115127.75
201804중순,감자,감자 수미,20키로상자,상,32486.3703703703,109036.555555555
201804하순,감자,감자 수미,20키로상자,상,33455.949074074,98434.25
201805상순,감자,감자 수미,20키로상자,상,35158.8379629629,74557.5555555555
201805중순,감자,감자 수미,20키로상자,상,37978.3888888888,50940.125
201805하순,감자,감자 수미,20키로상자,상,28350.574074074,41498.0
201806상순,감자,감자 수미,20키로상자,상,23804.949074074,25062.25
201806중순,감자,감자 수미,20키로상자,상,20516.5509259259,23764.6666666666
201806하순,감자,감자 수미,20키로상자,상,17564.2824074074,23870.0
201807상순,감자,감자 수미,20키로상자,상,17505.1296296296,24741.5
201807중순,감자,감자 수미,20키로상자,상,17983.7453703703,24151.8888888888
201807하순,감자,감자 수미,20키로상자,상,19177.6074074074,28255.1111111111
201808상순,감자,감자 수미,20키로상자,상,19619.6084656084,37492.5
201808중순,감자,감자 수미,20키로상자,상,20299.2962962962,37474.0
201808하순,감자,감자 수미,20키로상자,상,20281.9259259259,42553.9
201809상순,감자,감자 수미,20키로상자,상,20210.3888888888,40545.0
201809중순,감자,감자 수미,20키로상자,상,20119.7071428571,40888.3333333333
201809하순,감자,감자 수미,20키로상자,상,20534.7724867724,43794.2
201810상순,감자,감자 수미,20키로상자,상,19225.574074074,39750.7777777777
201810중순,감자,감자 수미,20키로상자,상,19836.75,38609.5555555555
201810하순,감자,감자 수미,20키로상자,상,20383.8407407407,38498.5555555555
201811상순,감자,감자 수미,20키로상자,상,22684.6481481481,43583.2222222222
201811중순,감자,감자 수미,20키로상자,상,23339.4768518518,42668.375
201811하순,감자,감자 수미,20키로상자,상,24387.2129629629,40473.0
201812상순,감자,감자 수미,20키로상자,상,24987.8888888888,39453.75
201812중순,감자,감자 수미,20키로상자,상,24233.0046296296,42736.0
201812하순,감자,감자 수미,20키로상자,상,25547.3185185185,42905.4444444444
201901상순,감자,감자 수미,20키로상자,상,26176.0793650793,42425.8571428571
201901중순,감자,감자 수미,20키로상자,상,25604.1203703703,39410.625
201901하순,감자,감자 수미,20키로상자,상,28817.3185185185,40487.0
201902상순,감자,감자 수미,20키로상자,상,32006.7129629629,42759.8
201902중순,감자,감자 수미,20키로상자,상,30440.2156084656,42351.4444444444
201902하순,감자,감자 수미,20키로상자,상,32121.6904761904,41386.4285714285
201903상순,감자,감자 수미,20키로상자,상,34324.9814814814,49899.75
201903중순,감자,감자 수미,20키로상자,상,36563.9907407407,57439.0
201903하순,감자,감자 수미,20키로상자,상,40465.9333333333,64747.0
201904상순,감자,감자 수미,20키로상자,상,39218.5277777777,60224.3333333333
201904중순,감자,감자 수미,20키로상자,상,41861.6898148148,51644.0
201904하순,감자,감자 수미,20키로상자,상,41598.7407407407,41836.0
201905상순,감자,감자 수미,20키로상자,상,42902.0694444444,43263.3333333333
201905중순,감자,감자 수미,20키로상자,상,44515.9305555555,43274.625
201905하순,감자,감자 수미,20키로상자,상,33195.074074074,29787.3
201906상순,감자,감자 수미,20키로상자,상,25265.2916666666,21312.5
201906중순,감자,감자 수미,20키로상자,상,21960.8472222222,18377.0
201906하순,감자,감자 수미,20키로상자,상,20506.199074074,19100.25
201907상순,감자,감자 수미,20키로상자,상,20470.7962962962,16363.6666666666
201907중순,감자,감자 수미,20키로상자,상,21377.3379629629,19713.4444444444
201907하순,감자,감자 수미,20키로상자,상,23308.0888888888,19781.8888888888
201908상순,감자,감자 수미,20키로상자,상,24084.1964285714,18478.875
201908중순,감자,감자 수미,20키로상자,상,25620.9259259259,18589.375
201908하순,감자,감자 수미,20키로상자,상,25909.4518518518,16749.9
201909상순,감자,감자 수미,20키로상자,상,25125.0138888888,17472.125
201909중순,감자,감자 수미,20키로상자,상,25032.3314814814,17827.0
201909하순,감자,감자 수미,20키로상자,상,25670.5608465608,16790.875
201910상순,감자,감자 수미,20키로상자,상,25920.5592592592,16971.6666666666
201910중순,감자,감자 수미,20키로상자,상,25901.1574074074,18049.625
201910하순,감자,감자 수미,20키로상자,상,25829.5814814814,16343.6
201911상순,감자,감자 수미,20키로상자,상,27781.1712962962,19046.625
201911중순,감자,감자 수미,20키로상자,상,28977.2592592592,19557.1111111111
201911하순,감자,감자 수미,20키로상자,상,30899.287037037,20174.5555555555
201912상순,감자,감자 수미,20키로상자,상,30608.2731481481,20087.875
201912중순,감자,감자 수미,20키로상자,상,31817.0416666666,18996.0
201912하순,감자,감자 수미,20키로상자,상,32817.6148148148,23131.5555555555
202001상순,감자,감자 수미,20키로상자,상,32968.8095238095,25534.5714285714
202001중순,감자,감자 수미,20키로상자,상,31513.2453703703,31222.625
202001하순,감자,감자 수미,20키로상자,상,33510.0185185185,25292.625
202002상순,감자,감자 수미,20키로상자,상,35691.7296296296,32808.625
202002중순,감자,감자 수미,20키로상자,상,34849.9933862433,31611.1111111111
202002하순,감자,감자 수미,20키로상자,상,35716.0238095238,47156.75
202003상순,감자,감자 수미,20키로상자,상,41217.787037037,39013.875
202003중순,감자,감자 수미,20키로상자,상,44528.8657407407,42721.7777777777
202003하순,감자,감자 수미,20키로상자,상,49818.0666666666,44674.3333333333
202004상순,감자,감자 수미,20키로상자,상,46707.8055555555,41647.0
202004중순,감자,감자 수미,20키로상자,상,47278.5046296296,45116.75
202004하순,감자,감자 수미,20키로상자,상,44104.6666666666,49584.4444444444
202005상순,감자,감자 수미,20키로상자,상,45690.3055555555,48522.75
202005중순,감자,감자 수미,20키로상자,상,47913.3611111111,43740.4444444444
202005하순,감자,감자 수미,20키로상자,상,34731.6925925926,28288.2222222222
202006상순,감자,감자 수미,20키로상자,상,25102.9166666666,27899.2222222222
202006중순,감자,감자 수미,20키로상자,상,22015.4305555555,25177.1111111111
202006하순,감자,감자 수미,20키로상자,상,21779.2083333333,20325.5
202007상순,감자,감자 수미,20키로상자,상,20240.8703703703,19618.4444444444
202007중순,감자,감자 수미,20키로상자,상,21934.5277777777,20345.875
202007하순,감자,감자 수미,20키로상자,상,23553.7851851851,22674.9
202008상순,감자,감자 수미,20키로상자,상,23731.1071428571,27167.5714285714
202008중순,감자,감자 수미,20키로상자,상,25309.074074074,29195.1111111111
202008하순,감자,감자 수미,20키로상자,상,25821.7851851851,30142.6666666666
202009상순,감자,감자 수미,20키로상자,상,25125.0138888888,29065.1111111111
202009중순,감자,감자 수미,20키로상자,상,25032.3314814814,30463.625
202009하순,감자,감자 수미,20키로상자,상,25670.5608465608,32092.7777777777
202010상순,감자,감자 수미,20키로상자,상,25920.5592592592,30682.3333333333
202010중순,감자,감자 수미,20키로상자,상,25901.1574074074,27132.75
202010하순,감자,감자 수미,20키로상자,상,25829.5814814814,28129.3
202011상순,감자,감자 수미,20키로상자,상,27781.1712962962,28878.875
202011중순,감자,감자 수미,20키로상자,상,28977.2592592592,28705.3333333333
202011하순,감자,감자 수미,20키로상자,상,30899.287037037,28987.25
202012상순,감자,감자 수미,20키로상자,상,30608.2731481481,28334.0
202012중순,감자,감자 수미,20키로상자,상,31817.0416666666,27792.625
202012하순,감자,감자 수미,20키로상자,상,32817.6148148148,29702.2
202101상순,감자,감자 수미,20키로상자,상,32968.8095238095,40769.1666666666
202101중순,감자,감자 수미,20키로상자,상,33322.3425925925,42077.3333333333
202101하순,감자,감자 수미,20키로상자,상,33510.0185185185,38563.3333333333
202102상순,감자,감자 수미,20키로상자,상,35970.4379629629,44619.1111111111
202102중순,감자,감자 수미,20키로상자,상,34875.9351851851,37598.1428571428
202102하순,감자,감자 수미,20키로상자,상,39999.1071428571,46297.3333333333
202103상순,감자,감자 수미,20키로상자,상,42276.912037037,41993.2222222222
202103중순,감자,감자 수미,20키로상자,상,45073.0509259259,44973.8888888888
202103하순,감자,감자 수미,20키로상자,상,49147.5111111111,50238.6666666666
202104상순,감자,감자 수미,20키로상자,상,46562.0277777777,52161.5555555555
202104중순,감자,감자 수미,20키로상자,상,44204.2129629629,49735.625
202104하순,감자,감자 수미,20키로상자,상,43029.4814814814,39849.5555555555
202105상순,감자,감자 수미,20키로상자,상,44544.1388888889,35688.375
202105중순,감자,감자 수미,20키로상자,상,45513.4675925925,30354.8888888888
202105하순,감자,감자 수미,20키로상자,상,31011.7666666666,26344.8888888888
202106상순,감자,감자 수미,20키로상자,상,24757.9907407407,20955.6666666666
202106중순,감자,감자 수미,20키로상자,상,22015.4305555555,18250.875
202106하순,감자,감자 수미,20키로상자,상,21098.5833333333,19178.3333333333
202107상순,감자,감자 수미,20키로상자,상,20241.2037037037,20931.2222222222
202107중순,감자,감자 수미,20키로상자,상,21403.7361111111,20168.75
202107하순,감자,감자 수미,20키로상자,상,23434.8185185185,23343.8
202108상순,감자,감자 수미,20키로상자,상,25682.7738095238,28258.0
202108중순,감자,감자 수미,20키로상자,상,27594.074074074,29960.0
202108하순,감자,감자 수미,20키로상자,상,28767.8962962963,28987.1111111111
202109상순,감자,감자 수미,20키로상자,상,28106.125,29590.0
202109중순,감자,감자 수미,20키로상자,상,28510.6231481481,31365.1428571428
202109하순,감자,감자 수미,20키로상자,상,29588.6296296296,30398.0
202110상순,감자,감자 수미,20키로상자,상,29318.0777777777,28628.375
202110중순,감자,감자 수미,20키로상자,상,28189.9907407407,29441.5555555555
202110하순,감자,감자 수미,20키로상자,상,28143.2481481481,28299.8888888888
202111상순,감자,감자 수미,20키로상자,상,29376.9212962962,30181.4444444444
202111중순,감자,감자 수미,20키로상자,상,30634.7777777777,33761.3333333333
202111하순,감자,감자 수미,20키로상자,상,32139.787037037,36023.875
202112상순,감자,감자 수미,20키로상자,상,31688.6435185185,35233.6666666666
202112중순,감자,감자 수미,20키로상자,상,33251.9166666666,32679.125
202112하순,감자,감자 수미,20키로상자,상,34313.1814814814,42440.6
201801상순,배,신고,10 개,상품,30268.0,28312.0
201801중순,배,신고,10 개,상품,30860.6666666666,28290.0
201801하순,배,신고,10 개,상품,31317.0,28324.0
201802상순,배,신고,10 개,상품,31357.6666666666,28113.0
201802중순,배,신고,10 개,상품,31211.6666666666,28294.0
201802하순,배,신고,10 개,상품,31967.3333333333,28129.0
201803상순,배,신고,10 개,상품,32321.3333333333,27435.0
201803중순,배,신고,10 개,상품,32322.3333333333,27543.0
201803하순,배,신고,10 개,상품,32394.3333333333,27942.0
201804상순,배,신고,10 개,상품,31896.3333333333,28129.0
201804중순,배,신고,10 개,상품,32196.6666666666,28140.0
201804하순,배,신고,10 개,상품,32624.6666666666,27779.0
201805상순,배,신고,10 개,상품,32975.3333333333,28143.0
201805중순,배,신고,10 개,상품,33336.6666666666,28288.0
201805하순,배,신고,10 개,상품,33922.0,28179.0
201806상순,배,신고,10 개,상품,34593.3333333333,27790.0
201806중순,배,신고,10 개,상품,35066.3333333333,27844.0
201806하순,배,신고,10 개,상품,35475.6666666666,28322.0
201807상순,배,신고,10 개,상품,35735.0,28555.0
201807중순,배,신고,10 개,상품,36165.6666666666,28595.0
201807하순,배,신고,10 개,상품,36159.6666666666,28632.0
201808상순,배,신고,10 개,상품,36170.3333333333,28352.0
201808중순,배,신고,10 개,상품,35257.6666666666,28464.0
201808하순,배,신고,10 개,상품,33252.6666666666,28192.0
201809상순,배,신고,10 개,상품,31970.6666666666,26699.0
201809중순,배,신고,10 개,상품,29951.3333333333,35206.0
201809하순,배,신고,10 개,상품,30185.6666666666,36263.0
201810상순,배,신고,10 개,상품,30057.3333333333,35528.0
201810중순,배,신고,10 개,상품,29397.0,33137.0
201810하순,배,신고,10 개,상품,28426.6666666666,33051.0
201811상순,배,신고,10 개,상품,27857.6666666666,33505.0
201811중순,배,신고,10 개,상품,27793.6666666666,33602.0
201811하순,배,신고,10 개,상품,28277.3333333333,34202.0
201812상순,배,신고,10 개,상품,28713.6666666666,34577.0
201812중순,배,신고,10 개,상품,29312.6666666666,35128.0
201812하순,배,신고,10 개,상품,29397.6666666666,36299.0
201901상순,배,신고,10 개,상품,29738.6666666666,36310.0
201901중순,배,신고,10 개,상품,29721.0,36997.0
201901하순,배,신고,10 개,상품,30387.3333333333,39020.0
201902상순,배,신고,10 개,상품,30763.3333333333,40269.0
201902중순,배,신고,10 개,상품,30434.6666666666,38450.0
201902하순,배,신고,10 개,상품,31059.3333333333,38635.0
201903상순,배,신고,10 개,상품,31550.3333333333,38477.0
201903중순,배,신고,10 개,상품,31180.6666666666,38730.0
201903하순,배,신고,10 개,상품,31139.0,38835.0
201904상순,배,신고,10 개,상품,30531.0,38855.0
201904중순,배,신고,10 개,상품,30333.3333333333,38745.0
201904하순,배,신고,10 개,상품,30569.0,38809.0
201905상순,배,신고,10 개,상품,30930.0,39511.0
201905중순,배,신고,10 개,상품,31311.6666666666,39963.0
201905하순,배,신고,10 개,상품,31906.0,39913.0
201906상순,배,신고,10 개,상품,32499.6666666666,40033.0
201906중순,배,신고,10 개,상품,32972.6666666666,41507.0
201906하순,배,신고,10 개,상품,33396.0,43013.0
201907상순,배,신고,10 개,상품,33741.0,43830.0
201907중순,배,신고,10 개,상품,34130.0,44998.0
201907하순,배,신고,10 개,상품,33537.3333333333,45877.0
201908상순,배,신고,10 개,상품,33353.6666666666,45823.0
201908중순,배,신고,10 개,상품,32948.3333333333,45736.0
201908하순,배,신고,10 개,상품,31131.3333333333,43486.0
201909상순,배,신고,10 개,상품,30056.3333333333,36613.0
201909중순,배,신고,10 개,상품,29951.3333333333,34958.0
201909하순,배,신고,10 개,상품,30185.6666666666,34803.0
201910상순,배,신고,10 개,상품,30057.3333333333,33689.0
201910중순,배,신고,10 개,상품,29397.0,32626.0
201910하순,배,신고,10 개,상품,28584.0,32074.0
201911상순,배,신고,10 개,상품,28183.0,31478.0
201911중순,배,신고,10 개,상품,28230.6666666666,30789.0
201911하순,배,신고,10 개,상품,28497.3333333333,30527.0
201912상순,배,신고,10 개,상품,28713.6666666666,31030.0
201912중순,배,신고,10 개,상품,29381.0,31423.0
201912하순,배,신고,10 개,상품,29471.6666666666,31549.0
202001상순,배,신고,10 개,상품,29738.6666666666,32191.0
202001중순,배,신고,10 개,상품,29721.0,32249.0
202001하순,배,신고,10 개,상품,30387.3333333333,31685.0
202002상순,배,신고,10 개,상품,30763.3333333333,30074.0
202002중순,배,신고,10 개,상품,30434.6666666666,31786.0
202002하순,배,신고,10 개,상품,31059.3333333333,32914.0
202003상순,배,신고,10 개,상품,31550.3333333333,32903.0
202003중순,배,신고,10 개,상품,31180.6666666666,33513.0
202003하순,배,신고,10 개,상품,31139.0,32331.0
202004상순,배,신고,10 개,상품,30531.0,32093.0
202004중순,배,신고,10 개,상품,30333.3333333333,32593.0
202004하순,배,신고,10 개,상품,30569.0,32784.0
202005상순,배,신고,10 개,상품,30930.0,33112.0
202005중순,배,신고,10 개,상품,31311.6666666666,32948.0
202005하순,배,신고,10 개,상품,31906.0,32668.0
202006상순,배,신고,10 개,상품,32499.6666666666,32951.0
202006중순,배,신고,10 개,상품,33018.3333333333,33685.0
202006하순,배,신고,10 개,상품,34036.6666666666,33963.0
202007상순,배,신고,10 개,상품,34128.3333333333,34443.0
202007중순,배,신고,10 개,상품,34130.0,34696.0
202007하순,배,신고,10 개,상품,33537.3333333333,35224.0
202008상순,배,신고,10 개,상품,33353.6666666666,35338.0
202008중순,배,신고,10 개,상품,32970.6666666666,35367.0
202008하순,배,신고,10 개,상품,31324.3333333333,36155.0
202009상순,배,신고,10 개,상품,30690.0,37269.0
202009중순,배,신고,10 개,상품,31519.6666666666,29846.0
202009하순,배,신고,10 개,상품,32161.6666666666,36920.0
202010상순,배,신고,10 개,상품,31892.6666666666,37215.0
202010중순,배,신고,10 개,상품,30900.0,36568.0
202010하순,배,신고,10 개,상품,30038.6666666666,35732.0
202011상순,배,신고,10 개,상품,29499.6666666666,36707.0
202011중순,배,신고,10 개,상품,29650.3333333333,36354.0
202011하순,배,신고,10 개,상품,29355.6666666666,36455.0
202012상순,배,신고,10 개,상품,29825.3333333333,37346.0
202012중순,배,신고,10 개,상품,30090.3333333333,38155.0
202012하순,배,신고,10 개,상품,30243.0,39443.0
202101상순,배,신고,10 개,상품,30762.0,40309.0
202101중순,배,신고,10 개,상품,30966.0,41773.0
202101하순,배,신고,10 개,상품,30758.3333333333,46698.0
202102상순,배,신고,10 개,상품,30350.0,48547.0
202102중순,배,신고,10 개,상품,30511.6666666666,47498.0
202102하순,배,신고,10 개,상품,31451.6666666666,46220.0
202103상순,배,신고,10 개,상품,31849.0,44800.0
202103중순,배,신고,10 개,상품,32255.3333333333,46270.0
202103하순,배,신고,10 개,상품,31793.3333333333,48163.0
202104상순,배,신고,10 개,상품,31449.0,47176.0
202104중순,배,신고,10 개,상품,31701.0,46831.0
202104하순,배,신고,10 개,상품,31964.6666666666,46783.0
202105상순,배,신고,10 개,상품,32271.0,46856.0
202105중순,배,신고,10 개,상품,32453.6666666666,46516.0
202105하순,배,신고,10 개,상품,32689.3333333333,46978.0
202106상순,배,신고,10 개,상품,33452.0,47711.0
202106중순,배,신고,10 개,상품,34194.0,48455.0
202106하순,배,신고,10 개,상품,35246.3333333333,49511.0
202107상순,배,신고,10 개,상품,35426.3333333333,50696.0
202107중순,배,신고,10 개,상품,35536.3333333333,52031.0
202107하순,배,신고,10 개,상품,35734.6666666666,52473.0
202108상순,배,신고,10 개,상품,35682.3333333333,53463.0
202108중순,배,신고,10 개,상품,35024.3333333333,52707.0
202108하순,배,신고,10 개,상품,33978.6666666666,50514.0
202109상순,배,신고,10 개,상품,33994.6666666666,32101.0
202109중순,배,신고,10 개,상품,31897.6666666666,32774.0
202109하순,배,신고,10 개,상품,34123.6666666666,36734.0
202110상순,배,신고,10 개,상품,33405.6666666666,35325.0
202110중순,배,신고,10 개,상품,31940.3333333333,32757.0
202110하순,배,신고,10 개,상품,31688.3333333333,31487.0
202111상순,배,신고,10 개,상품,31683.6666666666,32666.0
202111중순,배,신고,10 개,상품,31598.3333333333,30859.0
202111하순,배,신고,10 개,상품,31642.6666666666,32239.0
202112상순,배,신고,10 개,상품,31927.6666666666,33333.0
202112중순,배,신고,10 개,상품,32345.0,33593.0
202112하순,배,신고,10 개,상품,32753.6666666666,35900.0
201801상순,깐마늘(국산),깐마늘(국산),20 kg,상품,0.0,130666.66666666669
201801중순,깐마늘(국산),깐마늘(국산),20 kg,상품,0.0,130600.0
201801하순,깐마늘(국산),깐마늘(국산),20 kg,상품,0.0,130600.0
201802상순,깐마늘(국산),깐마늘(국산),20 kg,상품,0.0,134614.5
201802중순,깐마늘(국산),깐마늘(국산),20 kg,상품,0.0,137100.0
201802하순,깐마늘(국산),깐마늘(국산),20 kg,상품,0.0,137100.0
201803상순,깐마늘(국산),깐마늘(국산),20 kg,상품,0.0,137100.0
201803중순,깐마늘(국산),깐마늘(국산),20 kg,상품,0.0,137100.0
201803하순,깐마늘(국산),깐마늘(국산),20 kg,상품,0.0,136912.5
201804상순,깐마늘(국산),깐마늘(국산),20 kg,상품,0.0,136428.5
201804중순,깐마늘(국산),깐마늘(국산),20 kg,상품,0.0,142000.0
201804하순,깐마늘(국산),깐마늘(국산),20 kg,상품,0.0,142000.0
201805상순,깐마늘(국산),깐마늘(국산),20 kg,상품,0.0,142000.0
201805중순,깐마늘(국산),깐마늘(국산),20 kg,상품,0.0,139083.0
201805하순,깐마늘(국산),깐마늘(국산),20 kg,상품,0.0,138500.0
201806상순,깐마늘(국산),깐마늘(국산),20 kg,상품,0.0,138500.0
201806중순,깐마늘(국산),깐마늘(국산),20 kg,상품,0.0,137928.5
201806하순,깐마늘(국산),깐마늘(국산),20 kg,상품,0.0,137100.0
201807상순,깐마늘(국산),깐마늘(국산),20 kg,상품,0.0,123914.5
201807중순,깐마늘(국산),깐마늘(국산),20 kg,상품,0.0,122350.0
201807하순,깐마늘(국산),깐마늘(국산),20 kg,상품,0.0,119928.5
201808상순,깐마늘(국산),깐마늘(국산),20 kg,상품,0.0,119500.0
201808중순,깐마늘(국산),깐마늘(국산),20 kg,상품,0.0,118800.0
201808하순,깐마늘(국산),깐마늘(국산),20 kg,상품,0.0,116000.0
201809상순,깐마늘(국산),깐마늘(국산),20 kg,상품,0.0,116000.0
201809중순,깐마늘(국산),깐마늘(국산),20 kg,상품,0.0,116000.0
201809하순,깐마늘(국산),깐마늘(국산),20 kg,상품,0.0,116000.0
201810상순,깐마늘(국산),깐마늘(국산),20 kg,상품,0.0,116000.0
201810중순,깐마늘(국산),깐마늘(국산),20 kg,상품,0.0,119714.0
201810하순,깐마늘(국산),깐마늘(국산),20 kg,상품,0.0,122375.0
201811상순,깐마늘(국산),깐마늘(국산),20 kg,상품,0.0,123357.0
201811중순,깐마늘(국산),깐마늘(국산),20 kg,상품,0.0,123500.0
201811하순,깐마늘(국산),깐마늘(국산),20 kg,상품,0.0,124375.0
201812상순,깐마늘(국산),깐마늘(국산),20 kg,상품,0.0,124100.0
201812중순,깐마늘(국산),깐마늘(국산),20 kg,상품,0.0,123187.5
201812하순,깐마늘(국산),깐마늘(국산),20 kg,상품,0.0,119917.0
201901상순,깐마늘(국산),깐마늘(국산),20 kg,상품,0.0,117500.0
201901중순,깐마늘(국산),깐마늘(국산),20 kg,상품,0.0,117550.0
201901하순,깐마늘(국산),깐마늘(국산),20 kg,상품,0.0,117600.0
201902상순,깐마늘(국산),깐마늘(국산),20 kg,상품,0.0,117600.0
201902중순,깐마늘(국산),깐마늘(국산),20 kg,상품,0.0,117600.0
201902하순,깐마늘(국산),깐마늘(국산),20 kg,상품,0.0,117600.0
201903상순,깐마늘(국산),깐마늘(국산),20 kg,상품,0.0,117600.0
201903중순,깐마늘(국산),깐마늘(국산),20 kg,상품,0.0,120850.0
201903하순,깐마늘(국산),깐마늘(국산),20 kg,상품,0.0,123100.0
201904상순,깐마늘(국산),깐마늘(국산),20 kg,상품,0.0,122662.5
201904중순,깐마늘(국산),깐마늘(국산),20 kg,상품,0.0,122243.0
201904하순,깐마늘(국산),깐마늘(국산),20 kg,상품,0.0,122100.0
201905상순,깐마늘(국산),깐마늘(국산),20 kg,상품,0.0,122100.0
201905중순,깐마늘(국산),깐마늘(국산),20 kg,상품,0.0,122100.0
201905하순,깐마늘(국산),깐마늘(국산),20 kg,상품,0.0,118544.0
201906상순,깐마늘(국산),깐마늘(국산),20 kg,상품,0.0,115280.0
201906중순,깐마늘(국산),깐마늘(국산),20 kg,상품,0.0,103525.0
201906하순,깐마늘(국산),깐마늘(국산),20 kg,상품,0.0,94750.0
201907상순,깐마늘(국산),깐마늘(국산),20 kg,상품,0.0,92250.0
201907중순,깐마늘(국산),깐마늘(국산),20 kg,상품,0.0,86257.0
201907하순,깐마늘(국산),깐마늘(국산),20 kg,상품,0.0,85425.0
201908상순,깐마늘(국산),깐마늘(국산),20 kg,상품,0.0,84357.0
201908중순,깐마늘(국산),깐마늘(국산),20 kg,상품,0.0,83700.0
201908하순,깐마늘(국산),깐마늘(국산),20 kg,상품,0.0,83650.0
201909상순,깐마늘(국산),깐마늘(국산),20 kg,상품,0.0,83600.0
201909중순,깐마늘(국산),깐마늘(국산),20 kg,상품,0.0,83600.0
201909하순,깐마늘(국산),깐마늘(국산),20 kg,상품,0.0,83266.5
201910상순,깐마늘(국산),깐마늘(국산),20 kg,상품,0.0,83100.0
201910중순,깐마늘(국산),깐마늘(국산),20 kg,상품,0.0,83100.0
201910하순,깐마늘(국산),깐마늘(국산),20 kg,상품,0.0,84455.5
201911상순,깐마늘(국산),깐마늘(국산),20 kg,상품,0.0,85200.0
201911중순,깐마늘(국산),깐마늘(국산),20 kg,상품,0.0,85400.0
201911하순,깐마늘(국산),깐마늘(국산),20 kg,상품,0.0,85171.5
201912상순,깐마늘(국산),깐마늘(국산),20 kg,상품,0.0,85000.0
201912중순,깐마늘(국산),깐마늘(국산),20 kg,상품,0.0,85000.0
201912하순,깐마늘(국산),깐마늘(국산),20 kg,상품,0.0,84583.5
202001상순,깐마늘(국산),깐마늘(국산),20 kg,상품,0.0,84500.0
202001중순,깐마늘(국산),깐마늘(국산),20 kg,상품,0.0,83666.5
202001하순,깐마늘(국산),깐마늘(국산),20 kg,상품,0.0,77696.5
202002상순,깐마늘(국산),깐마늘(국산),20 kg,상품,0.0,77100.0
202002중순,깐마늘(국산),깐마늘(국산),20 kg,상품,0.0,77300.0
202002하순,깐마늘(국산),깐마늘(국산),20 kg,상품,0.0,76875.0
202003상순,깐마늘(국산),깐마늘(국산),20 kg,상품,0.0,76910.5
202003중순,깐마늘(국산),깐마늘(국산),20 kg,상품,0.0,74812.5
202003하순,깐마늘(국산),깐마늘(국산),20 kg,상품,0.0,74500.0
202004상순,깐마늘(국산),깐마늘(국산),20 kg,상품,0.0,74500.0
202004중순,깐마늘(국산),깐마늘(국산),20 kg,상품,0.0,74800.0
202004하순,깐마늘(국산),깐마늘(국산),20 kg,상품,0.0,75643.0
202005상순,깐마늘(국산),깐마늘(국산),20 kg,상품,0.0,76250.0
202005중순,깐마늘(국산),깐마늘(국산),20 kg,상품,0.0,80187.5
202005하순,깐마늘(국산),깐마늘(국산),20 kg,상품,0.0,81200.0
202006상순,깐마늘(국산),깐마늘(국산),20 kg,상품,0.0,81025.0
202006중순,깐마늘(국산),깐마늘(국산),20 kg,상품,0.0,81671.5
202006하순,깐마늘(국산),깐마늘(국산),20 kg,상품,0.0,85833.0
202007상순,깐마늘(국산),깐마늘(국산),20 kg,상품,0.0,88139.66666666667
202007중순,깐마늘(국산),깐마늘(국산),20 kg,상품,0.0,106408.0
202007하순,깐마늘(국산),깐마늘(국산),20 kg,상품,0.0,127622.5
202008상순,깐마늘(국산),깐마늘(국산),20 kg,상품,0.0,135600.0
202008중순,깐마늘(국산),깐마늘(국산),20 kg,상품,0.0,135614.5
202008하순,깐마늘(국산),깐마늘(국산),20 kg,상품,0.0,136485.5
202009상순,깐마늘(국산),깐마늘(국산),20 kg,상품,0.0,136800.0
202009중순,깐마늘(국산),깐마늘(국산),20 kg,상품,0.0,136800.0
202009하순,깐마늘(국산),깐마늘(국산),20 kg,상품,0.0,136685.5
202010상순,깐마늘(국산),깐마늘(국산),20 kg,상품,0.0,136600.0
202010중순,깐마늘(국산),깐마늘(국산),20 kg,상품,0.0,136600.0
202010하순,깐마늘(국산),깐마늘(국산),20 kg,상품,0.0,136600.0
202011상순,깐마늘(국산),깐마늘(국산),20 kg,상품,0.0,136600.0
202011중순,깐마늘(국산),깐마늘(국산),20 kg,상품,0.0,136600.0
202011하순,깐마늘(국산),깐마늘(국산),20 kg,상품,0.0,136600.0
202012상순,깐마늘(국산),깐마늘(국산),20 kg,상품,0.0,136600.0
202012중순,깐마늘(국산),깐마늘(국산),20 kg,상품,0.0,136600.0
202012하순,깐마늘(국산),깐마늘(국산),20 kg,상품,0.0,136600.0
202101상순,깐마늘(국산),깐마늘(국산),20 kg,상품,0.0,136600.0
202101중순,깐마늘(국산),깐마늘(국산),20 kg,상품,0.0,136600.0
202101하순,깐마늘(국산),깐마늘(국산),20 kg,상품,0.0,136600.0
202102상순,깐마늘(국산),깐마늘(국산),20 kg,상품,0.0,140437.5
202102중순,깐마늘(국산),깐마늘(국산),20 kg,상품,0.0,143300.0
202102하순,깐마늘(국산),깐마늘(국산),20 kg,상품,0.0,143800.0
202103상순,깐마늘(국산),깐마늘(국산),20 kg,상품,0.0,143600.0
202103중순,깐마늘(국산),깐마늘(국산),20 kg,상품,0.0,145000.0
202103하순,깐마늘(국산),깐마늘(국산),20 kg,상품,0.0,145937.5
202104상순,깐마늘(국산),깐마늘(국산),20 kg,상품,0.0,146214.5
202104중순,깐마늘(국산),깐마늘(국산),20 kg,상품,0.0,147314.5
202104하순,깐마늘(국산),깐마늘(국산),20 kg,상품,0.0,155350.0
202105상순,깐마늘(국산),깐마늘(국산),20 kg,상품,0.0,153400.0
202105중순,깐마늘(국산),깐마늘(국산),20 kg,상품,0.0,151143.0
202105하순,깐마늘(국산),깐마늘(국산),20 kg,상품,0.0,149085.5
202106상순,깐마늘(국산),깐마늘(국산),20 kg,상품,0.0,148250.0
202106중순,깐마늘(국산),깐마늘(국산),20 kg,상품,0.0,146500.0
202106하순,깐마늘(국산),깐마늘(국산),20 kg,상품,0.0,145395.75
202107상순,깐마늘(국산),깐마늘(국산),20 kg,상품,0.0,145617.75
202107중순,깐마늘(국산),깐마늘(국산),20 kg,상품,0.0,162207.0
202107하순,깐마늘(국산),깐마늘(국산),20 kg,상품,0.0,162450.0
202108상순,깐마늘(국산),깐마늘(국산),20 kg,상품,0.0,162985.5
202108중순,깐마늘(국산),깐마늘(국산),20 kg,상품,0.0,161457.5
202108하순,깐마늘(국산),깐마늘(국산),20 kg,상품,0.0,161100.0
202109상순,깐마늘(국산),깐마늘(국산),20 kg,상품,0.0,158750.0
202109중순,깐마늘(국산),깐마늘(국산),20 kg,상품,0.0,158000.0
202109하순,깐마늘(국산),깐마늘(국산),20 kg,상품,0.0,158000.0
202110상순,깐마늘(국산),깐마늘(국산),20 kg,상품,0.0,158000.0
202110중순,깐마늘(국산),깐마늘(국산),20 kg,상품,0.0,158085.5
202110하순,깐마늘(국산),깐마늘(국산),20 kg,상품,0.0,158100.0
202111상순,깐마늘(국산),깐마늘(국산),20 kg,상품,0.0,159600.0
202111중순,깐마늘(국산),깐마늘(국산),20 kg,상품,0.0,167200.0
202111하순,깐마늘(국산),깐마늘(국산),20 kg,상품,0.0,169100.0
202112상순,깐마늘(국산),깐마늘(국산),20 kg,상품,0.0,169100.0
202112중순,깐마늘(국산),깐마늘(국산),20 kg,상품,0.0,169100.0
202112하순,깐마늘(국산),깐마늘(국산),20 kg,상품,0.0,168033.5
201801상순,상추,청,100 g,상품,1034.66666666666,940.0
201801중순,상추,청,100 g,상품,921.666666666666,981.0
201801하순,상추,청,100 g,상품,850.0,983.0
201802상순,상추,청,100 g,상품,850.0,1009.0
201802중순,상추,청,100 g,상품,844.666666666666,1022.0
201802하순,상추,청,100 g,상품,727.0,918.0
201803상순,상추,청,100 g,상품,629.666666666666,670.0
201803중순,상추,청,100 g,상품,606.333333333333,627.0
201803하순,상추,청,100 g,상품,580.666666666666,623.0
201804상순,상추,청,100 g,상품,593.0,689.0
201804중순,상추,청,100 g,상품,617.0,676.0
201804하순,상추,청,100 g,상품,607.333333333333,711.0
201805상순,상추,청,100 g,상품,611.333333333333,707.0
201805중순,상추,청,100 g,상품,640.0,672.0
201805하순,상추,청,100 g,상품,610.333333333333,698.0
201806상순,상추,청,100 g,상품,607.666666666666,741.0
201806중순,상추,청,100 g,상품,622.333333333333,699.0
201806하순,상추,청,100 g,상품,631.333333333333,664.0
201807상순,상추,청,100 g,상품,673.666666666666,700.0
201807중순,상추,청,100 g,상품,956.333333333333,1046.0
201807하순,상추,청,100 g,상품,1141.66666666666,977.0
201808상순,상추,청,100 g,상품,1162.66666666666,969.0
201808중순,상추,청,100 g,상품,1157.66666666666,1223.0
201808하순,상추,청,100 g,상품,1162.33333333333,1556.0
201809상순,상추,청,100 g,상품,1239.33333333333,1908.0
201809중순,상추,청,100 g,상품,1181.33333333333,2071.0
201809하순,상추,청,100 g,상품,958.333333333333,1634.0
201810상순,상추,청,100 g,상품,842.0,1410.0
201810중순,상추,청,100 g,상품,810.666666666666,1037.0
201810하순,상추,청,100 g,상품,814.333333333333,935.0
201811상순,상추,청,100 g,상품,761.0,831.0
201811중순,상추,청,100 g,상품,778.0,759.0
201811하순,상추,청,100 g,상품,777.666666666666,744.0
201812상순,상추,청,100 g,상품,724.333333333333,721.0
201812중순,상추,청,100 g,상품,748.666666666666,711.0
201812하순,상추,청,100 g,상품,905.666666666666,730.0
201901상순,상추,청,100 g,상품,974.333333333333,760.0
201901중순,상추,청,100 g,상품,904.666666666666,772.0
201901하순,상추,청,100 g,상품,853.666666666666,761.0
201902상순,상추,청,100 g,상품,871.0,767.0
201902중순,상추,청,100 g,상품,857.666666666666,736.0
201902하순,상추,청,100 g,상품,752.0,709.0
201903상순,상추,청,100 g,상품,638.666666666666,710.0
201903중순,상추,청,100 g,상품,614.333333333333,716.0
201903하순,상추,청,100 g,상품,595.333333333333,715.0
201904상순,상추,청,100 g,상품,612.666666666666,723.0
201904중순,상추,청,100 g,상품,617.0,739.0
201904하순,상추,청,100 g,상품,614.0,715.0
201905상순,상추,청,100 g,상품,629.333333333333,767.0
201905중순,상추,청,100 g,상품,661.333333333333,861.0
201905하순,상추,청,100 g,상품,638.333333333333,803.0
201906상순,상추,청,100 g,상품,628.666666666666,766.0
201906중순,상추,청,100 g,상품,644.0,708.0
201906하순,상추,청,100 g,상품,643.333333333333,726.0
201907상순,상추,청,100 g,상품,684.333333333333,800.0
201907중순,상추,청,100 g,상품,985.666666666666,929.0
201907하순,상추,청,100 g,상품,997.0,950.0
201908상순,상추,청,100 g,상품,1035.66666666666,1549.0
201908중순,상추,청,100 g,상품,1156.66666666666,1675.0
201908하순,상추,청,100 g,상품,1296.0,1339.0
201909상순,상추,청,100 g,상품,1417.0,1225.0
201909중순,상추,청,100 g,상품,1305.0,1339.0
201909하순,상추,청,100 g,상품,1004.66666666666,1518.0
201910상순,상추,청,100 g,상품,902.666666666666,1469.0
201910중순,상추,청,100 g,상품,837.666666666666,1689.0
201910하순,상추,청,100 g,상품,797.0,1530.0
201911상순,상추,청,100 g,상품,746.0,1219.0
201911중순,상추,청,100 g,상품,765.0,1047.0
201911하순,상추,청,100 g,상품,768.666666666666,965.0
201912상순,상추,청,100 g,상품,713.0,974.0
201912중순,상추,청,100 g,상품,751.333333333333,947.0
201912하순,상추,청,100 g,상품,909.333333333333,970.0
202001상순,상추,청,100 g,상품,983.0,1127.0
202001중순,상추,청,100 g,상품,935.666666666666,1316.0
202001하순,상추,청,100 g,상품,888.0,1377.0
202002상순,상추,청,100 g,상품,911.333333333333,1143.0
202002중순,상추,청,100 g,상품,876.666666666666,932.0
202002하순,상추,청,100 g,상품,764.0,851.0
202003상순,상추,청,100 g,상품,679.666666666666,811.0
202003중순,상추,청,100 g,상품,653.0,796.0
202003하순,상추,청,100 g,상품,638.0,786.0
202004상순,상추,청,100 g,상품,644.333333333333,713.0
202004중순,상추,청,100 g,상품,639.0,695.0
202004하순,상추,청,100 g,상품,648.666666666666,693.0
202005상순,상추,청,100 g,상품,663.666666666666,689.0
202005중순,상추,청,100 g,상품,665.666666666666,691.0
202005하순,상추,청,100 g,상품,644.333333333333,726.0
202006상순,상추,청,100 g,상품,650.333333333333,754.0
202006중순,상추,청,100 g,상품,646.666666666666,799.0
202006하순,상추,청,100 g,상품,643.333333333333,1078.0
202007상순,상추,청,100 g,상품,716.666666666666,1209.0
202007중순,상추,청,100 g,상품,1051.66666666666,1348.0
202007하순,상추,청,100 g,상품,1036.33333333333,1360.0
202008상순,상추,청,100 g,상품,1229.0,1632.0
202008중순,상추,청,100 g,상품,1342.0,2203.0
202008하순,상추,청,100 g,상품,1319.66666666666,2164.0
202009상순,상추,청,100 g,상품,1359.66666666666,1533.0
202009중순,상추,청,100 g,상품,1318.33333333333,1584.0
202009하순,상추,청,100 g,상품,1197.33333333333,1530.0
202010상순,상추,청,100 g,상품,1106.66666666666,1264.0
202010중순,상추,청,100 g,상품,1091.33333333333,965.0
202010하순,상추,청,100 g,상품,978.0,834.0
202011상순,상추,청,100 g,상품,850.0,760.0
202011중순,상추,청,100 g,상품,864.0,723.0
202011하순,상추,청,100 g,상품,807.333333333333,690.0
202012상순,상추,청,100 g,상품,806.666666666666,705.0
202012중순,상추,청,100 g,상품,780.0,835.0
202012하순,상추,청,100 g,상품,832.0,920.0
202101상순,상추,청,100 g,상품,942.333333333333,1094.0
202101중순,상추,청,100 g,상품,935.666666666666,1221.0
202101하순,상추,청,100 g,상품,888.0,1214.0
202102상순,상추,청,100 g,상품,911.333333333333,1191.0
202102중순,상추,청,100 g,상품,864.333333333333,1139.0
202102하순,상추,청,100 g,상품,767.333333333333,1048.0
202103상순,상추,청,100 g,상품,679.666666666666,885.0
202103중순,상추,청,100 g,상품,685.333333333333,887.0
202103하순,상추,청,100 g,상품,682.0,896.0
202104상순,상추,청,100 g,상품,691.666666666666,869.0
202104중순,상추,청,100 g,상품,668.333333333333,880.0
202104하순,상추,청,100 g,상품,664.0,888.0
202105상순,상추,청,100 g,상품,671.333333333333,861.0
202105중순,상추,청,100 g,상품,682.0,865.0
202105하순,상추,청,100 g,상품,687.666666666666,892.0
202106상순,상추,청,100 g,상품,701.0,1010.0
202106중순,상추,청,100 g,상품,677.0,1026.0
202106하순,상추,청,100 g,상품,682.333333333333,1056.0
202107상순,상추,청,100 g,상품,763.333333333333,1092.0
202107중순,상추,청,100 g,상품,1191.33333333333,1214.0
202107하순,상추,청,100 g,상품,1173.0,1573.0
202108상순,상추,청,100 g,상품,1398.33333333333,1607.0
202108중순,상추,청,100 g,상품,1522.0,1714.0
202108하순,상추,청,100 g,상품,1511.0,1849.0
202109상순,상추,청,100 g,상품,1462.33333333333,2204.0
202109중순,상추,청,100 g,상품,1417.0,2403.0
202109하순,상추,청,100 g,상품,1393.33333333333,2043.0
202110상순,상추,청,100 g,상품,1262.0,1228.0
202110중순,상추,청,100 g,상품,1167.66666666666,1365.0
202110하순,상추,청,100 g,상품,1016.66666666666,2072.0
202111상순,상추,청,100 g,상품,868.666666666666,1734.0
202111중순,상추,청,100 g,상품,843.0,1208.0
202111하순,상추,청,100 g,상품,762.666666666666,1062.0
202112상순,상추,청,100 g,상품,717.0,946.0
202112중순,상추,청,100 g,상품,742.666666666666,931.0
202112하순,상추,청,100 g,상품,815.333333333333,988.0
201801상순,배추,배추,10키로망대,상,6071.72619047619,5419.85714285714
201801중순,배추,배추,10키로망대,상,5938.14351851851,5319.33333333333
201801하순,배추,배추,10키로망대,상,6245.35185185184,6734.77777777777
201802상순,배추,배추,10키로망대,상,6413.72023809523,8942.22222222222
201802중순,배추,배추,10키로망대,상,7099.14682539682,7247.16666666666
201802하순,배추,배추,10키로망대,상,7303.74603174603,7890.71428571428
201803상순,배추,배추,10키로망대,상,7526.08333333333,8168.22222222222
201803중순,배추,배추,10키로망대,상,7194.05092592592,7796.625
201803하순,배추,배추,10키로망대,상,6674.0037037037,7996.1
201804상순,배추,배추,10키로망대,상,6520.00925925926,7503.375
201804중순,배추,배추,10키로망대,상,6365.14814814814,7082.22222222222
201804하순,배추,배추,10키로망대,상,6845.54629629629,6637.25
201805상순,배추,배추,10키로망대,상,5822.19444444444,5589.44444444444
201805중순,배추,배추,10키로망대,상,6993.99074074074,4656.75
201805하순,배추,배추,10키로망대,상,5554.24074074074,3770.7
201806상순,배추,배추,10키로망대,상,4441.91203703703,3345.125
201806중순,배추,배추,10키로망대,상,4604.60185185185,4073.44444444444
201806하순,배추,배추,10키로망대,상,4714.04629629629,4684.0
201807상순,배추,배추,10키로망대,상,5034.54166666666,5479.25
201807중순,배추,배추,10키로망대,상,6220.87962962963,7957.0
201807하순,배추,배추,10키로망대,상,6986.08148148148,11236.3333333333
201808상순,배추,배추,10키로망대,상,8457.11309523809,10779.125
201808중순,배추,배추,10키로망대,상,10555.0324074074,16234.625
201808하순,배추,배추,10키로망대,상,11641.4629629629,17582.9
201809상순,배추,배추,10키로망대,상,11337.4583333333,10922.25
201809중순,배추,배추,10키로망대,상,10195.5343915343,9809.88888888888
201809하순,배추,배추,10키로망대,상,8667.19576719576,7212.4
201810상순,배추,배추,10키로망대,상,7084.73611111111,6274.66666666666
201810중순,배추,배추,10키로망대,상,3897.27314814814,5449.11111111111
201810하순,배추,배추,10키로망대,상,3537.95185185185,5499.88888888888
201811상순,배추,배추,10키로망대,상,3962.22685185185,5468.77777777777
201811중순,배추,배추,10키로망대,상,4969.13888888889,4930.875
201811하순,배추,배추,10키로망대,상,5794.5787037037,4795.0
201812상순,배추,배추,10키로망대,상,4583.59259259259,4314.5
201812중순,배추,배추,10키로망대,상,4408.24537037037,3552.77777777777
201812하순,배추,배추,10키로망대,상,4594.45555555555,3268.11111111111
201901상순,배추,배추,10키로망대,상,4807.20238095238,2927.0
201901중순,배추,배추,10키로망대,상,4683.3287037037,2823.0
201901하순,배추,배추,10키로망대,상,5726.22222222222,2783.4
201902상순,배추,배추,10키로망대,상,6319.66931216931,3234.8
201902중순,배추,배추,10키로망대,상,6433.78571428571,2775.11111111111
201902하순,배추,배추,10키로망대,상,6945.98412698412,2484.14285714285
201903상순,배추,배추,10키로망대,상,7111.61574074074,2480.375
201903중순,배추,배추,10키로망대,상,6897.11111111111,2494.77777777777
201903하순,배추,배추,10키로망대,상,6548.48148148148,2483.11111111111
201904상순,배추,배추,10키로망대,상,6073.61574074074,2466.11111111111
201904중순,배추,배추,10키로망대,상,5890.25925925926,2680.55555555555
201904하순,배추,배추,10키로망대,상,6329.29629629629,2643.375
201905상순,배추,배추,10키로망대,상,5567.04629629629,2894.22222222222
201905중순,배추,배추,10키로망대,상,6253.99074074074,3419.875
201905하순,배추,배추,10키로망대,상,5155.97407407407,3744.2
201906상순,배추,배추,10키로망대,상,4184.0787037037,4879.5
201906중순,배추,배추,10키로망대,상,4236.93518518518,5758.33333333333
201906하순,배추,배추,10키로망대,상,4949.50462962963,6127.625
201907상순,배추,배추,10키로망대,상,5481.99537037037,5524.44444444444
201907중순,배추,배추,10키로망대,상,6928.29629629629,6093.66666666666
201907하순,배추,배추,10키로망대,상,8605.15555555555,5911.77777777777
201908상순,배추,배추,10키로망대,상,9211.15476190476,6699.875
201908중순,배추,배추,10키로망대,상,11988.824074074,6596.75
201908하순,배추,배추,10키로망대,상,13152.6629629629,7692.5
201909상순,배추,배추,10키로망대,상,11664.1666666666,11855.25
201909중순,배추,배추,10키로망대,상,10117.9259259259,13132.2857142857
201909하순,배추,배추,10키로망대,상,8715.94814814814,18167.625
201910상순,배추,배추,10키로망대,상,7458.36574074074,16388.2222222222
201910중순,배추,배추,10키로망대,상,4491.81018518518,13267.875
201910하순,배추,배추,10키로망대,상,4098.91481481481,9547.2
201911상순,배추,배추,10키로망대,상,4455.65277777777,8370.125
201911중순,배추,배추,10키로망대,상,4860.09722222222,9176.33333333333
201911하순,배추,배추,10키로망대,상,5265.54166666666,9162.55555555555
201912상순,배추,배추,10키로망대,상,4390.13425925926,8697.375
201912중순,배추,배추,10키로망대,상,4178.20833333333,8600.0
201912하순,배추,배추,10키로망대,상,4205.38148148148,8820.33333333333
202001상순,배추,배추,10키로망대,상,4321.45238095238,9272.71428571428
202001중순,배추,배추,10키로망대,상,4363.74537037036,8701.625
202001하순,배추,배추,10키로망대,상,5546.91851851851,8522.0
202002상순,배추,배추,10키로망대,상,6176.86574074074,8880.875
202002중순,배추,배추,10키로망대,상,6433.78571428571,9089.11111111111
202002하순,배추,배추,10키로망대,상,6945.98412698412,9076.5
202003상순,배추,배추,10키로망대,상,7111.61574074074,8656.625
202003중순,배추,배추,10키로망대,상,6897.11111111111,8288.0
202003하순,배추,배추,10키로망대,상,6548.48148148148,8157.0
202004상순,배추,배추,10키로망대,상,6073.61574074074,7590.0
202004중순,배추,배추,10키로망대,상,5890.25925925926,8503.5
202004하순,배추,배추,10키로망대,상,6329.29629629629,11245.0
202005상순,배추,배추,10키로망대,상,5567.04629629629,10653.75
202005중순,배추,배추,10키로망대,상,6276.31944444444,9588.77777777777
202005하순,배추,배추,10키로망대,상,5306.55925925925,9949.77777777777
202006상순,배추,배추,10키로망대,상,4695.53703703703,7173.11111111111
202006중순,배추,배추,10키로망대,상,4909.34259259259,7488.33333333333
202006하순,배추,배추,10키로망대,상,5390.17129629629,7608.125
202007상순,배추,배추,10키로망대,상,5678.10648148148,7897.44444444444
202007중순,배추,배추,10키로망대,상,6954.51851851851,11235.625
202007하순,배추,배추,10키로망대,상,8309.14814814814,12039.8
202008상순,배추,배추,10키로망대,상,9260.875,12338.7142857142
202008중순,배추,배추,10키로망대,상,11988.824074074,17104.3333333333
202008하순,배추,배추,10키로망대,상,13449.5333333333,18618.4444444444
202009상순,배추,배추,10키로망대,상,13041.9166666666,19789.6666666666
202009중순,배추,배추,10키로망대,상,12442.2433862433,25820.875
202009하순,배추,배추,10키로망대,상,12756.1564814814,24373.4444444444
202010상순,배추,배추,10키로망대,상,10676.3138888888,16984.5
202010중순,배추,배추,10키로망대,상,5846.66666666666,8203.625
202010하순,배추,배추,10키로망대,상,4952.66666666666,6000.2
202011상순,배추,배추,10키로망대,상,5347.74074074074,5757.25
202011중순,배추,배추,10키로망대,상,6397.31944444444,6674.33333333333
202011하순,배추,배추,10키로망대,상,6510.35648148148,5541.625
202012상순,배추,배추,10키로망대,상,5969.17129629629,4002.22222222222
202012중순,배추,배추,10키로망대,상,5902.0,3782.125
202012하순,배추,배추,10키로망대,상,6056.12222222222,3372.8
202101상순,배추,배추,10키로망대,상,6416.92857142857,3315.16666666666
202101중순,배추,배추,10키로망대,상,6306.5787037037,4904.55555555555
202101하순,배추,배추,10키로망대,상,7278.9074074074,5641.33333333333
202102상순,배추,배추,10키로망대,상,8057.5324074074,6297.33333333333
202102중순,배추,배추,10키로망대,상,8174.87037037037,8420.57142857143
202102하순,배추,배추,10키로망대,상,8573.7619047619,8894.33333333333
202103상순,배추,배추,10키로망대,상,8488.61574074074,9310.88888888888
202103중순,배추,배추,10키로망대,상,8058.33333333333,9345.33333333333
202103하순,배추,배추,10키로망대,상,7643.66666666666,9392.55555555555
202104상순,배추,배추,10키로망대,상,7111.54166666666,9566.33333333333
202104중순,배추,배추,10키로망대,상,7079.75925925926,9217.75
202104하순,배추,배추,10키로망대,상,8231.66666666666,8996.77777777777
202105상순,배추,배추,10키로망대,상,6861.21296296296,6507.125
202105중순,배추,배추,10키로망대,상,5888.46759259259,4590.88888888888
202105하순,배추,배추,10키로망대,상,5306.55925925925,5712.77777777777
202106상순,배추,배추,10키로망대,상,4695.53703703703,6225.66666666666
202106중순,배추,배추,10키로망대,상,4909.34259259259,5418.375
202106하순,배추,배추,10키로망대,상,5390.17129629629,5138.0
202107상순,배추,배추,10키로망대,상,5678.10648148148,4671.66666666666
202107중순,배추,배추,10키로망대,상,7700.96296296296,4782.25
202107하순,배추,배추,10키로망대,상,10351.8222222222,6819.3
202108상순,배추,배추,10키로망대,상,10942.7083333333,10284.2857142857
202108중순,배추,배추,10키로망대,상,15009.0694444444,8024.77777777777
202108하순,배추,배추,10키로망대,상,17091.5148148148,9006.77777777777
202109상순,배추,배추,10키로망대,상,15997.7222222222,11554.3333333333
202109중순,배추,배추,10키로망대,상,15039.6804232804,13765.2857142857
202109하순,배추,배추,10키로망대,상,16509.6898148148,9141.5
202110상순,배추,배추,10키로망대,상,14047.499074074,6351.25
202110중순,배추,배추,10키로망대,상,7183.39351851851,4705.66666666666
202110하순,배추,배추,10키로망대,상,5808.54814814814,6465.66666666666
202111상순,배추,배추,10키로망대,상,5840.30555555555,9495.0
202111중순,배추,배추,10키로망대,상,6978.47222222222,10626.8888888888
202111하순,배추,배추,10키로망대,상,6501.68981481481,9273.25
202112상순,배추,배추,10키로망대,상,5969.17129629629,8281.77777777777
202112중순,배추,배추,10키로망대,상,5978.44907407407,7667.375
202112하순,배추,배추,10키로망대,상,5828.82222222222,7763.2
201801상순,양파,양파,1키로,상,1149.125,1144.42857142857
201801중순,양파,양파,1키로,상,1125.01388888888,1041.22222222222
201801하순,양파,양파,1키로,상,1180.73333333333,1036.44444444444
201802상순,양파,양파,1키로,상,1192.2037037037,1045.77777777777
201802중순,양파,양파,1키로,상,1133.85648148148,1098.16666666666
201802하순,양파,양파,1키로,상,1227.75396825396,922.142857142857
201803상순,양파,양파,1키로,상,1242.89814814814,879.0
201803중순,양파,양파,1키로,상,1173.18518518518,675.125
201803하순,양파,양파,1키로,상,1234.45555555555,644.0
201804상순,양파,양파,1키로,상,1276.02777777777,647.25
201804중순,양파,양파,1키로,상,1062.51388888888,759.777777777777
201804하순,양파,양파,1키로,상,812.444444444444,954.375
201805상순,양파,양파,1키로,상,796.217592592592,835.888888888888
201805중순,양파,양파,1키로,상,769.962962962962,592.5
201805하순,양파,양파,1키로,상,738.074074074074,553.4
201806상순,양파,양파,1키로,상,828.569444444444,679.25
201806중순,양파,양파,1키로,상,911.421296296296,741.888888888888
201806하순,양파,양파,1키로,상,863.939814814814,658.777777777777
201807상순,양파,양파,1키로,상,904.180555555555,697.375
201807중순,양파,양파,1키로,상,878.629629629629,712.666666666666
201807하순,양파,양파,1키로,상,921.111111111111,799.222222222222
201808상순,양파,양파,1키로,상,995.268518518518,910.875
201808중순,양파,양파,1키로,상,990.555555555555,803.625
201808하순,양파,양파,1키로,상,975.196296296296,809.9
201809상순,양파,양파,1키로,상,996.134259259259,789.875
201809중순,양파,양파,1키로,상,1024.30793650793,764.333333333333
201809하순,양파,양파,1키로,상,1012.33333333333,717.6
201810상순,양파,양파,1키로,상,1048.71574074074,807.888888888888
201810중순,양파,양파,1키로,상,1019.03703703703,708.0
201810하순,양파,양파,1키로,상,1011.81481481481,713.777777777777
201811상순,양파,양파,1키로,상,1054.29166666666,724.111111111111
201811중순,양파,양파,1키로,상,1036.49074074074,719.625
201811하순,양파,양파,1키로,상,1022.22222222222,677.222222222222
201812상순,양파,양파,1키로,상,1005.04166666666,648.75
201812중순,양파,양파,1키로,상,977.138888888889,695.666666666666
201812하순,양파,양파,1키로,상,983.333333333333,650.0
201901상순,양파,양파,1키로,상,1056.36309523809,721.857142857142
201901중순,양파,양파,1키로,상,996.013888888888,582.625
201901하순,양파,양파,1키로,상,1019.64814814814,574.6
201902상순,양파,양파,1키로,상,1052.62962962962,610.4
201902중순,양파,양파,1키로,상,1033.76388888888,645.333333333333
201902하순,양파,양파,1키로,상,1031.65873015873,593.428571428571
201903상순,양파,양파,1키로,상,995.898148148148,668.375
201903중순,양파,양파,1키로,상,892.310185185185,667.333333333333
201903하순,양파,양파,1키로,상,909.922222222222,762.444444444444
201904상순,양파,양파,1키로,상,944.777777777777,1005.77777777777
201904중순,양파,양파,1키로,상,834.069444444444,973.666666666666
201904하순,양파,양파,1키로,상,812.444444444444,729.25
201905상순,양파,양파,1키로,상,753.513888888888,725.666666666666
201905중순,양파,양파,1키로,상,636.166666666666,488.625
201905하순,양파,양파,1키로,상,600.318518518518,498.5
201906상순,양파,양파,1키로,상,722.194444444444,464.5
201906중순,양파,양파,1키로,상,807.606481481481,397.666666666666
201906하순,양파,양파,1키로,상,804.407407407407,449.625
201907상순,양파,양파,1키로,상,853.75,389.888888888888
201907중순,양파,양파,1키로,상,858.444444444444,413.0
201907하순,양파,양파,1키로,상,917.148148148148,426.666666666666
201908상순,양파,양파,1키로,상,1016.70833333333,538.375
201908중순,양파,양파,1키로,상,949.597222222222,502.25
201908하순,양파,양파,1키로,상,942.829629629629,473.5
201909상순,양파,양파,1키로,상,960.425925925926,495.625
201909중순,양파,양파,1키로,상,963.466666666666,538.857142857142
201909하순,양파,양파,1키로,상,935.199999999999,494.0
201910상순,양파,양파,1키로,상,1016.27129629629,449.888888888888
201910중순,양파,양파,1키로,상,947.703703703703,510.0
201910하순,양파,양파,1키로,상,933.074074074074,522.6
201911상순,양파,양파,1키로,상,979.703703703703,529.625
201911중순,양파,양파,1키로,상,975.958333333333,576.555555555555
201911하순,양파,양파,1키로,상,952.703703703703,641.444444444444
201912상순,양파,양파,1키로,상,935.5,801.625
201912중순,양파,양파,1키로,상,949.472222222222,728.0
201912하순,양파,양파,1키로,상,933.925925925926,784.111111111111
202001상순,양파,양파,1키로,상,1032.5238095238,933.428571428571
202001중순,양파,양파,1키로,상,940.097222222222,898.25
202001하순,양파,양파,1키로,상,964.625925925925,929.75
202002상순,양파,양파,1키로,상,1003.76296296296,929.375
202002중순,양파,양파,1키로,상,1017.09722222222,1014.77777777777
202002하순,양파,양파,1키로,상,1031.65873015873,1489.875
202003상순,양파,양파,1키로,상,995.898148148148,1132.0
202003중순,양파,양파,1키로,상,892.310185185185,1090.22222222222
202003하순,양파,양파,1키로,상,949.403703703703,1123.88888888888
202004상순,양파,양파,1키로,상,1064.28703703703,1081.55555555555
202004중순,양파,양파,1키로,상,923.0,986.125
202004하순,양파,양파,1키로,상,812.444444444444,909.888888888888
202005상순,양파,양파,1키로,상,788.810185185185,856.25
202005중순,양파,양파,1키로,상,636.166666666666,854.555555555555
202005하순,양파,양파,1키로,상,600.318518518518,709.0
202006상순,양파,양파,1키로,상,722.194444444444,613.333333333333
202006중순,양파,양파,1키로,상,807.606481481481,698.666666666666
202006하순,양파,양파,1키로,상,804.407407407407,774.0
202007상순,양파,양파,1키로,상,853.75,664.333333333333
202007중순,양파,양파,1키로,상,858.444444444444,796.875
202007하순,양파,양파,1키로,상,917.148148148147,899.8
202008상순,양파,양파,1키로,상,1016.70833333333,977.857142857142
202008중순,양파,양파,1키로,상,949.597222222222,1002.11111111111
202008하순,양파,양파,1키로,상,942.829629629629,1009.33333333333
202009상순,양파,양파,1키로,상,960.425925925926,1102.44444444444
202009중순,양파,양파,1키로,상,963.466666666666,1043.875
202009하순,양파,양파,1키로,상,935.199999999999,1063.44444444444
202010상순,양파,양파,1키로,상,1016.27129629629,1245.16666666666
202010중순,양파,양파,1키로,상,947.703703703703,1169.125
202010하순,양파,양파,1키로,상,933.074074074073,1221.1
202011상순,양파,양파,1키로,상,979.703703703703,1283.375
202011중순,양파,양파,1키로,상,975.958333333333,1296.44444444444
202011하순,양파,양파,1키로,상,952.703703703703,1333.5
202012상순,양파,양파,1키로,상,986.458333333333,1294.22222222222
202012중순,양파,양파,1키로,상,960.249999999999,1289.875
202012하순,양파,양파,1키로,상,978.629629629629,1419.7
202101상순,양파,양파,1키로,상,1103.04761904761,1571.16666666666
202101중순,양파,양파,1키로,상,1045.30555555555,1707.22222222222
202101하순,양파,양파,1키로,상,1083.00925925925,1691.44444444444
202102상순,양파,양파,1키로,상,1110.08796296296,1752.11111111111
202102중순,양파,양파,1키로,상,1139.68981481481,2001.42857142857
202102하순,양파,양파,1키로,상,1254.67261904761,2021.16666666666
202103상순,양파,양파,1키로,상,1127.48148148148,1825.0
202103중순,양파,양파,1키로,상,1032.5324074074,1973.22222222222
202103하순,양파,양파,1키로,상,1092.47777777777,1555.55555555555
202104상순,양파,양파,1키로,상,1150.69444444444,1348.88888888888
202104중순,양파,양파,1키로,상,998.449074074074,944.75
202104하순,양파,양파,1키로,상,837.37037037037,715.333333333333
202105상순,양파,양파,1키로,상,805.935185185185,660.75
202105중순,양파,양파,1키로,상,669.388888888888,522.888888888888
202105하순,양파,양파,1키로,상,622.725925925925,548.888888888888
202106상순,양파,양파,1키로,상,656.231481481481,575.888888888888
202106중순,양파,양파,1키로,상,708.310185185185,694.625
202106하순,양파,양파,1키로,상,703.074074074074,687.666666666666
202107상순,양파,양파,1키로,상,692.402777777777,676.666666666666
202107중순,양파,양파,1키로,상,726.291666666666,683.375
202107하순,양파,양파,1키로,상,827.748148148148,735.5
202108상순,양파,양파,1키로,상,919.952380952381,911.857142857142
202108중순,양파,양파,1키로,상,870.467592592592,873.888888888888
202108하순,양파,양파,1키로,상,899.374074074074,874.0
202109상순,양파,양파,1키로,상,925.699074074074,959.666666666666
202109중순,양파,양파,1키로,상,914.53611111111,907.857142857142
202109하순,양파,양파,1키로,상,903.644444444444,854.833333333333
202110상순,양파,양파,1키로,상,1010.06018518518,892.875
202110중순,양파,양파,1키로,상,933.449074074074,900.333333333333
202110하순,양파,양파,1키로,상,933.074074074074,937.333333333333
202111상순,양파,양파,1키로,상,979.703703703703,907.333333333333
202111중순,양파,양파,1키로,상,975.958333333333,908.666666666666
202111하순,양파,양파,1키로,상,952.703703703703,855.0
202112상순,양파,양파,1키로,상,986.458333333333,816.333333333333
202112중순,양파,양파,1키로,상,960.249999999999,734.875
202112하순,양파,양파,1키로,상,978.629629629629,695.1
201801상순,대파,대파(일반),1키로단,상,1620.0291005291,1685.28571428571
201801중순,대파,대파(일반),1키로단,상,1422.50925925925,1624.88888888888
201801하순,대파,대파(일반),1키로단,상,1520.26666666666,1834.33333333333
201802상순,대파,대파(일반),1키로단,상,1793.42129629629,2530.11111111111
201802중순,대파,대파(일반),1키로단,상,1977.73214285714,1537.83333333333
201802하순,대파,대파(일반),1키로단,상,1889.74603174603,1444.28571428571
201803상순,대파,대파(일반),1키로단,상,1913.81018518518,1426.0
201803중순,대파,대파(일반),1키로단,상,1816.84722222222,1309.125
201803하순,대파,대파(일반),1키로단,상,1716.19259259259,1121.2
201804상순,대파,대파(일반),1키로단,상,1814.7037037037,914.125
201804중순,대파,대파(일반),1키로단,상,1640.25462962962,787.444444444444
201804하순,대파,대파(일반),1키로단,상,1653.62962962962,1001.75
201805상순,대파,대파(일반),1키로단,상,1710.49537037037,1254.0
201805중순,대파,대파(일반),1키로단,상,1521.39351851851,883.625
201805하순,대파,대파(일반),1키로단,상,1511.76296296296,1385.3
201806상순,대파,대파(일반),1키로단,상,1322.68055555555,1237.0
201806중순,대파,대파(일반),1키로단,상,1218.27314814814,1148.88888888888
201806하순,대파,대파(일반),1키로단,상,1023.70833333333,1288.88888888888
201807상순,대파,대파(일반),1키로단,상,1128.79629629629,1323.625
201807중순,대파,대파(일반),1키로단,상,1176.77777777777,1202.77777777777
201807하순,대파,대파(일반),1키로단,상,1256.81481481481,1399.88888888888
201808상순,대파,대파(일반),1키로단,상,1503.16666666666,1608.75
201808중순,대파,대파(일반),1키로단,상,1538.05555555555,1843.125
201808하순,대파,대파(일반),1키로단,상,1759.92592592592,2981.1
201809상순,대파,대파(일반),1키로단,상,1640.35185185185,2997.375
201809중순,대파,대파(일반),1키로단,상,1738.30621693121,2670.66666666666
201809하순,대파,대파(일반),1키로단,상,1627.32804232804,2904.0
201810상순,대파,대파(일반),1키로단,상,1665.94907407407,2809.44444444444
201810중순,대파,대파(일반),1키로단,상,1301.80555555555,1848.77777777777
201810하순,대파,대파(일반),1키로단,상,1256.75185185185,1907.77777777777
201811상순,대파,대파(일반),1키로단,상,1287.66666666666,1852.44444444444
201811중순,대파,대파(일반),1키로단,상,1532.22685185185,1827.75
201811하순,대파,대파(일반),1키로단,상,1673.9537037037,1606.22222222222
201812상순,대파,대파(일반),1키로단,상,1764.06944444444,1827.375
201812중순,대파,대파(일반),1키로단,상,1535.62037037037,1530.66666666666
201812하순,대파,대파(일반),1키로단,상,1511.73333333333,1412.0
201901상순,대파,대파(일반),1키로단,상,1525.07671957671,1500.85714285714
201901중순,대파,대파(일반),1키로단,상,1410.84722222222,1188.5
201901하순,대파,대파(일반),1키로단,상,1665.97777777777,1170.7
201902상순,대파,대파(일반),1키로단,상,2000.625,1156.4
201902중순,대파,대파(일반),1키로단,상,1746.77182539682,1170.33333333333
201902하순,대파,대파(일반),1키로단,상,1785.41269841269,953.142857142857
201903상순,대파,대파(일반),1키로단,상,1711.01851851851,914.375
201903중순,대파,대파(일반),1키로단,상,1605.66666666666,851.222222222222
201903하순,대파,대파(일반),1키로단,상,1445.88888888888,698.444444444444
201904상순,대파,대파(일반),1키로단,상,1450.37037037037,842.111111111111
201904중순,대파,대파(일반),1키로단,상,1248.47685185185,829.666666666666
201904하순,대파,대파(일반),1키로단,상,1293.62037037037,894.625
201905상순,대파,대파(일반),1키로단,상,1481.23611111111,1187.22222222222
201905중순,대파,대파(일반),1키로단,상,1308.06018518518,1414.375
201905하순,대파,대파(일반),1키로단,상,1504.39629629629,1718.9
201906상순,대파,대파(일반),1키로단,상,1329.88888888888,1756.125
201906중순,대파,대파(일반),1키로단,상,1219.08796296296,1439.77777777777
201906하순,대파,대파(일반),1키로단,상,1173.29629629629,1370.875
201907상순,대파,대파(일반),1키로단,상,1250.70833333333,1561.66666666666
201907중순,대파,대파(일반),1키로단,상,1229.62962962962,1563.55555555555
201907하순,대파,대파(일반),1키로단,상,1318.44444444444,1582.88888888888
201908상순,대파,대파(일반),1키로단,상,1640.08333333333,1908.625
201908중순,대파,대파(일반),1키로단,상,1699.26388888888,1623.625
201908하순,대파,대파(일반),1키로단,상,1983.42592592592,1334.9
201909상순,대파,대파(일반),1키로단,상,1824.9074074074,1732.0
201909중순,대파,대파(일반),1키로단,상,1928.11574074074,1701.14285714285
201909하순,대파,대파(일반),1키로단,상,1818.67195767195,1683.875
201910상순,대파,대파(일반),1키로단,상,2004.43055555555,1734.11111111111
201910중순,대파,대파(일반),1키로단,상,1542.68981481481,1503.25
201910하순,대파,대파(일반),1키로단,상,1512.51111111111,1576.8
201911상순,대파,대파(일반),1키로단,상,1504.18981481481,1468.0
201911중순,대파,대파(일반),1키로단,상,1637.625,1571.33333333333
201911하순,대파,대파(일반),1키로단,상,1741.73148148148,1425.33333333333
201912상순,대파,대파(일반),1키로단,상,1848.23611111111,1494.25
201912중순,대파,대파(일반),1키로단,상,1631.10185185185,1333.0
201912하순,대파,대파(일반),1키로단,상,1630.84444444444,1405.66666666666
202001상순,대파,대파(일반),1키로단,상,1669.4365079365,1406.28571428571
202001중순,대파,대파(일반),1키로단,상,1486.38888888888,1084.625
202001하순,대파,대파(일반),1키로단,상,1692.84444444444,926.375
202002상순,대파,대파(일반),1키로단,상,2000.625,1106.125
202002중순,대파,대파(일반),1키로단,상,1746.77182539682,924.555555555555
202002하순,대파,대파(일반),1키로단,상,1785.41269841269,922.125
202003상순,대파,대파(일반),1키로단,상,1711.01851851851,807.375
202003중순,대파,대파(일반),1키로단,상,1605.66666666666,788.0
202003하순,대파,대파(일반),1키로단,상,1445.88888888888,766.111111111111
202004상순,대파,대파(일반),1키로단,상,1449.74537037037,823.333333333333
202004중순,대파,대파(일반),1키로단,상,1262.55092592592,905.375
202004하순,대파,대파(일반),1키로단,상,1293.62037037037,1138.22222222222
202005상순,대파,대파(일반),1키로단,상,1481.23611111111,1324.875
202005중순,대파,대파(일반),1키로단,상,1484.97685185185,1449.11111111111
202005하순,대파,대파(일반),1키로단,상,1627.51111111111,1503.0
202006상순,대파,대파(일반),1키로단,상,1502.96759259259,1363.88888888888
202006중순,대파,대파(일반),1키로단,상,1322.13888888888,1622.88888888888
202006하순,대파,대파(일반),1키로단,상,1310.77314814814,1555.0
202007상순,대파,대파(일반),1키로단,상,1413.34722222222,1448.22222222222
202007중순,대파,대파(일반),1키로단,상,1351.18518518518,1758.0
202007하순,대파,대파(일반),1키로단,상,1518.07407407407,1718.3
202008상순,대파,대파(일반),1키로단,상,1801.70833333333,2950.85714285714
202008중순,대파,대파(일반),1키로단,상,1746.54629629629,2571.66666666666
202008하순,대파,대파(일반),1키로단,상,1983.42592592592,2312.44444444444
202009상순,대파,대파(일반),1키로단,상,1824.9074074074,2712.77777777777
202009중순,대파,대파(일반),1키로단,상,1928.11574074074,2425.875
202009하순,대파,대파(일반),1키로단,상,1824.77843915343,2661.0
202010상순,대파,대파(일반),1키로단,상,2004.43055555555,2905.0
202010중순,대파,대파(일반),1키로단,상,1608.21759259259,2530.5
202010하순,대파,대파(일반),1키로단,상,1635.59259259259,2776.7
202011상순,대파,대파(일반),1키로단,상,1620.18981481481,2771.125
202011중순,대파,대파(일반),1키로단,상,1722.36111111111,2803.66666666666
202011하순,대파,대파(일반),1키로단,상,1741.73148148148,2259.25
202012상순,대파,대파(일반),1키로단,상,1828.78703703703,1782.88888888888
202012중순,대파,대파(일반),1키로단,상,1631.10185185185,1913.375
202012하순,대파,대파(일반),1키로단,상,1630.84444444444,1782.9
202101상순,대파,대파(일반),1키로단,상,1669.4365079365,2759.5
202101중순,대파,대파(일반),1키로단,상,1486.38888888888,3285.33333333333
202101하순,대파,대파(일반),1키로단,상,1692.84444444444,3452.22222222222
202102상순,대파,대파(일반),1키로단,상,1935.46666666666,4306.55555555555
202102중순,대파,대파(일반),1키로단,상,1609.93055555555,4670.14285714285
202102하순,대파,대파(일반),1키로단,상,1562.23809523809,5488.83333333333
202103상순,대파,대파(일반),1키로단,상,1555.97685185185,5175.88888888888
202103중순,대파,대파(일반),1키로단,상,1441.4074074074,4386.22222222222
202103하순,대파,대파(일반),1키로단,상,1310.37037037037,4440.88888888888
202104상순,대파,대파(일반),1키로단,상,1261.41203703703,4296.22222222222
202104중순,대파,대파(일반),1키로단,상,1087.71759259259,4370.0
202104하순,대파,대파(일반),1키로단,상,1134.6574074074,3715.22222222222
202105상순,대파,대파(일반),1키로단,상,1367.73611111111,3749.0
202105중순,대파,대파(일반),1키로단,상,1414.79166666666,2249.44444444444
202105하순,대파,대파(일반),1키로단,상,1535.73333333333,1445.55555555555
202106상순,대파,대파(일반),1키로단,상,1372.22222222222,1183.11111111111
202106중순,대파,대파(일반),1키로단,상,1322.13888888888,1052.75
202106하순,대파,대파(일반),1키로단,상,1310.77314814814,850.333333333333
202107상순,대파,대파(일반),1키로단,상,1375.5324074074,1022.22222222222
202107중순,대파,대파(일반),1키로단,상,1351.18518518518,884.375
202107하순,대파,대파(일반),1키로단,상,1518.07407407407,844.3
202108상순,대파,대파(일반),1키로단,상,1801.70833333333,1382.28571428571
202108중순,대파,대파(일반),1키로단,상,1849.0,1165.11111111111
202108하순,대파,대파(일반),1키로단,상,2075.68518518518,1342.22222222222
202109상순,대파,대파(일반),1키로단,상,2138.64814814814,1490.33333333333
202109중순,대파,대파(일반),1키로단,상,2138.0324074074,1849.71428571428
202109하순,대파,대파(일반),1키로단,상,2119.58796296296,1274.16666666666
202110상순,대파,대파(일반),1키로단,상,2339.35648148148,1316.375
202110중순,대파,대파(일반),1키로단,상,1755.1574074074,1427.55555555555
202110하순,대파,대파(일반),1키로단,상,1850.04444444444,1601.33333333333
202111상순,대파,대파(일반),1키로단,상,1818.11111111111,1582.77777777777
202111중순,대파,대파(일반),1키로단,상,1934.81944444444,1754.22222222222
202111하순,대파,대파(일반),1키로단,상,1774.89814814814,1460.25
202112상순,대파,대파(일반),1키로단,상,1728.37962962962,1619.0
202112중순,대파,대파(일반),1키로단,상,1677.64351851851,1217.125
202112하순,대파,대파(일반),1키로단,상,1581.41111111111,1322.2
