,YYYYMMSOON,가락시장 품목코드(5자리),품목(품종)명,거래단위,등급(특 5% 상 35% 중 40% 하 20%),평균가격(원),전순 평균가격(원) PreVious SOON,전달 평균가격(원) PreVious MMonth,전년 평균가격(원) PreVious YeaR,평년 평균가격(원) Common Year SOON
0,202101상순,21100,배추,10키로망대,상,3315.16666666666,3372.8,4002.22222222222,9272.71428571428,6416.92857142857
1,202101중순,21100,배추,10키로망대,상,4904.55555555555,3315.16666666666,3782.125,8701.625,6306.5787037037
2,202101하순,21100,배추,10키로망대,상,5641.33333333333,4904.55555555555,3372.8,8522.0,7278.9074074074
3,202102상순,21100,배추,10키로망대,상,6297.33333333333,5641.33333333333,3315.16666666666,8880.875,8057.5324074074
4,202102중순,21100,배추,10키로망대,상,8420.57142857143,6297.33333333333,4904.55555555555,9089.11111111111,8174.87037037037
5,202102하순,21100,배추,10키로망대,상,8894.33333333333,8420.57142857143,5641.33333333333,9076.5,8573.7619047619
6,202103상순,21100,배추,10키로망대,상,9310.88888888888,8894.33333333333,6297.33333333333,8656.625,8488.61574074074
7,202103중순,21100,배추,10키로망대,상,9345.33333333333,9310.88888888888,8420.57142857143,8288.0,8058.33333333333
8,202103하순,21100,배추,10키로망대,상,9392.55555555555,9345.33333333333,8894.33333333333,8157.0,7643.66666666666
9,202104상순,21100,배추,10키로망대,상,9566.33333333333,9392.55555555555,9310.88888888888,7590.0,7111.54166666666
10,202104중순,21100,배추,10키로망대,상,9217.75,9566.33333333333,9345.33333333333,8503.5,7079.75925925926
11,202104하순,21100,배추,10키로망대,상,8996.77777777777,9217.75,9392.55555555555,11245.0,8231.66666666666
12,202105상순,21100,배추,10키로망대,상,6507.125,8996.77777777777,9566.33333333333,10653.75,6861.21296296296
13,202105중순,21100,배추,10키로망대,상,4590.88888888888,6507.125,9217.75,9588.77777777777,5888.46759259259
14,202105하순,21100,배추,10키로망대,상,5712.77777777777,4590.88888888888,8996.77777777777,9949.77777777777,5306.55925925925
15,202106상순,21100,배추,10키로망대,상,6225.66666666666,5712.77777777777,6507.125,7173.11111111111,4695.53703703703
16,202106중순,21100,배추,10키로망대,상,5418.375,6225.66666666666,4590.88888888888,7488.33333333333,4909.34259259259
17,202106하순,21100,배추,10키로망대,상,5138.0,5418.375,5712.77777777777,7608.125,5390.17129629629
18,202107상순,21100,배추,10키로망대,상,4671.66666666666,5138.0,6225.66666666666,7897.44444444444,5678.10648148148
19,202107중순,21100,배추,10키로망대,상,4782.25,4671.66666666666,5418.375,11235.625,7700.96296296296
20,202107하순,21100,배추,10키로망대,상,6819.3,4782.25,5138.0,12039.8,10351.8222222222
21,202108상순,21100,배추,10키로망대,상,10284.2857142857,6819.3,4671.66666666666,12338.7142857142,10942.7083333333
22,202108중순,21100,배추,10키로망대,상,8024.77777777777,10284.2857142857,4782.25,17104.3333333333,15009.0694444444
23,202108하순,21100,배추,10키로망대,상,9006.77777777777,8024.77777777777,6819.3,18618.4444444444,17091.5148148148
24,202109상순,21100,배추,10키로망대,상,11554.3333333333,9006.77777777777,10284.2857142857,19789.6666666666,15997.7222222222
25,202109중순,21100,배추,10키로망대,상,13765.2857142857,11554.3333333333,8024.77777777777,25820.875,15039.6804232804
26,202109하순,21100,배추,10키로망대,상,9141.5,13765.2857142857,9006.77777777777,24373.4444444444,16509.6898148148
27,202110상순,21100,배추,10키로망대,상,6351.25,9141.5,11554.3333333333,16984.5,14047.499074074
28,202110중순,21100,배추,10키로망대,상,4705.66666666666,6351.25,13765.2857142857,8203.625,7183.39351851851
29,202110하순,21100,배추,10키로망대,상,6465.66666666666,4705.66666666666,9141.5,6000.2,5808.54814814814
30,202111상순,21100,배추,10키로망대,상,9495.0,6465.66666666666,6351.25,5757.25,5840.30555555555
31,202111중순,21100,배추,10키로망대,상,10626.8888888888,9495.0,4705.66666666666,6674.33333333333,6978.47222222222
32,202111하순,21100,배추,10키로망대,상,9273.25,10626.8888888888,6465.66666666666,5541.625,6501.68981481481
33,202112상순,21100,배추,10키로망대,상,8281.77777777777,9273.25,9495.0,4002.22222222222,5969.17129629629
34,202112중순,21100,배추,10키로망대,상,7667.375,8281.77777777777,10626.8888888888,3782.125,5978.44907407407
35,202112하순,21100,배추,10키로망대,상,7763.2,7667.375,9273.25,3372.8,5828.82222222222
36,202201상순,21100,배추,10키로망대,상,7795.57142857142,7763.2,8281.77777777777,3315.16666666666,5982.81746031745
37,202201중순,21100,배추,10키로망대,상,7691.55555555555,7795.57142857142,7667.375,4904.55555555555,6308.50462962962
38,202201하순,21100,배추,10키로망대,상,7684.75,7691.55555555555,7763.2,5641.33333333333,6889.42592592592
39,202202상순,21100,배추,10키로망대,상,8355.0,7684.75,7795.57142857142,6297.33333333333,8040.14351851851
40,202202중순,21100,배추,10키로망대,상,8383.75,8355.0,7691.55555555555,8420.57142857143,8252.28306878307
41,202202하순,21100,배추,10키로망대,상,8567.14285714285,8383.75,7684.75,8894.33333333333,8550.53968253968
42,202203상순,21100,배추,10키로망대,상,8614.77777777777,8567.14285714285,8355.0,9310.88888888888,8488.61574074073
43,202203중순,21100,배추,10키로망대,상,9176.25,8614.77777777777,8383.75,9345.33333333333,8058.33333333333
44,202203하순,21100,배추,10키로망대,상,9703.9,9176.25,8567.14285714285,9392.55555555555,7643.66666666666
45,202204상순,21100,배추,10키로망대,상,10315.125,9703.9,8614.77777777777,9566.33333333333,7111.54166666666
46,202204중순,21100,배추,10키로망대,상,10429.4444444444,10315.125,9176.25,9217.75,7079.75925925926
47,202204하순,21100,배추,10키로망대,상,10479.7777777777,10429.4444444444,9703.9,8996.77777777777,7482.25925925926
48,202205상순,21100,배추,10키로망대,상,9817.875,10479.7777777777,10315.125,6507.125,5479.00462962963
49,202205중순,21100,배추,10키로망대,상,8768.22222222222,9817.875,10429.4444444444,4590.88888888888,4222.50462962962
50,202205하순,21100,배추,10키로망대,상,7693.66666666666,8768.22222222222,10479.7777777777,5712.77777777777,4409.22592592592
51,202206상순,21100,배추,10키로망대,상,8901.55555555555,7693.66666666666,9817.875,6225.66666666666,4941.38888888888
52,202206중순,21100,배추,10키로망대,상,8013.0,8901.55555555555,8768.22222222222,5418.375,5083.38425925925
53,202206하순,21100,배추,10키로망대,상,9065.0,8013.0,7693.66666666666,5138.0,5316.54166666666
54,202207상순,21100,배추,10키로망대,상,9905.125,9065.0,8901.55555555555,4671.66666666666,5225.12037037036
55,202207중순,21100,배추,10키로망대,상,14769.1111111111,9905.125,8013.0,4782.25,7461.22222222222
56,202207하순,21100,배추,10키로망대,상,17330.1111111111,14769.1111111111,9065.0,6819.3,10031.8111111111
57,202208상순,21100,배추,10키로망대,상,14042.4444444444,17330.1111111111,9905.125,10284.2857142857,10936.2619047619
58,202208중순,21100,배추,10키로망대,상,13403.1111111111,14042.4444444444,14769.1111111111,8024.77777777777,12989.8842592592
59,202208하순,21100,배추,10키로망대,상,16495.6666666666,13403.1111111111,17330.1111111111,9006.77777777777,13887.6259259259
60,202209상순,21100,배추,10키로망대,상,21026.625,16495.6666666666,14042.4444444444,11554.3333333333,13252.6111111111
61,202209중순,21100,배추,10키로망대,상,27456.1428571428,21026.625,13403.1111111111,13765.2857142857,13760.7089947089
62,202209하순,21100,배추,10키로망대,상,21651.0,27456.1428571428,16495.6666666666,9141.5,13399.1898148148
63,202210상순,21100,배추,10키로망대,상,17092.5,21651.0,21026.625,6351.25,12434.2907407407
64,202210중순,21100,배추,10키로망대,상,9403.77777777777,17092.5,27456.1428571428,4705.66666666666,6119.46759259259
65,202210하순,21100,배추,10키로망대,상,7601.11111111111,9403.77777777777,21651.0,6465.66666666666,5988.58518518518
66,202211상순,21100,배추,10키로망대,상,5895.22222222222,7601.11111111111,17092.5,9495.0,6532.05092592592
67,202211중순,21100,배추,10키로망대,상,5806.25,5895.22222222222,9403.77777777777,10626.8888888888,6978.47222222222
68,202211하순,21100,배추,10키로망대,상,5000.77777777777,5806.25,7601.11111111111,9273.25,6712.72685185185
69,202212상순,21100,배추,10키로망대,상,4451.88888888888,5000.77777777777,5895.22222222222,8281.77777777777,5946.13425925925
70,202212중순,21100,배추,10키로망대,상,4487.875,4451.88888888888,5806.25,7667.375,5667.57407407407
71,202212하순,21100,배추,10키로망대,상,4715.9,4487.875,5000.77777777777,7763.2,5476.44444444444
72,202101상순,23100,무,20키로상자,상,15453.6666666666,14112.3,8982.44444444444,25478.8571428571,0.0
73,202101중순,23100,무,20키로상자,상,14208.5555555555,15453.6666666666,12022.75,19378.125,0.0
74,202101하순,23100,무,20키로상자,상,11529.4444444444,14208.5555555555,14112.3,17105.875,0.0
75,202102상순,23100,무,20키로상자,상,9098.88888888888,11529.4444444444,15453.6666666666,10902.25,0.0
76,202102중순,23100,무,20키로상자,상,8339.71428571428,9098.88888888888,14208.5555555555,11589.2222222222,0.0
77,202102하순,23100,무,20키로상자,상,7570.66666666666,8339.71428571428,11529.4444444444,9167.875,0.0
78,202103상순,23100,무,20키로상자,상,7826.11111111111,7570.66666666666,9098.88888888888,10112.0,0.0
79,202103중순,23100,무,20키로상자,상,8207.88888888888,7826.11111111111,8339.71428571428,8490.55555555555,0.0
80,202103하순,23100,무,20키로상자,상,7181.88888888888,8207.88888888888,7570.66666666666,10133.0,0.0
81,202104상순,23100,무,20키로상자,상,7465.11111111111,7181.88888888888,7826.11111111111,8164.55555555555,0.0
82,202104중순,23100,무,20키로상자,상,8290.625,7465.11111111111,8207.88888888888,9708.875,0.0
83,202104하순,23100,무,20키로상자,상,8946.33333333333,8290.625,7181.88888888888,10186.7777777777,0.0
84,202105상순,23100,무,20키로상자,상,9051.875,8946.33333333333,7465.11111111111,9875.0,0.0
85,202105중순,23100,무,20키로상자,상,8165.22222222222,9051.875,8290.625,8403.88888888888,0.0
86,202105하순,23100,무,20키로상자,상,8496.88888888888,8165.22222222222,8946.33333333333,8992.0,0.0
87,202106상순,23100,무,20키로상자,상,9258.0,8496.88888888888,9051.875,11056.7777777777,0.0
88,202106중순,23100,무,20키로상자,상,8435.75,9258.0,8165.22222222222,11275.1111111111,0.0
89,202106하순,23100,무,20키로상자,상,9150.44444444444,8435.75,8496.88888888888,12730.75,0.0
90,202107상순,23100,무,20키로상자,상,12564.0,9150.44444444444,9258.0,11513.8888888888,0.0
91,202107중순,23100,무,20키로상자,상,9012.75,12564.0,8435.75,11745.75,0.0
92,202107하순,23100,무,20키로상자,상,11067.1,9012.75,9150.44444444444,10808.7,0.0
93,202108상순,23100,무,20키로상자,상,13885.2857142857,11067.1,12564.0,12764.7142857142,0.0
94,202108중순,23100,무,20키로상자,상,10580.6666666666,13885.2857142857,9012.75,13421.4444444444,0.0
95,202108하순,23100,무,20키로상자,상,10101.5555555555,10580.6666666666,11067.1,23336.4444444444,0.0
96,202109상순,23100,무,20키로상자,상,9531.0,10101.5555555555,13885.2857142857,23616.7777777777,0.0
97,202109중순,23100,무,20키로상자,상,10187.1428571428,9531.0,10580.6666666666,22132.625,0.0
98,202109하순,23100,무,20키로상자,상,8076.33333333333,10187.1428571428,10101.5555555555,24916.7777777777,0.0
99,202110상순,23100,무,20키로상자,상,7584.5,8076.33333333333,9531.0,20661.8333333333,0.0
100,202110중순,23100,무,20키로상자,상,8729.55555555555,7584.5,10187.1428571428,14746.125,0.0
101,202110하순,23100,무,20키로상자,상,10916.8888888888,8729.55555555555,8076.33333333333,11304.1,0.0
102,202111상순,23100,무,20키로상자,상,10744.4444444444,10916.8888888888,7584.5,11496.5,0.0
103,202111중순,23100,무,20키로상자,상,12581.1111111111,10744.4444444444,8729.55555555555,10245.1111111111,0.0
104,202111하순,23100,무,20키로상자,상,11107.375,12581.1111111111,10916.8888888888,8736.375,0.0
105,202112상순,23100,무,20키로상자,상,11457.6666666666,11107.375,10744.4444444444,8982.44444444444,0.0
106,202112중순,23100,무,20키로상자,상,10597.75,11457.6666666666,12581.1111111111,12022.75,0.0
107,202112하순,23100,무,20키로상자,상,10748.2,10597.75,11107.375,14112.3,0.0
108,202201상순,23100,무,20키로상자,상,10840.5714285714,10748.2,11457.6666666666,15453.6666666666,0.0
109,202201중순,23100,무,20키로상자,상,11261.2222222222,10840.5714285714,10597.75,14208.5555555555,0.0
110,202201하순,23100,무,20키로상자,상,12637.75,11261.2222222222,10748.2,11529.4444444444,0.0
111,202202상순,23100,무,20키로상자,상,10062.6666666666,12637.75,10840.5714285714,9098.88888888888,0.0
112,202202중순,23100,무,20키로상자,상,10841.5,10062.6666666666,11261.2222222222,8339.71428571428,0.0
113,202202하순,23100,무,20키로상자,상,11499.5714285714,10841.5,12637.75,7570.66666666666,0.0
114,202203상순,23100,무,20키로상자,상,10466.2222222222,11499.5714285714,10062.6666666666,7826.11111111111,0.0
115,202203중순,23100,무,20키로상자,상,9714.625,10466.2222222222,10841.5,8207.88888888888,0.0
116,202203하순,23100,무,20키로상자,상,9968.0,9714.625,11499.5714285714,7181.88888888888,0.0
117,202204상순,23100,무,20키로상자,상,9745.875,9968.0,10466.2222222222,7465.11111111111,0.0
118,202204중순,23100,무,20키로상자,상,9411.55555555555,9745.875,9714.625,8290.625,0.0
119,202204하순,23100,무,20키로상자,상,11303.7777777777,9411.55555555555,9968.0,8946.33333333333,0.0
120,202205상순,23100,무,20키로상자,상,13589.25,11303.7777777777,9745.875,9051.875,0.0
121,202205중순,23100,무,20키로상자,상,13568.6666666666,13589.25,9411.55555555555,8165.22222222222,0.0
122,202205하순,23100,무,20키로상자,상,14167.2222222222,13568.6666666666,11303.7777777777,8496.88888888888,0.0
123,202206상순,23100,무,20키로상자,상,13693.2222222222,14167.2222222222,13589.25,9258.0,0.0
124,202206중순,23100,무,20키로상자,상,13381.625,13693.2222222222,13568.6666666666,8435.75,0.0
125,202206하순,23100,무,20키로상자,상,14488.1111111111,13381.625,14167.2222222222,9150.44444444444,0.0
126,202207상순,23100,무,20키로상자,상,16167.625,14488.1111111111,13693.2222222222,12564.0,0.0
127,202207중순,23100,무,20키로상자,상,18460.4444444444,16167.625,13381.625,9012.75,0.0
128,202207하순,23100,무,20키로상자,상,21599.2222222222,18460.4444444444,14488.1111111111,11067.1,0.0
129,202208상순,23100,무,20키로상자,상,22569.3333333333,21599.2222222222,16167.625,13885.2857142857,0.0
130,202208중순,23100,무,20키로상자,상,20734.8888888888,22569.3333333333,18460.4444444444,10580.6666666666,0.0
131,202208하순,23100,무,20키로상자,상,22757.5555555555,20734.8888888888,21599.2222222222,10101.5555555555,0.0
132,202209상순,23100,무,20키로상자,상,28908.25,22757.5555555555,22569.3333333333,9531.0,0.0
133,202209중순,23100,무,20키로상자,상,25497.7142857142,28908.25,20734.8888888888,10187.1428571428,0.0
134,202209하순,23100,무,20키로상자,상,31412.0,25497.7142857142,22757.5555555555,8076.33333333333,0.0
135,202210상순,23100,무,20키로상자,상,34129.25,31412.0,28908.25,7584.5,0.0
136,202210중순,23100,무,20키로상자,상,22464.1111111111,34129.25,25497.7142857142,8729.55555555555,0.0
137,202210하순,23100,무,20키로상자,상,21770.7777777777,22464.1111111111,31412.0,10916.8888888888,0.0
138,202211상순,23100,무,20키로상자,상,13996.3333333333,21770.7777777777,34129.25,10744.4444444444,0.0
139,202211중순,23100,무,20키로상자,상,11933.375,13996.3333333333,22464.1111111111,12581.1111111111,0.0
140,202211하순,23100,무,20키로상자,상,10350.1111111111,11933.375,21770.7777777777,11107.375,0.0
141,202212상순,23100,무,20키로상자,상,11416.1111111111,10350.1111111111,13996.3333333333,11457.6666666666,0.0
142,202212중순,23100,무,20키로상자,상,11222.5,11416.1111111111,11933.375,10597.75,0.0
143,202212하순,23100,무,20키로상자,상,12959.2,11222.5,10350.1111111111,10748.2,0.0
144,201901상순,24400,양파,1키로,상,721.857142857142,650.0,648.75,1144.42857142857,1056.36309523809
145,201901중순,24400,양파,1키로,상,582.625,721.857142857142,695.666666666666,1041.22222222222,996.013888888888
146,201901하순,24400,양파,1키로,상,574.6,582.625,650.0,1036.44444444444,1019.64814814814
147,201902상순,24400,양파,1키로,상,610.4,574.6,721.857142857142,1045.77777777777,1052.62962962962
148,201902중순,24400,양파,1키로,상,645.333333333333,610.4,582.625,1098.16666666666,1033.76388888888
149,201902하순,24400,양파,1키로,상,593.428571428571,645.333333333333,574.6,922.142857142857,1031.65873015873
150,201903상순,24400,양파,1키로,상,668.375,593.428571428571,610.4,879.0,995.898148148148
151,201903중순,24400,양파,1키로,상,667.333333333333,668.375,645.333333333333,675.125,892.310185185185
152,201903하순,24400,양파,1키로,상,762.444444444444,667.333333333333,593.428571428571,644.0,909.922222222222
153,201904상순,24400,양파,1키로,상,1005.77777777777,762.444444444444,668.375,647.25,944.777777777777
154,201904중순,24400,양파,1키로,상,973.666666666666,1005.77777777777,667.333333333333,759.777777777777,834.069444444444
155,201904하순,24400,양파,1키로,상,729.25,973.666666666666,762.444444444444,954.375,812.444444444444
156,201905상순,24400,양파,1키로,상,725.666666666666,729.25,1005.77777777777,835.888888888888,753.513888888888
157,201905중순,24400,양파,1키로,상,488.625,725.666666666666,973.666666666666,592.5,636.166666666666
158,201905하순,24400,양파,1키로,상,498.5,488.625,729.25,553.4,600.318518518518
159,201906상순,24400,양파,1키로,상,464.5,498.5,725.666666666666,679.25,722.194444444444
160,201906중순,24400,양파,1키로,상,397.666666666666,464.5,488.625,741.888888888888,807.606481481481
161,201906하순,24400,양파,1키로,상,449.625,397.666666666666,498.5,658.777777777777,804.407407407407
162,201907상순,24400,양파,1키로,상,389.888888888888,449.625,464.5,697.375,853.75
163,201907중순,24400,양파,1키로,상,413.0,389.888888888888,397.666666666666,712.666666666666,858.444444444444
164,201907하순,24400,양파,1키로,상,426.666666666666,413.0,449.625,799.222222222222,917.148148148148
165,201908상순,24400,양파,1키로,상,538.375,426.666666666666,389.888888888888,910.875,1016.70833333333
166,201908중순,24400,양파,1키로,상,502.25,538.375,413.0,803.625,949.597222222222
167,201908하순,24400,양파,1키로,상,473.5,502.25,426.666666666666,809.9,942.829629629629
168,201909상순,24400,양파,1키로,상,495.625,473.5,538.375,789.875,960.425925925926
169,201909중순,24400,양파,1키로,상,538.857142857142,495.625,502.25,764.333333333333,963.466666666666
170,201909하순,24400,양파,1키로,상,494.0,538.857142857142,473.5,717.6,935.199999999999
171,201910상순,24400,양파,1키로,상,449.888888888888,494.0,495.625,807.888888888888,1016.27129629629
172,201910중순,24400,양파,1키로,상,510.0,449.888888888888,538.857142857142,708.0,947.703703703703
173,201910하순,24400,양파,1키로,상,522.6,510.0,494.0,713.777777777777,933.074074074074
174,201911상순,24400,양파,1키로,상,529.625,522.6,449.888888888888,724.111111111111,979.703703703703
175,201911중순,24400,양파,1키로,상,576.555555555555,529.625,510.0,719.625,975.958333333333
176,201911하순,24400,양파,1키로,상,641.444444444444,576.555555555555,522.6,677.222222222222,952.703703703703
177,201912상순,24400,양파,1키로,상,801.625,641.444444444444,529.625,648.75,935.5
178,201912중순,24400,양파,1키로,상,728.0,801.625,576.555555555555,695.666666666666,949.472222222222
179,201912하순,24400,양파,1키로,상,784.111111111111,728.0,641.444444444444,650.0,933.925925925926
180,202001상순,24400,양파,1키로,상,933.428571428571,784.111111111111,801.625,721.857142857142,1032.5238095238
181,202001중순,24400,양파,1키로,상,898.25,933.428571428571,728.0,582.625,940.097222222222
182,202001하순,24400,양파,1키로,상,929.75,898.25,784.111111111111,574.6,964.625925925925
183,202002상순,24400,양파,1키로,상,929.375,929.75,933.428571428571,610.4,1003.76296296296
184,202002중순,24400,양파,1키로,상,1014.77777777777,929.375,898.25,645.333333333333,1017.09722222222
185,202002하순,24400,양파,1키로,상,1489.875,1014.77777777777,929.75,593.428571428571,1031.65873015873
186,202003상순,24400,양파,1키로,상,1132.0,1489.875,929.375,668.375,995.898148148148
187,202003중순,24400,양파,1키로,상,1090.22222222222,1132.0,1014.77777777777,667.333333333333,892.310185185185
188,202003하순,24400,양파,1키로,상,1123.88888888888,1090.22222222222,1489.875,762.444444444444,949.403703703703
189,202004상순,24400,양파,1키로,상,1081.55555555555,1123.88888888888,1132.0,1005.77777777777,1064.28703703703
190,202004중순,24400,양파,1키로,상,986.125,1081.55555555555,1090.22222222222,973.666666666666,923.0
191,202004하순,24400,양파,1키로,상,909.888888888888,986.125,1123.88888888888,729.25,812.444444444444
192,202005상순,24400,양파,1키로,상,856.25,909.888888888888,1081.55555555555,725.666666666666,788.810185185185
193,202005중순,24400,양파,1키로,상,854.555555555555,856.25,986.125,488.625,636.166666666666
194,202005하순,24400,양파,1키로,상,709.0,854.555555555555,909.888888888888,498.5,600.318518518518
195,202006상순,24400,양파,1키로,상,613.333333333333,709.0,856.25,464.5,722.194444444444
196,202006중순,24400,양파,1키로,상,698.666666666666,613.333333333333,854.555555555555,397.666666666666,807.606481481481
197,202006하순,24400,양파,1키로,상,774.0,698.666666666666,709.0,449.625,804.407407407407
198,202007상순,24400,양파,1키로,상,664.333333333333,774.0,613.333333333333,389.888888888888,853.75
199,202007중순,24400,양파,1키로,상,796.875,664.333333333333,698.666666666666,413.0,858.444444444444
200,202007하순,24400,양파,1키로,상,899.8,796.875,774.0,426.666666666666,917.148148148147
201,202008상순,24400,양파,1키로,상,977.857142857142,899.8,664.333333333333,538.375,1016.70833333333
202,202008중순,24400,양파,1키로,상,1002.11111111111,977.857142857142,796.875,502.25,949.597222222222
203,202008하순,24400,양파,1키로,상,1009.33333333333,1002.11111111111,899.8,473.5,942.829629629629
204,202009상순,24400,양파,1키로,상,1102.44444444444,1009.33333333333,977.857142857142,495.625,960.425925925926
205,202009중순,24400,양파,1키로,상,1043.875,1102.44444444444,1002.11111111111,538.857142857142,963.466666666666
206,202009하순,24400,양파,1키로,상,1063.44444444444,1043.875,1009.33333333333,494.0,935.199999999999
207,202010상순,24400,양파,1키로,상,1245.16666666666,1063.44444444444,1102.44444444444,449.888888888888,1016.27129629629
208,202010중순,24400,양파,1키로,상,1169.125,1245.16666666666,1043.875,510.0,947.703703703703
209,202010하순,24400,양파,1키로,상,1221.1,1169.125,1063.44444444444,522.6,933.074074074073
210,202011상순,24400,양파,1키로,상,1283.375,1221.1,1245.16666666666,529.625,979.703703703703
211,202011중순,24400,양파,1키로,상,1296.44444444444,1283.375,1169.125,576.555555555555,975.958333333333
212,202011하순,24400,양파,1키로,상,1333.5,1296.44444444444,1221.1,641.444444444444,952.703703703703
213,202012상순,24400,양파,1키로,상,1294.22222222222,1333.5,1283.375,801.625,986.458333333333
214,202012중순,24400,양파,1키로,상,1289.875,1294.22222222222,1296.44444444444,728.0,960.249999999999
215,202012하순,24400,양파,1키로,상,1419.7,1289.875,1333.5,784.111111111111,978.629629629629
216,202101상순,24400,양파,1키로,상,1571.16666666666,1419.7,1294.22222222222,933.428571428571,1103.04761904761
217,202101중순,24400,양파,1키로,상,1707.22222222222,1571.16666666666,1289.875,898.25,1045.30555555555
218,202101하순,24400,양파,1키로,상,1691.44444444444,1707.22222222222,1419.7,929.75,1083.00925925925
219,202102상순,24400,양파,1키로,상,1752.11111111111,1691.44444444444,1571.16666666666,929.375,1110.08796296296
220,202102중순,24400,양파,1키로,상,2001.42857142857,1752.11111111111,1707.22222222222,1014.77777777777,1139.68981481481
221,202102하순,24400,양파,1키로,상,2021.16666666666,2001.42857142857,1691.44444444444,1489.875,1254.67261904761
222,202103상순,24400,양파,1키로,상,1825.0,2021.16666666666,1752.11111111111,1132.0,1127.48148148148
223,202103중순,24400,양파,1키로,상,1973.22222222222,1825.0,2001.42857142857,1090.22222222222,1032.5324074074
224,202103하순,24400,양파,1키로,상,1555.55555555555,1973.22222222222,2021.16666666666,1123.88888888888,1092.47777777777
225,202104상순,24400,양파,1키로,상,1348.88888888888,1555.55555555555,1825.0,1081.55555555555,1150.69444444444
226,202104중순,24400,양파,1키로,상,944.75,1348.88888888888,1973.22222222222,986.125,998.449074074074
227,202104하순,24400,양파,1키로,상,715.333333333333,944.75,1555.55555555555,909.888888888888,837.37037037037
228,202105상순,24400,양파,1키로,상,660.75,715.333333333333,1348.88888888888,856.25,805.935185185185
229,202105중순,24400,양파,1키로,상,522.888888888888,660.75,944.75,854.555555555555,669.388888888888
230,202105하순,24400,양파,1키로,상,548.888888888888,522.888888888888,715.333333333333,709.0,622.725925925925
231,202106상순,24400,양파,1키로,상,575.888888888888,548.888888888888,660.75,613.333333333333,656.231481481481
232,202106중순,24400,양파,1키로,상,694.625,575.888888888888,522.888888888888,698.666666666666,708.310185185185
233,202106하순,24400,양파,1키로,상,687.666666666666,694.625,548.888888888888,774.0,703.074074074074
234,202107상순,24400,양파,1키로,상,676.666666666666,687.666666666666,575.888888888888,664.333333333333,692.402777777777
235,202107중순,24400,양파,1키로,상,683.375,676.666666666666,694.625,796.875,726.291666666666
236,202107하순,24400,양파,1키로,상,735.5,683.375,687.666666666666,899.8,827.748148148148
237,202108상순,24400,양파,1키로,상,911.857142857142,735.5,676.666666666666,977.857142857142,919.952380952381
238,202108중순,24400,양파,1키로,상,873.888888888888,911.857142857142,683.375,1002.11111111111,870.467592592592
239,202108하순,24400,양파,1키로,상,874.0,873.888888888888,735.5,1009.33333333333,899.374074074074
240,202109상순,24400,양파,1키로,상,959.666666666666,874.0,911.857142857142,1102.44444444444,925.699074074074
241,202109중순,24400,양파,1키로,상,907.857142857142,959.666666666666,873.888888888888,1043.875,914.53611111111
242,202109하순,24400,양파,1키로,상,854.833333333333,907.857142857142,874.0,1063.44444444444,903.644444444444
243,202110상순,24400,양파,1키로,상,892.875,854.833333333333,959.666666666666,1245.16666666666,1010.06018518518
244,202110중순,24400,양파,1키로,상,900.333333333333,892.875,907.857142857142,1169.125,933.449074074074
245,202110하순,24400,양파,1키로,상,937.333333333333,900.333333333333,854.833333333333,1221.1,933.074074074074
246,202111상순,24400,양파,1키로,상,907.333333333333,937.333333333333,892.875,1283.375,979.703703703703
247,202111중순,24400,양파,1키로,상,908.666666666666,907.333333333333,900.333333333333,1296.44444444444,975.958333333333
248,202111하순,24400,양파,1키로,상,855.0,908.666666666666,937.333333333333,1333.5,952.703703703703
249,202112상순,24400,양파,1키로,상,816.333333333333,855.0,907.333333333333,1294.22222222222,986.458333333333
250,202112중순,24400,양파,1키로,상,734.875,816.333333333333,908.666666666666,1289.875,960.249999999999
251,202112하순,24400,양파,1키로,상,695.1,734.875,855.0,1419.7,978.629629629629
252,202201상순,24400,양파,1키로,상,658.0,695.1,816.333333333333,1571.16666666666,1103.04761904761
253,202201중순,24400,양파,1키로,상,541.333333333333,658.0,734.875,1707.22222222222,1045.30555555555
254,202201하순,24400,양파,1키로,상,524.0,541.333333333333,695.1,1691.44444444444,1083.00925925925
255,202202상순,24400,양파,1키로,상,528.166666666666,524.0,658.0,1752.11111111111,1110.08796296296
256,202202중순,24400,양파,1키로,상,438.75,528.166666666666,541.333333333333,2001.42857142857,1139.68981481481
257,202202하순,24400,양파,1키로,상,391.428571428571,438.75,524.0,2021.16666666666,1254.67261904761
258,202203상순,24400,양파,1키로,상,450.444444444444,391.428571428571,528.166666666666,1825.0,1127.48148148148
259,202203중순,24400,양파,1키로,상,416.125,450.444444444444,438.75,1973.22222222222,1032.5324074074
260,202203하순,24400,양파,1키로,상,392.9,416.125,391.428571428571,1555.55555555555,1147.29629629629
261,202204상순,24400,양파,1키로,상,492.0,392.9,450.444444444444,1348.88888888888,1145.4074074074
262,202204중순,24400,양파,1키로,상,624.555555555555,492.0,416.125,944.75,968.180555555555
263,202204하순,24400,양파,1키로,상,702.777777777777,624.555555555555,392.9,715.333333333333,815.379629629629
264,202205상순,24400,양파,1키로,상,551.25,702.777777777777,492.0,660.75,805.935185185185
265,202205중순,24400,양파,1키로,상,530.111111111111,551.25,624.555555555555,522.888888888888,656.648148148148
266,202205하순,24400,양파,1키로,상,721.444444444444,530.111111111111,702.777777777777,548.888888888888,603.762962962962
267,202206상순,24400,양파,1키로,상,1282.0,721.444444444444,551.25,575.888888888888,622.824074074074
268,202206중순,24400,양파,1키로,상,1304.0,1282.0,530.111111111111,694.625,711.726851851851
269,202206하순,24400,양파,1키로,상,1439.33333333333,1304.0,721.444444444444,687.666666666666,706.814814814814
270,202207상순,24400,양파,1키로,상,1450.125,1439.33333333333,1282.0,676.666666666666,679.458333333333
271,202207중순,24400,양파,1키로,상,1311.11111111111,1450.125,1304.0,683.375,730.972222222222
272,202207하순,24400,양파,1키로,상,1317.0,1311.11111111111,1439.33333333333,735.5,811.507407407407
273,202208상순,24400,양파,1키로,상,1449.44444444444,1317.0,1450.125,911.857142857142,933.529761904762
274,202208중순,24400,양파,1키로,상,1510.66666666666,1449.44444444444,1311.11111111111,873.888888888888,893.208333333333
275,202208하순,24400,양파,1키로,상,1262.88888888888,1510.66666666666,1317.0,874.0,897.744444444444
276,202209상순,24400,양파,1키로,상,1501.125,1262.88888888888,1449.44444444444,959.666666666666,950.662037037037
277,202209중순,24400,양파,1키로,상,1377.57142857142,1501.125,1510.66666666666,907.857142857142,905.355158730158
278,202209하순,24400,양파,1키로,상,1437.88888888888,1377.57142857142,1262.88888888888,854.833333333333,878.625925925925
279,202210상순,24400,양파,1키로,상,1513.375,1437.88888888888,1501.125,892.875,981.976851851851
280,202210중순,24400,양파,1키로,상,1528.88888888888,1513.375,1377.57142857142,900.333333333333,925.819444444444
281,202210하순,24400,양파,1키로,상,1508.55555555555,1528.88888888888,1437.88888888888,937.333333333333,929.0
282,202211상순,24400,양파,1키로,상,1485.44444444444,1508.55555555555,1513.375,907.333333333333,948.592592592592
283,202211중순,24400,양파,1키로,상,1440.75,1485.44444444444,1528.88888888888,908.666666666666,936.680555555555
284,202211하순,24400,양파,1키로,상,1436.44444444444,1440.75,1508.55555555555,855.0,908.592592592592
285,202212상순,24400,양파,1키로,상,1438.11111111111,1436.44444444444,1485.44444444444,816.333333333333,925.902777777777
286,202212중순,24400,양파,1키로,상,1399.25,1438.11111111111,1440.75,734.875,871.291666666666
287,202212하순,24400,양파,1키로,상,1423.9,1399.25,1436.44444444444,695.1,867.662962962963
288,202101상순,15205,감자 수미,20키로상자,상,40769.1666666666,29702.2,28334.0,25534.5714285714,32968.8095238095
289,202101중순,15205,감자 수미,20키로상자,상,42077.3333333333,40769.1666666666,27792.625,31222.625,33322.3425925925
290,202101하순,15205,감자 수미,20키로상자,상,38563.3333333333,42077.3333333333,29702.2,25292.625,33510.0185185185
291,202102상순,15205,감자 수미,20키로상자,상,44619.1111111111,38563.3333333333,40769.1666666666,32808.625,35970.4379629629
292,202102중순,15205,감자 수미,20키로상자,상,37598.1428571428,44619.1111111111,42077.3333333333,31611.1111111111,34875.9351851851
293,202102하순,15205,감자 수미,20키로상자,상,46297.3333333333,37598.1428571428,38563.3333333333,47156.75,39999.1071428571
294,202103상순,15205,감자 수미,20키로상자,상,41993.2222222222,46297.3333333333,44619.1111111111,39013.875,42276.912037037
295,202103중순,15205,감자 수미,20키로상자,상,44973.8888888888,41993.2222222222,37598.1428571428,42721.7777777777,45073.0509259259
296,202103하순,15205,감자 수미,20키로상자,상,50238.6666666666,44973.8888888888,46297.3333333333,44674.3333333333,49147.5111111111
297,202104상순,15205,감자 수미,20키로상자,상,52161.5555555555,50238.6666666666,41993.2222222222,41647.0,46562.0277777777
298,202104중순,15205,감자 수미,20키로상자,상,49735.625,52161.5555555555,44973.8888888888,45116.75,44204.2129629629
299,202104하순,15205,감자 수미,20키로상자,상,39849.5555555555,49735.625,50238.6666666666,49584.4444444444,43029.4814814814
300,202105상순,15205,감자 수미,20키로상자,상,35688.375,39849.5555555555,52161.5555555555,48522.75,44544.1388888889
301,202105중순,15205,감자 수미,20키로상자,상,30354.8888888888,35688.375,49735.625,43740.4444444444,45513.4675925925
302,202105하순,15205,감자 수미,20키로상자,상,26344.8888888888,30354.8888888888,39849.5555555555,28288.2222222222,31011.7666666666
303,202106상순,15205,감자 수미,20키로상자,상,20955.6666666666,26344.8888888888,35688.375,27899.2222222222,24757.9907407407
304,202106중순,15205,감자 수미,20키로상자,상,18250.875,20955.6666666666,30354.8888888888,25177.1111111111,22015.4305555555
305,202106하순,15205,감자 수미,20키로상자,상,19178.3333333333,18250.875,26344.8888888888,20325.5,21098.5833333333
306,202107상순,15205,감자 수미,20키로상자,상,20931.2222222222,19178.3333333333,20955.6666666666,19618.4444444444,20241.2037037037
307,202107중순,15205,감자 수미,20키로상자,상,20168.75,20931.2222222222,18250.875,20345.875,21403.7361111111
308,202107하순,15205,감자 수미,20키로상자,상,23343.8,20168.75,19178.3333333333,22674.9,23434.8185185185
309,202108상순,15205,감자 수미,20키로상자,상,28258.0,23343.8,20931.2222222222,27167.5714285714,25682.7738095238
310,202108중순,15205,감자 수미,20키로상자,상,29960.0,28258.0,20168.75,29195.1111111111,27594.074074074
311,202108하순,15205,감자 수미,20키로상자,상,28987.1111111111,29960.0,23343.8,30142.6666666666,28767.8962962963
312,202109상순,15205,감자 수미,20키로상자,상,29590.0,28987.1111111111,28258.0,29065.1111111111,28106.125
313,202109중순,15205,감자 수미,20키로상자,상,31365.1428571428,29590.0,29960.0,30463.625,28510.6231481481
314,202109하순,15205,감자 수미,20키로상자,상,30398.0,31365.1428571428,28987.1111111111,32092.7777777777,29588.6296296296
315,202110상순,15205,감자 수미,20키로상자,상,28628.375,30398.0,29590.0,30682.3333333333,29318.0777777777
316,202110중순,15205,감자 수미,20키로상자,상,29441.5555555555,28628.375,31365.1428571428,27132.75,28189.9907407407
317,202110하순,15205,감자 수미,20키로상자,상,28299.8888888888,29441.5555555555,30398.0,28129.3,28143.2481481481
318,202111상순,15205,감자 수미,20키로상자,상,30181.4444444444,28299.8888888888,28628.375,28878.875,29376.9212962962
319,202111중순,15205,감자 수미,20키로상자,상,33761.3333333333,30181.4444444444,29441.5555555555,28705.3333333333,30634.7777777777
320,202111하순,15205,감자 수미,20키로상자,상,36023.875,33761.3333333333,28299.8888888888,28987.25,32139.787037037
321,202112상순,15205,감자 수미,20키로상자,상,35233.6666666666,36023.875,30181.4444444444,28334.0,31688.6435185185
322,202112중순,15205,감자 수미,20키로상자,상,32679.125,35233.6666666666,33761.3333333333,27792.625,33251.9166666666
323,202112하순,15205,감자 수미,20키로상자,상,42440.6,32679.125,36023.875,29702.2,34313.1814814814
324,202201상순,15205,감자 수미,20키로상자,상,41487.5714285714,42440.6,35233.6666666666,40769.1666666666,37747.5317460317
325,202201중순,15205,감자 수미,20키로상자,상,41723.3333333333,41487.5714285714,32679.125,42077.3333333333,37570.1944444444
326,202201하순,15205,감자 수미,20키로상자,상,42772.875,41723.3333333333,42440.6,38563.3333333333,37221.7222222222
327,202202상순,15205,감자 수미,20키로상자,상,45327.1666666666,42772.875,41487.5714285714,44619.1111111111,40062.512037037
328,202202중순,15205,감자 수미,20키로상자,상,45113.875,45327.1666666666,41723.3333333333,37598.1428571428,37186.8994708994
329,202202하순,15205,감자 수미,20키로상자,상,50586.0,45113.875,42772.875,46297.3333333333,44946.8373015873
330,202203상순,15205,감자 수미,20키로상자,상,49159.1111111111,50586.0,45327.1666666666,41993.2222222222,43635.6157407407
331,202203중순,15205,감자 수미,20키로상자,상,50587.125,49159.1111111111,45113.875,44973.8888888888,48378.2222222222
332,202203하순,15205,감자 수미,20키로상자,상,67062.9,50587.125,50586.0,50238.6666666666,53220.0
333,202204상순,15205,감자 수미,20키로상자,상,67194.25,67062.9,49159.1111111111,52161.5555555555,51344.2962962962
334,202204중순,15205,감자 수미,20키로상자,상,61094.7777777777,67194.25,50587.125,49735.625,48832.125
335,202204하순,15205,감자 수미,20키로상자,상,72730.6666666666,61094.7777777777,67062.9,39849.5555555555,43756.6666666666
336,202205상순,15205,감자 수미,20키로상자,상,72345.125,72730.6666666666,67194.25,35688.375,44544.1388888889
337,202205중순,15205,감자 수미,20키로상자,상,53828.0,72345.125,61094.7777777777,30354.8888888888,45513.4675925926
338,202205하순,15205,감자 수미,20키로상자,상,44992.1111111111,53828.0,72730.6666666666,26344.8888888888,31011.7666666666
339,202206상순,15205,감자 수미,20키로상자,상,35504.8888888888,44992.1111111111,72345.125,20955.6666666666,24757.9907407407
340,202206중순,15205,감자 수미,20키로상자,상,36619.0,35504.8888888888,53828.0,18250.875,22015.4305555555
341,202206하순,15205,감자 수미,20키로상자,상,35295.2222222222,36619.0,44992.1111111111,19178.3333333333,21124.6111111111
342,202207상순,15205,감자 수미,20키로상자,상,31390.75,35295.2222222222,35504.8888888888,20931.2222222222,21763.7222222222
343,202207중순,15205,감자 수미,20키로상자,상,35205.6666666666,31390.75,36619.0,20168.75,21555.5046296296
344,202207하순,15205,감자 수미,20키로상자,상,34771.0,35205.6666666666,35295.2222222222,23343.8,24622.1222222222
345,202208상순,15205,감자 수미,20키로상자,상,37765.7777777777,34771.0,31390.75,28258.0,28942.4821428571
346,202208중순,15205,감자 수미,20키로상자,상,38959.7777777777,37765.7777777777,35205.6666666666,29960.0,31310.3703703703
347,202208하순,15205,감자 수미,20키로상자,상,38485.4444444444,38959.7777777777,34771.0,28987.1111111111,31883.8592592592
348,202209상순,15205,감자 수미,20키로상자,상,40017.5,38485.4444444444,37765.7777777777,29590.0,30931.4953703703
349,202209중순,15205,감자 수미,20키로상자,상,39841.0,40017.5,38959.7777777777,31365.1428571428,31969.0707671957
350,202209하순,15205,감자 수미,20키로상자,상,36873.2222222222,39841.0,38485.4444444444,30398.0,32701.3333333333
351,202210상순,15205,감자 수미,20키로상자,상,37901.375,36873.2222222222,40017.5,28628.375,32193.7027777777
352,202210중순,15205,감자 수미,20키로상자,상,40007.4444444444,37901.375,39841.0,29441.5555555555,30863.1759259259
353,202210하순,15205,감자 수미,20키로상자,상,37984.1111111111,40007.4444444444,36873.2222222222,28299.8888888888,30110.137037037
354,202211상순,15205,감자 수미,20키로상자,상,40469.7777777777,37984.1111111111,37901.375,30181.4444444444,31422.9212962962
355,202211중순,15205,감자 수미,20키로상자,상,41064.0,40469.7777777777,40007.4444444444,33761.3333333333,32711.9305555555
356,202211하순,15205,감자 수미,20키로상자,상,42789.8888888888,41064.0,37984.1111111111,36023.875,34652.1527777777
357,202212상순,15205,감자 수미,20키로상자,상,39267.2222222222,42789.8888888888,40469.7777777777,35233.6666666666,33793.3472222222
358,202212중순,15205,감자 수미,20키로상자,상,39878.25,39267.2222222222,41064.0,32679.125,34402.5833333333
359,202212하순,15205,감자 수미,20키로상자,상,47069.5,39878.25,42789.8888888888,42440.6,38349.4148148148
360,201901상순,24501,대파(일반),1키로단,상,1500.85714285714,1412.0,1827.375,1685.28571428571,1525.07671957671
361,201901중순,24501,대파(일반),1키로단,상,1188.5,1500.85714285714,1530.66666666666,1624.88888888888,1410.84722222222
362,201901하순,24501,대파(일반),1키로단,상,1170.7,1188.5,1412.0,1834.33333333333,1665.97777777777
363,201902상순,24501,대파(일반),1키로단,상,1156.4,1170.7,1500.85714285714,2530.11111111111,2000.625
364,201902중순,24501,대파(일반),1키로단,상,1170.33333333333,1156.4,1188.5,1537.83333333333,1746.77182539682
365,201902하순,24501,대파(일반),1키로단,상,953.142857142857,1170.33333333333,1170.7,1444.28571428571,1785.41269841269
366,201903상순,24501,대파(일반),1키로단,상,914.375,953.142857142857,1156.4,1426.0,1711.01851851851
367,201903중순,24501,대파(일반),1키로단,상,851.222222222222,914.375,1170.33333333333,1309.125,1605.66666666666
368,201903하순,24501,대파(일반),1키로단,상,698.444444444444,851.222222222222,953.142857142857,1121.2,1445.88888888888
369,201904상순,24501,대파(일반),1키로단,상,842.111111111111,698.444444444444,914.375,914.125,1450.37037037037
370,201904중순,24501,대파(일반),1키로단,상,829.666666666666,842.111111111111,851.222222222222,787.444444444444,1248.47685185185
371,201904하순,24501,대파(일반),1키로단,상,894.625,829.666666666666,698.444444444444,1001.75,1293.62037037037
372,201905상순,24501,대파(일반),1키로단,상,1187.22222222222,894.625,842.111111111111,1254.0,1481.23611111111
373,201905중순,24501,대파(일반),1키로단,상,1414.375,1187.22222222222,829.666666666666,883.625,1308.06018518518
374,201905하순,24501,대파(일반),1키로단,상,1718.9,1414.375,894.625,1385.3,1504.39629629629
375,201906상순,24501,대파(일반),1키로단,상,1756.125,1718.9,1187.22222222222,1237.0,1329.88888888888
376,201906중순,24501,대파(일반),1키로단,상,1439.77777777777,1756.125,1414.375,1148.88888888888,1219.08796296296
377,201906하순,24501,대파(일반),1키로단,상,1370.875,1439.77777777777,1718.9,1288.88888888888,1173.29629629629
378,201907상순,24501,대파(일반),1키로단,상,1561.66666666666,1370.875,1756.125,1323.625,1250.70833333333
379,201907중순,24501,대파(일반),1키로단,상,1563.55555555555,1561.66666666666,1439.77777777777,1202.77777777777,1229.62962962962
380,201907하순,24501,대파(일반),1키로단,상,1582.88888888888,1563.55555555555,1370.875,1399.88888888888,1318.44444444444
381,201908상순,24501,대파(일반),1키로단,상,1908.625,1582.88888888888,1561.66666666666,1608.75,1640.08333333333
382,201908중순,24501,대파(일반),1키로단,상,1623.625,1908.625,1563.55555555555,1843.125,1699.26388888888
383,201908하순,24501,대파(일반),1키로단,상,1334.9,1623.625,1582.88888888888,2981.1,1983.42592592592
384,201909상순,24501,대파(일반),1키로단,상,1732.0,1334.9,1908.625,2997.375,1824.9074074074
385,201909중순,24501,대파(일반),1키로단,상,1701.14285714285,1732.0,1623.625,2670.66666666666,1928.11574074074
386,201909하순,24501,대파(일반),1키로단,상,1683.875,1701.14285714285,1334.9,2904.0,1818.67195767195
387,201910상순,24501,대파(일반),1키로단,상,1734.11111111111,1683.875,1732.0,2809.44444444444,2004.43055555555
388,201910중순,24501,대파(일반),1키로단,상,1503.25,1734.11111111111,1701.14285714285,1848.77777777777,1542.68981481481
389,201910하순,24501,대파(일반),1키로단,상,1576.8,1503.25,1683.875,1907.77777777777,1512.51111111111
390,201911상순,24501,대파(일반),1키로단,상,1468.0,1576.8,1734.11111111111,1852.44444444444,1504.18981481481
391,201911중순,24501,대파(일반),1키로단,상,1571.33333333333,1468.0,1503.25,1827.75,1637.625
392,201911하순,24501,대파(일반),1키로단,상,1425.33333333333,1571.33333333333,1576.8,1606.22222222222,1741.73148148148
393,201912상순,24501,대파(일반),1키로단,상,1494.25,1425.33333333333,1468.0,1827.375,1848.23611111111
394,201912중순,24501,대파(일반),1키로단,상,1333.0,1494.25,1571.33333333333,1530.66666666666,1631.10185185185
395,201912하순,24501,대파(일반),1키로단,상,1405.66666666666,1333.0,1425.33333333333,1412.0,1630.84444444444
396,202001상순,24501,대파(일반),1키로단,상,1406.28571428571,1405.66666666666,1494.25,1500.85714285714,1669.4365079365
397,202001중순,24501,대파(일반),1키로단,상,1084.625,1406.28571428571,1333.0,1188.5,1486.38888888888
398,202001하순,24501,대파(일반),1키로단,상,926.375,1084.625,1405.66666666666,1170.7,1692.84444444444
399,202002상순,24501,대파(일반),1키로단,상,1106.125,926.375,1406.28571428571,1156.4,2000.625
400,202002중순,24501,대파(일반),1키로단,상,924.555555555555,1106.125,1084.625,1170.33333333333,1746.77182539682
401,202002하순,24501,대파(일반),1키로단,상,922.125,924.555555555555,926.375,953.142857142857,1785.41269841269
402,202003상순,24501,대파(일반),1키로단,상,807.375,922.125,1106.125,914.375,1711.01851851851
403,202003중순,24501,대파(일반),1키로단,상,788.0,807.375,924.555555555555,851.222222222222,1605.66666666666
404,202003하순,24501,대파(일반),1키로단,상,766.111111111111,788.0,922.125,698.444444444444,1445.88888888888
405,202004상순,24501,대파(일반),1키로단,상,823.333333333333,766.111111111111,807.375,842.111111111111,1449.74537037037
406,202004중순,24501,대파(일반),1키로단,상,905.375,823.333333333333,788.0,829.666666666666,1262.55092592592
407,202004하순,24501,대파(일반),1키로단,상,1138.22222222222,905.375,766.111111111111,894.625,1293.62037037037
408,202005상순,24501,대파(일반),1키로단,상,1324.875,1138.22222222222,823.333333333333,1187.22222222222,1481.23611111111
409,202005중순,24501,대파(일반),1키로단,상,1449.11111111111,1324.875,905.375,1414.375,1484.97685185185
410,202005하순,24501,대파(일반),1키로단,상,1503.0,1449.11111111111,1138.22222222222,1718.9,1627.51111111111
411,202006상순,24501,대파(일반),1키로단,상,1363.88888888888,1503.0,1324.875,1756.125,1502.96759259259
412,202006중순,24501,대파(일반),1키로단,상,1622.88888888888,1363.88888888888,1449.11111111111,1439.77777777777,1322.13888888888
413,202006하순,24501,대파(일반),1키로단,상,1555.0,1622.88888888888,1503.0,1370.875,1310.77314814814
414,202007상순,24501,대파(일반),1키로단,상,1448.22222222222,1555.0,1363.88888888888,1561.66666666666,1413.34722222222
415,202007중순,24501,대파(일반),1키로단,상,1758.0,1448.22222222222,1622.88888888888,1563.55555555555,1351.18518518518
416,202007하순,24501,대파(일반),1키로단,상,1718.3,1758.0,1555.0,1582.88888888888,1518.07407407407
417,202008상순,24501,대파(일반),1키로단,상,2950.85714285714,1718.3,1448.22222222222,1908.625,1801.70833333333
418,202008중순,24501,대파(일반),1키로단,상,2571.66666666666,2950.85714285714,1758.0,1623.625,1746.54629629629
419,202008하순,24501,대파(일반),1키로단,상,2312.44444444444,2571.66666666666,1718.3,1334.9,1983.42592592592
420,202009상순,24501,대파(일반),1키로단,상,2712.77777777777,2312.44444444444,2950.85714285714,1732.0,1824.9074074074
421,202009중순,24501,대파(일반),1키로단,상,2425.875,2712.77777777777,2571.66666666666,1701.14285714285,1928.11574074074
422,202009하순,24501,대파(일반),1키로단,상,2661.0,2425.875,2312.44444444444,1683.875,1824.77843915343
423,202010상순,24501,대파(일반),1키로단,상,2905.0,2661.0,2712.77777777777,1734.11111111111,2004.43055555555
424,202010중순,24501,대파(일반),1키로단,상,2530.5,2905.0,2425.875,1503.25,1608.21759259259
425,202010하순,24501,대파(일반),1키로단,상,2776.7,2530.5,2661.0,1576.8,1635.59259259259
426,202011상순,24501,대파(일반),1키로단,상,2771.125,2776.7,2905.0,1468.0,1620.18981481481
427,202011중순,24501,대파(일반),1키로단,상,2803.66666666666,2771.125,2530.5,1571.33333333333,1722.36111111111
428,202011하순,24501,대파(일반),1키로단,상,2259.25,2803.66666666666,2776.7,1425.33333333333,1741.73148148148
429,202012상순,24501,대파(일반),1키로단,상,1782.88888888888,2259.25,2771.125,1494.25,1828.78703703703
430,202012중순,24501,대파(일반),1키로단,상,1913.375,1782.88888888888,2803.66666666666,1333.0,1631.10185185185
431,202012하순,24501,대파(일반),1키로단,상,1782.9,1913.375,2259.25,1405.66666666666,1630.84444444444
432,202101상순,24501,대파(일반),1키로단,상,2759.5,1782.9,1782.88888888888,1406.28571428571,1669.4365079365
433,202101중순,24501,대파(일반),1키로단,상,3285.33333333333,2759.5,1913.375,1084.625,1486.38888888888
434,202101하순,24501,대파(일반),1키로단,상,3452.22222222222,3285.33333333333,1782.9,926.375,1692.84444444444
435,202102상순,24501,대파(일반),1키로단,상,4306.55555555555,3452.22222222222,2759.5,1106.125,1935.46666666666
436,202102중순,24501,대파(일반),1키로단,상,4670.14285714285,4306.55555555555,3285.33333333333,924.555555555555,1609.93055555555
437,202102하순,24501,대파(일반),1키로단,상,5488.83333333333,4670.14285714285,3452.22222222222,922.125,1562.23809523809
438,202103상순,24501,대파(일반),1키로단,상,5175.88888888888,5488.83333333333,4306.55555555555,807.375,1555.97685185185
439,202103중순,24501,대파(일반),1키로단,상,4386.22222222222,5175.88888888888,4670.14285714285,788.0,1441.4074074074
440,202103하순,24501,대파(일반),1키로단,상,4440.88888888888,4386.22222222222,5488.83333333333,766.111111111111,1310.37037037037
441,202104상순,24501,대파(일반),1키로단,상,4296.22222222222,4440.88888888888,5175.88888888888,823.333333333333,1261.41203703703
442,202104중순,24501,대파(일반),1키로단,상,4370.0,4296.22222222222,4386.22222222222,905.375,1087.71759259259
443,202104하순,24501,대파(일반),1키로단,상,3715.22222222222,4370.0,4440.88888888888,1138.22222222222,1134.6574074074
444,202105상순,24501,대파(일반),1키로단,상,3749.0,3715.22222222222,4296.22222222222,1324.875,1367.73611111111
445,202105중순,24501,대파(일반),1키로단,상,2249.44444444444,3749.0,4370.0,1449.11111111111,1414.79166666666
446,202105하순,24501,대파(일반),1키로단,상,1445.55555555555,2249.44444444444,3715.22222222222,1503.0,1535.73333333333
447,202106상순,24501,대파(일반),1키로단,상,1183.11111111111,1445.55555555555,3749.0,1363.88888888888,1372.22222222222
448,202106중순,24501,대파(일반),1키로단,상,1052.75,1183.11111111111,2249.44444444444,1622.88888888888,1322.13888888888
449,202106하순,24501,대파(일반),1키로단,상,850.333333333333,1052.75,1445.55555555555,1555.0,1310.77314814814
450,202107상순,24501,대파(일반),1키로단,상,1022.22222222222,850.333333333333,1183.11111111111,1448.22222222222,1375.5324074074
451,202107중순,24501,대파(일반),1키로단,상,884.375,1022.22222222222,1052.75,1758.0,1351.18518518518
452,202107하순,24501,대파(일반),1키로단,상,844.3,884.375,850.333333333333,1718.3,1518.07407407407
453,202108상순,24501,대파(일반),1키로단,상,1382.28571428571,844.3,1022.22222222222,2950.85714285714,1801.70833333333
454,202108중순,24501,대파(일반),1키로단,상,1165.11111111111,1382.28571428571,884.375,2571.66666666666,1849.0
455,202108하순,24501,대파(일반),1키로단,상,1342.22222222222,1165.11111111111,844.3,2312.44444444444,2075.68518518518
456,202109상순,24501,대파(일반),1키로단,상,1490.33333333333,1342.22222222222,1382.28571428571,2712.77777777777,2138.64814814814
457,202109중순,24501,대파(일반),1키로단,상,1849.71428571428,1490.33333333333,1165.11111111111,2425.875,2138.0324074074
458,202109하순,24501,대파(일반),1키로단,상,1274.16666666666,1849.71428571428,1342.22222222222,2661.0,2119.58796296296
459,202110상순,24501,대파(일반),1키로단,상,1316.375,1274.16666666666,1490.33333333333,2905.0,2339.35648148148
460,202110중순,24501,대파(일반),1키로단,상,1427.55555555555,1316.375,1849.71428571428,2530.5,1755.1574074074
461,202110하순,24501,대파(일반),1키로단,상,1601.33333333333,1427.55555555555,1274.16666666666,2776.7,1850.04444444444
462,202111상순,24501,대파(일반),1키로단,상,1582.77777777777,1601.33333333333,1316.375,2771.125,1818.11111111111
463,202111중순,24501,대파(일반),1키로단,상,1754.22222222222,1582.77777777777,1427.55555555555,2803.66666666666,1934.81944444444
464,202111하순,24501,대파(일반),1키로단,상,1460.25,1754.22222222222,1601.33333333333,2259.25,1774.89814814814
465,202112상순,24501,대파(일반),1키로단,상,1619.0,1460.25,1582.77777777777,1782.88888888888,1728.37962962962
466,202112중순,24501,대파(일반),1키로단,상,1217.125,1619.0,1754.22222222222,1913.375,1677.64351851851
467,202112하순,24501,대파(일반),1키로단,상,1322.2,1217.125,1460.25,1782.9,1581.41111111111
468,202201상순,24501,대파(일반),1키로단,상,1246.57142857142,1322.2,1619.0,2759.5,1761.57142857142
469,202201중순,24501,대파(일반),1키로단,상,1278.22222222222,1246.57142857142,1217.125,3285.33333333333,1581.87037037037
470,202201하순,24501,대파(일반),1키로단,상,1416.25,1278.22222222222,1322.2,3452.22222222222,1692.84444444444
471,202202상순,24501,대파(일반),1키로단,상,1214.5,1416.25,1246.57142857142,4306.55555555555,1935.46666666666
472,202202중순,24501,대파(일반),1키로단,상,1222.625,1214.5,1278.22222222222,4670.14285714285,1609.93055555555
473,202202하순,24501,대파(일반),1키로단,상,1412.28571428571,1222.625,1416.25,5488.83333333333,1581.7619047619
474,202203상순,24501,대파(일반),1키로단,상,1747.66666666666,1412.28571428571,1214.5,5175.88888888888,1738.75462962962
475,202203중순,24501,대파(일반),1키로단,상,1501.25,1747.66666666666,1222.625,4386.22222222222,1556.57407407407
476,202203하순,24501,대파(일반),1키로단,상,1309.8,1501.25,1412.28571428571,4440.88888888888,1454.37037037037
477,202204상순,24501,대파(일반),1키로단,상,1129.375,1309.8,1747.66666666666,4296.22222222222,1292.91203703703
478,202204중순,24501,대파(일반),1키로단,상,1140.55555555555,1129.375,1501.25,4370.0,1087.71759259259
479,202204하순,24501,대파(일반),1키로단,상,1168.33333333333,1140.55555555555,1309.8,3715.22222222222,1134.6574074074
480,202205상순,24501,대파(일반),1키로단,상,1409.25,1168.33333333333,1129.375,3749.0,1367.73611111111
481,202205중순,24501,대파(일반),1키로단,상,1325.33333333333,1409.25,1140.55555555555,2249.44444444444,1414.79166666666
482,202205하순,24501,대파(일반),1키로단,상,1557.22222222222,1325.33333333333,1168.33333333333,1445.55555555555,1444.61851851851
483,202206상순,24501,대파(일반),1키로단,상,1563.33333333333,1557.22222222222,1409.25,1183.11111111111,1279.25925925925
484,202206중순,24501,대파(일반),1키로단,상,1429.75,1563.33333333333,1325.33333333333,1052.75,1239.76388888888
485,202206하순,24501,대파(일반),1키로단,상,1620.88888888888,1429.75,1557.22222222222,850.333333333333,1206.06944444444
486,202207상순,24501,대파(일반),1키로단,상,1765.125,1620.88888888888,1563.33333333333,1022.22222222222,1281.86574074074
487,202207중순,24501,대파(일반),1키로단,상,1938.88888888888,1765.125,1429.75,884.375,1351.18518518518
488,202207하순,24501,대파(일반),1키로단,상,1698.77777777777,1938.88888888888,1620.88888888888,844.3,1518.07407407407
489,202208상순,24501,대파(일반),1키로단,상,2197.55555555555,1698.77777777777,1765.125,1382.28571428571,1801.70833333333
490,202208중순,24501,대파(일반),1키로단,상,2024.55555555555,2197.55555555555,1938.88888888888,1165.11111111111,1849.0
491,202208하순,24501,대파(일반),1키로단,상,1631.22222222222,2024.55555555555,1698.77777777777,1342.22222222222,1927.72222222222
492,202209상순,24501,대파(일반),1키로단,상,2060.75,1631.22222222222,2197.55555555555,1490.33333333333,2081.09259259259
493,202209중순,24501,대파(일반),1키로단,상,1660.28571428571,2060.75,2024.55555555555,1849.71428571428,2035.93716931216
494,202209하순,24501,대파(일반),1키로단,상,1694.66666666666,1660.28571428571,1631.22222222222,1274.16666666666,2003.47685185185
495,202210상순,24501,대파(일반),1키로단,상,2097.375,1694.66666666666,2060.75,1316.375,2229.51851851851
496,202210중순,24501,대파(일반),1키로단,상,1736.11111111111,2097.375,1660.28571428571,1427.55555555555,1593.19444444444
497,202210하순,24501,대파(일반),1키로단,상,1709.11111111111,1736.11111111111,1694.66666666666,1601.33333333333,1695.3037037037
498,202211상순,24501,대파(일반),1키로단,상,1867.22222222222,1709.11111111111,2097.375,1582.77777777777,1634.4074074074
499,202211중순,24501,대파(일반),1키로단,상,1927.5,1867.22222222222,1736.11111111111,1754.22222222222,1717.76851851851
500,202211하순,24501,대파(일반),1키로단,상,1645.0,1927.5,1709.11111111111,1460.25,1508.56481481481
501,202212상순,24501,대파(일반),1키로단,상,1597.44444444444,1645.0,1867.22222222222,1619.0,1658.92129629629
502,202212중순,24501,대파(일반),1키로단,상,1782.375,1597.44444444444,1927.5,1217.125,1484.18518518518
503,202212하순,24501,대파(일반),1키로단,상,2045.2,1782.375,1645.0,1322.2,1455.66666666666
