,YYYYMMSOON,품목코드 ,품목명,품종코드 ,품종명,등급명,유통단계별 무게 ,유통단계별 단위 ,평균가격(원),전순 평균가격(원) PreVious SOON,전달 평균가격(원) PreVious MMonth,전년 평균가격(원) PreVious YeaR,평년 평균가격(원) Common Year SOON
0,201701상순,241.0,건고추,0.0,화건,상품,kg,30.0,286429.0,0.0,0.0,0.0,0.0
1,201701중순,241.0,건고추,0.0,화건,상품,kg,30.0,285000.0,0.0,0.0,0.0,0.0
2,201701하순,241.0,건고추,0.0,화건,상품,kg,30.0,285000.0,0.0,0.0,0.0,0.0
3,201702상순,241.0,건고추,0.0,화건,상품,kg,30.0,280000.0,0.0,0.0,0.0,0.0
4,201702중순,241.0,건고추,0.0,화건,상품,kg,30.0,280000.0,0.0,0.0,0.0,0.0
5,201702하순,241.0,건고추,0.0,화건,상품,kg,30.0,280000.0,0.0,0.0,0.0,0.0
6,201703상순,241.0,건고추,0.0,화건,상품,kg,30.0,283571.0,0.0,0.0,0.0,0.0
7,201703중순,241.0,건고추,0.0,화건,상품,kg,30.0,285000.0,0.0,0.0,0.0,0.0
8,201703하순,241.0,건고추,0.0,화건,상품,kg,30.0,285000.0,0.0,0.0,0.0,0.0
9,201704상순,241.0,건고추,0.0,화건,상품,kg,30.0,285000.0,0.0,0.0,0.0,0.0
10,201704중순,241.0,건고추,0.0,화건,상품,kg,30.0,280625.0,0.0,0.0,0.0,0.0
11,201704하순,241.0,건고추,0.0,화건,상품,kg,30.0,280000.0,0.0,0.0,0.0,0.0
12,201705상순,241.0,건고추,0.0,화건,상품,kg,30.0,280000.0,0.0,0.0,0.0,0.0
13,201705중순,241.0,건고추,0.0,화건,상품,kg,30.0,275286.0,0.0,0.0,0.0,0.0
14,201705하순,241.0,건고추,0.0,화건,상품,kg,30.0,273000.0,0.0,0.0,0.0,0.0
15,201706상순,241.0,건고추,0.0,화건,상품,kg,30.0,273000.0,0.0,0.0,0.0,0.0
16,201706중순,241.0,건고추,0.0,화건,상품,kg,30.0,285000.0,0.0,0.0,0.0,0.0
17,201706하순,241.0,건고추,0.0,화건,상품,kg,30.0,298563.0,0.0,0.0,0.0,0.0
18,201707상순,241.0,건고추,0.0,화건,상품,kg,30.0,307000.0,0.0,0.0,0.0,0.0
19,201707중순,241.0,건고추,0.0,화건,상품,kg,30.0,322000.0,0.0,0.0,0.0,0.0
20,201707하순,241.0,건고추,0.0,화건,상품,kg,30.0,338571.0,0.0,0.0,0.0,0.0
21,201708상순,241.0,건고추,0.0,화건,상품,kg,30.0,343750.0,0.0,0.0,0.0,0.0
22,201708중순,241.0,건고추,0.0,화건,상품,kg,30.0,343000.0,0.0,0.0,0.0,0.0
23,201708하순,241.0,건고추,0.0,화건,상품,kg,30.0,350533.0,0.0,0.0,0.0,0.0
24,201709상순,241.0,건고추,0.0,화건,상품,kg,30.0,541667.0,0.0,0.0,0.0,0.0
25,201709중순,241.0,건고추,0.0,화건,상품,kg,30.0,648750.0,0.0,0.0,0.0,0.0
26,201709하순,241.0,건고추,0.0,화건,상품,kg,30.0,680000.0,0.0,0.0,0.0,0.0
27,201710상순,241.0,건고추,0.0,화건,상품,kg,30.0,680000.0,0.0,0.0,0.0,0.0
28,201710중순,241.0,건고추,0.0,화건,상품,kg,30.0,688750.0,0.0,0.0,0.0,0.0
29,201710하순,241.0,건고추,0.0,화건,상품,kg,30.0,708571.0,0.0,0.0,0.0,0.0
30,201711상순,241.0,건고추,0.0,화건,상품,kg,30.0,663750.0,0.0,0.0,0.0,0.0
31,201711중순,241.0,건고추,0.0,화건,상품,kg,30.0,640833.0,0.0,0.0,0.0,0.0
32,201711하순,241.0,건고추,0.0,화건,상품,kg,30.0,640000.0,0.0,0.0,0.0,0.0
33,201712상순,241.0,건고추,0.0,화건,상품,kg,30.0,643000.0,0.0,0.0,0.0,0.0
34,201712중순,241.0,건고추,0.0,화건,상품,kg,30.0,620000.0,0.0,0.0,0.0,0.0
35,201712하순,241.0,건고추,0.0,화건,상품,kg,30.0,590833.0,0.0,0.0,0.0,0.0
36,201801상순,241.0,건고추,0.0,화건,상품,kg,30.0,590000.0,0.0,643000.0,286429.0,381666.666666666
37,201801중순,241.0,건고추,0.0,화건,상품,kg,30.0,590000.0,0.0,620000.0,285000.0,380809.666666666
38,201801하순,241.0,건고추,0.0,화건,상품,kg,30.0,590000.0,0.0,590833.0,285000.0,380000.0
39,201802상순,241.0,건고추,0.0,화건,상품,kg,30.0,590000.0,0.0,590000.0,280000.0,380000.0
40,201802중순,241.0,건고추,0.0,화건,상품,kg,30.0,590000.0,0.0,590000.0,280000.0,376666.666666666
41,201802하순,241.0,건고추,0.0,화건,상품,kg,30.0,580833.0,0.0,590000.0,280000.0,376666.666666666
42,201803상순,241.0,건고추,0.0,화건,상품,kg,30.0,563333.0,0.0,590000.0,283571.0,376666.666666666
43,201803중순,241.0,건고추,0.0,화건,상품,kg,30.0,575000.0,0.0,590000.0,285000.0,375208.333333333
44,201803하순,241.0,건고추,0.0,화건,상품,kg,30.0,575000.0,0.0,580833.0,285000.0,372333.333333333
45,201804상순,241.0,건고추,0.0,화건,상품,kg,30.0,575000.0,0.0,563333.0,285000.0,371000.0
46,201804중순,241.0,건고추,0.0,화건,상품,kg,30.0,575000.0,0.0,575000.0,280625.0,368143.0
47,201804하순,241.0,건고추,0.0,화건,상품,kg,30.0,575000.0,0.0,575000.0,280000.0,363762.0
48,201805상순,241.0,건고추,0.0,화건,상품,kg,30.0,575000.0,0.0,575000.0,280000.0,361619.0
49,201805중순,241.0,건고추,0.0,화건,상품,kg,30.0,575000.0,0.0,575000.0,275286.0,359333.333333333
50,201805하순,241.0,건고추,0.0,화건,상품,kg,30.0,575000.0,0.0,575000.0,273000.0,359333.333333333
51,201806상순,241.0,건고추,0.0,화건,상품,kg,30.0,591320.0,0.0,575000.0,273000.0,359666.666666666
52,201806중순,241.0,건고추,0.0,화건,상품,kg,30.0,599514.0,0.0,575000.0,285000.0,362458.333333333
53,201806하순,241.0,건고추,0.0,화건,상품,kg,30.0,600000.0,0.0,575000.0,298563.0,362666.666666666
54,201807상순,241.0,건고추,0.0,화건,상품,kg,30.0,600000.0,0.0,591320.0,307000.0,364333.333333333
55,201807중순,241.0,건고추,0.0,화건,상품,kg,30.0,599375.0,0.0,599514.0,322000.0,366166.666666666
56,201807하순,241.0,건고추,0.0,화건,상품,kg,30.0,590943.0,0.0,600000.0,338571.0,359792.333333333
57,201808상순,241.0,건고추,0.0,화건,상품,kg,30.0,601250.0,0.0,600000.0,343750.0,357631.0
58,201808중순,241.0,건고추,0.0,화건,상품,kg,30.0,605000.0,0.0,599375.0,343000.0,349952.333333333
59,201808하순,241.0,건고추,0.0,화건,상품,kg,30.0,600000.0,0.0,590943.0,350533.0,348927.666666666
60,201809상순,241.0,건고추,0.0,화건,상품,kg,30.0,771633.0,0.0,601250.0,541667.0,405678.666666666
61,201809중순,241.0,건고추,0.0,화건,상품,kg,30.0,670800.0,0.0,605000.0,648750.0,399555.666666666
62,201809하순,241.0,건고추,0.0,화건,상품,kg,30.0,651067.0,0.0,600000.0,680000.0,401381.0
63,201810상순,241.0,건고추,0.0,화건,상품,kg,30.0,628017.0,0.0,771633.0,680000.0,398889.0
64,201810중순,241.0,건고추,0.0,화건,상품,kg,30.0,616000.0,0.0,670800.0,688750.0,396270.0
65,201810하순,241.0,건고추,0.0,화건,상품,kg,30.0,608500.0,0.0,651067.0,708571.0,394333.333333333
66,201811상순,241.0,건고추,0.0,화건,상품,kg,30.0,593857.0,0.0,628017.0,663750.0,392666.666666666
67,201811중순,241.0,건고추,0.0,화건,상품,kg,30.0,586000.0,0.0,616000.0,640833.0,391208.333333333
68,201811하순,241.0,건고추,0.0,화건,상품,kg,30.0,588500.0,0.0,608500.0,640000.0,391000.0
69,201812상순,241.0,건고추,0.0,화건,상품,kg,30.0,599000.0,0.0,593857.0,643000.0,390285.666666666
70,201812중순,241.0,건고추,0.0,화건,상품,kg,30.0,601000.0,0.0,586000.0,620000.0,386254.0
71,201812하순,241.0,건고추,0.0,화건,상품,kg,30.0,601000.0,0.0,588500.0,590833.0,383750.0
72,201901상순,241.0,건고추,0.0,화건,상품,kg,30.0,598357.0,0.0,599000.0,590000.0,381666.666666666
73,201901중순,241.0,건고추,0.0,화건,상품,kg,30.0,593950.0,0.0,601000.0,590000.0,380809.666666666
74,201901하순,241.0,건고추,0.0,화건,상품,kg,30.0,581378.0,0.0,601000.0,590000.0,380000.0
75,201902상순,241.0,건고추,0.0,화건,상품,kg,30.0,578600.0,0.0,598357.0,590000.0,380000.0
76,201902중순,241.0,건고추,0.0,화건,상품,kg,30.0,581725.0,0.0,593950.0,590000.0,376666.666666666
77,201902하순,241.0,건고추,0.0,화건,상품,kg,30.0,588600.0,0.0,581378.0,580833.0,376666.666666666
78,201903상순,241.0,건고추,0.0,화건,상품,kg,30.0,588600.0,0.0,578600.0,563333.0,376666.666666666
79,201903중순,241.0,건고추,0.0,화건,상품,kg,30.0,588600.0,0.0,581725.0,575000.0,375208.333333333
80,201903하순,241.0,건고추,0.0,화건,상품,kg,30.0,585743.0,0.0,588600.0,575000.0,372333.333333333
81,201904상순,241.0,건고추,0.0,화건,상품,kg,30.0,578600.0,0.0,588600.0,575000.0,371000.0
82,201904중순,241.0,건고추,0.0,화건,상품,kg,30.0,577171.0,0.0,588600.0,575000.0,368143.0
83,201904하순,241.0,건고추,0.0,화건,상품,kg,30.0,573600.0,0.0,585743.0,575000.0,363762.0
84,201905상순,241.0,건고추,0.0,화건,상품,kg,30.0,573600.0,0.0,578600.0,575000.0,363000.0
85,201905중순,241.0,건고추,0.0,화건,상품,kg,30.0,573600.0,0.0,577171.0,575000.0,361666.666666666
86,201905하순,241.0,건고추,0.0,화건,상품,kg,30.0,573044.0,0.0,573600.0,575000.0,361666.666666666
87,201906상순,241.0,건고추,0.0,화건,상품,kg,30.0,568600.0,0.0,573600.0,591320.0,362000.0
88,201906중순,241.0,건고추,0.0,화건,상품,kg,30.0,567975.0,0.0,573600.0,599514.0,364791.666666666
89,201906하순,241.0,건고추,0.0,화건,상품,kg,30.0,563600.0,0.0,573044.0,600000.0,365000.0
90,201907상순,241.0,건고추,0.0,화건,상품,kg,30.0,561350.0,0.0,568600.0,600000.0,366666.666666666
91,201907중순,241.0,건고추,0.0,화건,상품,kg,30.0,560600.0,0.0,567975.0,599375.0,368500.0
92,201907하순,241.0,건고추,0.0,화건,상품,kg,30.0,559350.0,0.0,563600.0,590943.0,363375.666666666
93,201908상순,241.0,건고추,0.0,화건,상품,kg,30.0,538743.0,0.0,561350.0,601250.0,365916.666666666
94,201908중순,241.0,건고추,0.0,화건,상품,kg,30.0,516733.0,0.0,560600.0,605000.0,366476.0
95,201908하순,241.0,건고추,0.0,화건,상품,kg,30.0,493366.5,0.0,549671.5,688316.5,418140.833333333
96,201909상순,241.0,건고추,0.0,화건,상품,kg,30.0,470000.0,0.0,538743.0,771633.0,469805.666666666
97,201909중순,241.0,건고추,0.0,화건,상품,kg,30.0,470000.0,0.0,516733.0,670800.0,500805.666666666
98,201909하순,241.0,건고추,0.0,화건,상품,kg,30.0,460000.0,0.0,0.0,651067.0,503403.333333333
99,201910상순,241.0,건고추,0.0,화건,상품,kg,30.0,430000.0,0.0,470000.0,628017.0,493228.0
100,201910중순,241.0,건고추,0.0,화건,상품,kg,30.0,430000.0,0.0,470000.0,616000.0,486603.333333333
101,201910하순,241.0,건고추,0.0,화건,상품,kg,30.0,431111.0,0.0,460000.0,608500.0,482537.0
102,201911상순,241.0,건고추,0.0,화건,상품,kg,30.0,432000.0,0.0,430000.0,593857.0,477285.666666666
103,201911중순,241.0,건고추,0.0,화건,상품,kg,30.0,432000.0,0.0,430000.0,586000.0,473208.333333333
104,201911하순,241.0,건고추,0.0,화건,상품,kg,30.0,433714.0,0.0,431111.0,588500.0,473833.333333333
105,201912상순,241.0,건고추,0.0,화건,상품,kg,30.0,435000.0,0.0,432000.0,599000.0,476619.0
106,201912중순,241.0,건고추,0.0,화건,상품,kg,30.0,435000.0,0.0,432000.0,601000.0,473254.0
107,201912하순,241.0,건고추,0.0,화건,상품,kg,30.0,429833.0,0.0,433714.0,601000.0,467361.0
108,202001상순,241.0,건고추,0.0,화건,상품,kg,30.0,401429.0,0.0,435000.0,598357.0,465000.0
109,202001중순,241.0,건고추,0.0,화건,상품,kg,30.0,400000.0,0.0,435000.0,593950.0,464143.0
110,202001하순,241.0,건고추,0.0,화건,상품,kg,30.0,398857.0,0.0,429833.0,581378.0,460459.333333333
111,202002상순,241.0,건고추,0.0,화건,상품,kg,30.0,396000.0,0.0,401429.0,578600.0,459533.333333333
112,202002중순,241.0,건고추,0.0,화건,상품,kg,30.0,396000.0,0.0,400000.0,581725.0,460575.0
113,202002하순,241.0,건고추,0.0,화건,상품,kg,30.0,401250.0,0.0,398857.0,588600.0,460277.666666666
114,202003상순,241.0,건고추,0.0,화건,상품,kg,30.0,399750.0,0.0,396000.0,588600.0,454444.333333333
115,202003중순,241.0,건고추,0.0,화건,상품,kg,30.0,399125.0,0.0,396000.0,588600.0,458333.333333333
116,202003하순,241.0,건고추,0.0,화건,상품,kg,30.0,403857.0,0.0,401250.0,585743.0,455666.666666666
117,202004상순,241.0,건고추,0.0,화건,상품,kg,30.0,406000.0,0.0,399750.0,578600.0,454333.333333333
118,202004중순,241.0,건고추,0.0,화건,상품,kg,30.0,406000.0,0.0,399125.0,577171.0,451476.333333333
119,202004하순,241.0,건고추,0.0,화건,상품,kg,30.0,406000.0,0.0,403857.0,573600.0,448295.333333333
120,202005상순,241.0,건고추,0.0,화건,상품,kg,30.0,406000.0,0.0,406000.0,573600.0,447533.333333333
121,202005중순,241.0,건고추,0.0,화건,상품,kg,30.0,406375.0,0.0,406000.0,573600.0,446200.0
122,202005하순,241.0,건고추,0.0,화건,상품,kg,30.0,409000.0,0.0,406000.0,573044.0,446014.666666666
123,202006상순,241.0,건고추,0.0,화건,상품,kg,30.0,428125.0,0.0,406000.0,568600.0,444533.333333333
124,202006중순,241.0,건고추,0.0,화건,상품,kg,30.0,446714.0,0.0,406375.0,567975.0,444325.0
125,202006하순,241.0,건고추,0.0,화건,상품,kg,30.0,453457.0,0.0,409000.0,563600.0,442866.666666666
126,202007상순,241.0,건고추,0.0,화건,상품,kg,30.0,451600.0,0.0,428125.0,561350.0,442116.666666666
127,202007중순,241.0,건고추,0.0,화건,상품,kg,30.0,451933.0,0.0,446714.0,560600.0,439366.666666666
128,202007하순,241.0,건고추,0.0,화건,상품,kg,30.0,453933.0,0.0,453457.0,559350.0,435973.666666666
129,202008상순,241.0,건고추,0.0,화건,상품,kg,30.0,472233.0,0.0,451600.0,538743.0,430831.0
130,202008중순,241.0,건고추,0.0,화건,상품,kg,30.0,656571.0,0.0,451933.0,516733.0,422768.0
131,202008하순,241.0,건고추,0.0,화건,상품,kg,30.0,703571.0,0.0,453933.0,0.0,0.0
132,202009상순,241.0,건고추,0.0,화건,상품,kg,30.0,905650.0,0.0,472233.0,470000.0,476805.666666666
133,202009중순,241.0,건고추,0.0,화건,상품,kg,30.0,890800.0,0.0,656571.0,470000.0,511250.0
134,202009하순,241.0,건고추,0.0,화건,상품,kg,30.0,815114.0,0.0,703571.0,460000.0,508689.0
135,202010상순,241.0,건고추,0.0,화건,상품,kg,30.0,806000.0,0.0,905650.0,430000.0,490894.666666666
136,202010중순,241.0,건고추,0.0,화건,상품,kg,30.0,807057.0,0.0,890800.0,430000.0,485381.0
137,202010하순,241.0,건고추,0.0,화건,상품,kg,30.0,819750.0,0.0,815114.0,431111.0,482537.0
138,202011상순,241.0,건고추,0.0,화건,상품,kg,30.0,830629.0,0.0,806000.0,432000.0,477952.333333333
139,202011중순,241.0,건고추,0.0,화건,상품,kg,30.0,825750.0,0.0,807057.0,432000.0,473875.0
140,202011하순,241.0,건고추,0.0,화건,상품,kg,30.0,816467.0,0.0,819750.0,433714.0,475071.333333333
141,202012상순,241.0,건고추,0.0,화건,상품,kg,30.0,810371.0,0.0,830629.0,435000.0,479000.0
142,202012중순,241.0,건고추,0.0,화건,상품,kg,30.0,797800.0,0.0,825750.0,435000.0,479111.0
143,202012하순,241.0,건고추,0.0,화건,상품,kg,30.0,778150.0,0.0,816467.0,429833.0,472305.333333333
144,202101상순,241.0,건고추,0.0,화건,상품,kg,30.0,770400.0,0.0,810371.0,401429.0,460476.333333333
145,202101중순,241.0,건고추,0.0,화건,상품,kg,30.0,770400.0,0.0,797800.0,400000.0,460333.333333333
146,202101하순,241.0,건고추,0.0,화건,상품,kg,30.0,770400.0,0.0,778150.0,398857.0,456745.0
147,202102상순,241.0,건고추,0.0,화건,상품,kg,30.0,770400.0,0.0,770400.0,396000.0,454866.666666666
148,202102중순,241.0,건고추,0.0,화건,상품,kg,30.0,770400.0,0.0,770400.0,396000.0,455908.333333333
149,202102하순,241.0,건고추,0.0,화건,상품,kg,30.0,770400.0,0.0,770400.0,401250.0,457361.0
150,202103상순,241.0,건고추,0.0,화건,상품,kg,30.0,769686.0,0.0,770400.0,399750.0,451027.666666666
151,202103중순,241.0,건고추,0.0,화건,상품,kg,30.0,764029.0,0.0,770400.0,399125.0,454708.333333333
152,202103하순,241.0,건고추,0.0,화건,상품,kg,30.0,764000.0,0.0,770400.0,403857.0,453619.0
153,202104상순,241.0,건고추,0.0,화건,상품,kg,30.0,767800.0,0.0,769686.0,406000.0,453000.0
154,202104중순,241.0,건고추,0.0,화건,상품,kg,30.0,767800.0,0.0,764029.0,406000.0,450143.0
155,202104하순,241.0,건고추,0.0,화건,상품,kg,30.0,767800.0,0.0,764000.0,406000.0,446962.0
156,202105상순,241.0,건고추,0.0,화건,상품,kg,30.0,767800.0,0.0,767800.0,406000.0,446200.0
157,202105중순,241.0,건고추,0.0,화건,상품,kg,30.0,767800.0,0.0,767800.0,406375.0,444991.666666666
158,202105하순,241.0,건고추,0.0,화건,상품,kg,30.0,767800.0,0.0,767800.0,409000.0,445681.333333333
159,202106상순,241.0,건고추,0.0,화건,상품,kg,30.0,767800.0,0.0,767800.0,428125.0,450575.0
160,202106중순,241.0,건고추,0.0,화건,상품,kg,30.0,771133.0,0.0,767800.0,446714.0,456563.0
161,202106하순,241.0,건고추,0.0,화건,상품,kg,30.0,772800.0,0.0,767800.0,453457.0,457352.333333333
162,202107상순,241.0,건고추,0.0,화건,상품,kg,30.0,772800.0,0.0,767800.0,451600.0,455983.333333333
163,202107중순,241.0,건고추,0.0,화건,상품,kg,30.0,772800.0,0.0,771133.0,451933.0,453344.333333333
164,202107하순,241.0,건고추,0.0,화건,상품,kg,30.0,772800.0,0.0,772800.0,453933.0,450618.0
165,202108상순,241.0,건고추,0.0,화건,상품,kg,30.0,759943.0,0.0,772800.0,472233.0,451575.333333333
166,202108중순,241.0,건고추,0.0,화건,상품,kg,30.0,732243.0,0.0,772800.0,656571.0,488244.333333333
167,202108하순,241.0,건고추,0.0,화건,상품,kg,30.0,602000.0,0.0,772800.0,703571.0,0.0
168,202109상순,241.0,건고추,0.0,화건,상품,kg,30.0,599813.0,0.0,759943.0,905650.0,594433.333333333
169,202109중순,241.0,건고추,0.0,화건,상품,kg,30.0,587000.0,0.0,732243.0,890800.0,596516.666666666
170,202109하순,241.0,건고추,0.0,화건,상품,kg,30.0,580750.0,0.0,602000.0,815114.0,597022.333333333
171,202110상순,241.0,건고추,0.0,화건,상품,kg,30.0,578400.0,0.0,599813.0,806000.0,579339.0
172,202110중순,241.0,건고추,0.0,화건,상품,kg,30.0,562714.0,0.0,587000.0,807057.0,578250.0
173,202110하순,241.0,건고추,0.0,화건,상품,kg,30.0,558000.0,0.0,580750.0,819750.0,582727.333333333
174,202111상순,241.0,건고추,0.0,화건,상품,kg,30.0,558000.0,0.0,578400.0,830629.0,563202.333333333
175,202111중순,241.0,건고추,0.0,화건,상품,kg,30.0,558000.0,0.0,562714.0,825750.0,552944.333333333
176,202111하순,241.0,건고추,0.0,화건,상품,kg,30.0,565143.0,0.0,558000.0,816467.0,554071.333333333
177,202112상순,241.0,건고추,0.0,화건,상품,kg,30.0,570500.0,0.0,558000.0,810371.0,559000.0
178,202112중순,241.0,건고추,0.0,화건,상품,kg,30.0,570500.0,0.0,558000.0,797800.0,552000.0
179,202112하순,241.0,건고추,0.0,화건,상품,kg,30.0,560778.0,0.0,565143.0,778150.0,540555.333333333
180,202201상순,241.0,건고추,0.0,화건,상품,kg,30.0,558000.0,0.0,570500.0,770400.0,529928.666666666
181,202201중순,241.0,건고추,0.0,화건,상품,kg,30.0,558000.0,0.0,570500.0,770400.0,527983.333333333
182,202201하순,241.0,건고추,0.0,화건,상품,kg,30.0,558000.0,0.0,560778.0,770400.0,523411.666666666
183,202202상순,241.0,건고추,0.0,화건,상품,kg,30.0,558000.0,0.0,558000.0,770400.0,521533.333333333
184,202202중순,241.0,건고추,0.0,화건,상품,kg,30.0,558000.0,0.0,558000.0,770400.0,522575.0
185,202202하순,241.0,건고추,0.0,화건,상품,kg,30.0,545500.0,0.0,558000.0,770400.0,523561.0
186,202203상순,241.0,건고추,0.0,화건,상품,kg,30.0,543000.0,0.0,558000.0,769686.0,517227.666666666
187,202203중순,241.0,건고추,0.0,화건,상품,kg,30.0,543000.0,0.0,558000.0,764029.0,520908.333333333
188,202203하순,241.0,건고추,0.0,화건,상품,kg,30.0,543000.0,0.0,545500.0,764000.0,521533.333333333
189,202204상순,241.0,건고추,0.0,화건,상품,kg,30.0,543000.0,0.0,543000.0,767800.0,519866.666666666
190,202204중순,241.0,건고추,0.0,화건,상품,kg,30.0,543000.0,0.0,543000.0,767800.0,519390.333333333
191,202204하순,241.0,건고추,0.0,화건,상품,kg,30.0,543000.0,0.0,543000.0,767800.0,518200.0
192,202205상순,241.0,건고추,0.0,화건,상품,kg,30.0,543000.0,0.0,543000.0,767800.0,518200.0
193,202205중순,241.0,건고추,0.0,화건,상품,kg,30.0,543000.0,0.0,543000.0,767800.0,518325.0
194,202205하순,241.0,건고추,0.0,화건,상품,kg,30.0,543000.0,0.0,543000.0,767800.0,519014.666666666
195,202206상순,241.0,건고추,0.0,화건,상품,kg,30.0,543000.0,0.0,543000.0,767800.0,529348.333333333
196,202206중순,241.0,건고추,0.0,화건,상품,kg,30.0,543600.0,0.0,543000.0,771133.0,538067.666666666
197,202206하순,241.0,건고추,0.0,화건,상품,kg,30.0,543825.0,0.0,543000.0,772800.0,539019.0
198,202207상순,241.0,건고추,0.0,화건,상품,kg,30.0,550400.0,0.0,543000.0,772800.0,537650.0
199,202207중순,241.0,건고추,0.0,화건,상품,kg,30.0,552000.0,0.0,543600.0,772800.0,537302.666666666
200,202207하순,241.0,건고추,0.0,화건,상품,kg,30.0,555743.0,0.0,543825.0,772800.0,534742.0
201,202208상순,241.0,건고추,0.0,화건,상품,kg,30.0,559794.0,0.0,550400.0,759943.0,537408.666666666
202,202208중순,241.0,건고추,0.0,화건,상품,kg,30.0,578819.0,0.0,552000.0,732243.0,592768.0
203,202208하순,241.0,건고추,0.0,화건,상품,kg,30.0,579167.0,0.0,555743.0,602000.0,0.0
204,202209상순,241.0,건고추,0.0,화건,상품,kg,30.0,539583.0,0.0,559794.0,599813.0,637704.333333333
205,202209중순,241.0,건고추,0.0,화건,상품,kg,30.0,597600.0,0.0,578819.0,587000.0,635516.666666666
206,202209하순,241.0,건고추,0.0,화건,상품,kg,30.0,671225.0,0.0,579167.0,580750.0,637272.333333333
207,202210상순,241.0,건고추,0.0,화건,상품,kg,30.0,673700.0,0.0,539583.0,578400.0,628805.666666666
208,202210중순,241.0,건고추,0.0,화건,상품,kg,30.0,668475.0,0.0,597600.0,562714.0,622488.0
209,202210하순,241.0,건고추,0.0,화건,상품,kg,30.0,662657.0,0.0,671225.0,558000.0,625023.666666666
210,202211상순,241.0,건고추,0.0,화건,상품,kg,30.0,650325.0,0.0,673700.0,558000.0,605202.333333333
211,202211중순,241.0,건고추,0.0,화건,상품,kg,30.0,650267.0,0.0,668475.0,558000.0,594944.333333333
212,202211하순,241.0,건고추,0.0,화건,상품,kg,30.0,639100.0,0.0,662657.0,565143.0,597881.0
213,202212상순,241.0,건고추,0.0,화건,상품,kg,30.0,630600.0,0.0,650325.0,570500.0,604166.666666666
214,202212중순,241.0,건고추,0.0,화건,상품,kg,30.0,626400.0,0.0,650267.0,570500.0,597166.666666666
215,202212하순,241.0,건고추,0.0,화건,상품,kg,30.0,626400.0,0.0,639100.0,560778.0,584203.666666666
216,201701상순,214.0,상추,2.0,청,상품,g,100.0,657.0,0.0,0.0,0.0,0.0
217,201701중순,214.0,상추,2.0,청,상품,g,100.0,643.0,0.0,0.0,0.0,0.0
218,201701하순,214.0,상추,2.0,청,상품,g,100.0,658.0,0.0,0.0,0.0,0.0
219,201702상순,214.0,상추,2.0,청,상품,g,100.0,646.0,0.0,0.0,0.0,0.0
220,201702중순,214.0,상추,2.0,청,상품,g,100.0,594.0,0.0,0.0,0.0,0.0
221,201702하순,214.0,상추,2.0,청,상품,g,100.0,584.0,0.0,0.0,0.0,0.0
222,201703상순,214.0,상추,2.0,청,상품,g,100.0,577.0,0.0,0.0,0.0,0.0
223,201703중순,214.0,상추,2.0,청,상품,g,100.0,594.0,0.0,0.0,0.0,0.0
224,201703하순,214.0,상추,2.0,청,상품,g,100.0,579.0,0.0,0.0,0.0,0.0
225,201704상순,214.0,상추,2.0,청,상품,g,100.0,571.0,0.0,0.0,0.0,0.0
226,201704중순,214.0,상추,2.0,청,상품,g,100.0,564.0,0.0,0.0,0.0,0.0
227,201704하순,214.0,상추,2.0,청,상품,g,100.0,574.0,0.0,0.0,0.0,0.0
228,201705상순,214.0,상추,2.0,청,상품,g,100.0,578.0,0.0,0.0,0.0,0.0
229,201705중순,214.0,상추,2.0,청,상품,g,100.0,581.0,0.0,0.0,0.0,0.0
230,201705하순,214.0,상추,2.0,청,상품,g,100.0,596.0,0.0,0.0,0.0,0.0
231,201706상순,214.0,상추,2.0,청,상품,g,100.0,608.0,0.0,0.0,0.0,0.0
232,201706중순,214.0,상추,2.0,청,상품,g,100.0,624.0,0.0,0.0,0.0,0.0
233,201706하순,214.0,상추,2.0,청,상품,g,100.0,609.0,0.0,0.0,0.0,0.0
234,201707상순,214.0,상추,2.0,청,상품,g,100.0,660.0,0.0,0.0,0.0,0.0
235,201707중순,214.0,상추,2.0,청,상품,g,100.0,1180.0,0.0,0.0,0.0,0.0
236,201707하순,214.0,상추,2.0,청,상품,g,100.0,1633.0,0.0,0.0,0.0,0.0
237,201708상순,214.0,상추,2.0,청,상품,g,100.0,1694.0,0.0,0.0,0.0,0.0
238,201708중순,214.0,상추,2.0,청,상품,g,100.0,1668.0,0.0,0.0,0.0,0.0
239,201708하순,214.0,상추,2.0,청,상품,g,100.0,1638.0,0.0,0.0,0.0,0.0
240,201709상순,214.0,상추,2.0,청,상품,g,100.0,1561.0,0.0,0.0,0.0,0.0
241,201709중순,214.0,상추,2.0,청,상품,g,100.0,1288.0,0.0,0.0,0.0,0.0
242,201709하순,214.0,상추,2.0,청,상품,g,100.0,942.0,0.0,0.0,0.0,0.0
243,201710상순,214.0,상추,2.0,청,상품,g,100.0,798.0,0.0,0.0,0.0,0.0
244,201710중순,214.0,상추,2.0,청,상품,g,100.0,729.0,0.0,0.0,0.0,0.0
245,201710하순,214.0,상추,2.0,청,상품,g,100.0,697.0,0.0,0.0,0.0,0.0
246,201711상순,214.0,상추,2.0,청,상품,g,100.0,704.0,0.0,0.0,0.0,0.0
247,201711중순,214.0,상추,2.0,청,상품,g,100.0,686.0,0.0,0.0,0.0,0.0
248,201711하순,214.0,상추,2.0,청,상품,g,100.0,698.0,0.0,0.0,0.0,0.0
249,201712상순,214.0,상추,2.0,청,상품,g,100.0,693.0,0.0,0.0,0.0,0.0
250,201712중순,214.0,상추,2.0,청,상품,g,100.0,682.0,0.0,0.0,0.0,0.0
251,201712하순,214.0,상추,2.0,청,상품,g,100.0,796.0,0.0,0.0,0.0,0.0
252,201801상순,214.0,상추,2.0,청,상품,g,100.0,940.0,0.0,693.0,657.0,1034.66666666666
253,201801중순,214.0,상추,2.0,청,상품,g,100.0,981.0,0.0,682.0,643.0,921.666666666666
254,201801하순,214.0,상추,2.0,청,상품,g,100.0,983.0,0.0,796.0,658.0,850.0
255,201802상순,214.0,상추,2.0,청,상품,g,100.0,1009.0,0.0,940.0,646.0,850.0
256,201802중순,214.0,상추,2.0,청,상품,g,100.0,1022.0,0.0,981.0,594.0,844.666666666666
257,201802하순,214.0,상추,2.0,청,상품,g,100.0,918.0,0.0,983.0,584.0,727.0
258,201803상순,214.0,상추,2.0,청,상품,g,100.0,670.0,0.0,1009.0,577.0,629.666666666666
259,201803중순,214.0,상추,2.0,청,상품,g,100.0,627.0,0.0,1022.0,594.0,606.333333333333
260,201803하순,214.0,상추,2.0,청,상품,g,100.0,623.0,0.0,918.0,579.0,580.666666666666
261,201804상순,214.0,상추,2.0,청,상품,g,100.0,689.0,0.0,670.0,571.0,593.0
262,201804중순,214.0,상추,2.0,청,상품,g,100.0,676.0,0.0,627.0,564.0,617.0
263,201804하순,214.0,상추,2.0,청,상품,g,100.0,711.0,0.0,623.0,574.0,607.333333333333
264,201805상순,214.0,상추,2.0,청,상품,g,100.0,707.0,0.0,689.0,578.0,611.333333333333
265,201805중순,214.0,상추,2.0,청,상품,g,100.0,672.0,0.0,676.0,581.0,640.0
266,201805하순,214.0,상추,2.0,청,상품,g,100.0,698.0,0.0,711.0,596.0,610.333333333333
267,201806상순,214.0,상추,2.0,청,상품,g,100.0,741.0,0.0,707.0,608.0,607.666666666666
268,201806중순,214.0,상추,2.0,청,상품,g,100.0,699.0,0.0,672.0,624.0,622.333333333333
269,201806하순,214.0,상추,2.0,청,상품,g,100.0,664.0,0.0,698.0,609.0,631.333333333333
270,201807상순,214.0,상추,2.0,청,상품,g,100.0,700.0,0.0,741.0,660.0,673.666666666666
271,201807중순,214.0,상추,2.0,청,상품,g,100.0,1046.0,0.0,699.0,1180.0,956.333333333333
272,201807하순,214.0,상추,2.0,청,상품,g,100.0,977.0,0.0,664.0,1633.0,1141.66666666666
273,201808상순,214.0,상추,2.0,청,상품,g,100.0,969.0,0.0,700.0,1694.0,1162.66666666666
274,201808중순,214.0,상추,2.0,청,상품,g,100.0,1223.0,0.0,1046.0,1668.0,1157.66666666666
275,201808하순,214.0,상추,2.0,청,상품,g,100.0,1556.0,0.0,977.0,1638.0,1162.33333333333
276,201809상순,214.0,상추,2.0,청,상품,g,100.0,1908.0,0.0,969.0,1561.0,1239.33333333333
277,201809중순,214.0,상추,2.0,청,상품,g,100.0,2071.0,0.0,1223.0,1288.0,1181.33333333333
278,201809하순,214.0,상추,2.0,청,상품,g,100.0,1634.0,0.0,1556.0,942.0,958.333333333333
279,201810상순,214.0,상추,2.0,청,상품,g,100.0,1410.0,0.0,1908.0,798.0,842.0
280,201810중순,214.0,상추,2.0,청,상품,g,100.0,1037.0,0.0,2071.0,729.0,810.666666666666
281,201810하순,214.0,상추,2.0,청,상품,g,100.0,935.0,0.0,1634.0,697.0,814.333333333333
282,201811상순,214.0,상추,2.0,청,상품,g,100.0,831.0,0.0,1410.0,704.0,761.0
283,201811중순,214.0,상추,2.0,청,상품,g,100.0,759.0,0.0,1037.0,686.0,778.0
284,201811하순,214.0,상추,2.0,청,상품,g,100.0,744.0,0.0,935.0,698.0,777.666666666666
285,201812상순,214.0,상추,2.0,청,상품,g,100.0,721.0,0.0,831.0,693.0,724.333333333333
286,201812중순,214.0,상추,2.0,청,상품,g,100.0,711.0,0.0,759.0,682.0,748.666666666666
287,201812하순,214.0,상추,2.0,청,상품,g,100.0,730.0,0.0,744.0,796.0,905.666666666666
288,201901상순,214.0,상추,2.0,청,상품,g,100.0,760.0,0.0,721.0,940.0,974.333333333333
289,201901중순,214.0,상추,2.0,청,상품,g,100.0,772.0,0.0,711.0,981.0,904.666666666666
290,201901하순,214.0,상추,2.0,청,상품,g,100.0,761.0,0.0,730.0,983.0,853.666666666666
291,201902상순,214.0,상추,2.0,청,상품,g,100.0,767.0,0.0,760.0,1009.0,871.0
292,201902중순,214.0,상추,2.0,청,상품,g,100.0,736.0,0.0,772.0,1022.0,857.666666666666
293,201902하순,214.0,상추,2.0,청,상품,g,100.0,709.0,0.0,761.0,918.0,752.0
294,201903상순,214.0,상추,2.0,청,상품,g,100.0,710.0,0.0,767.0,670.0,638.666666666666
295,201903중순,214.0,상추,2.0,청,상품,g,100.0,716.0,0.0,736.0,627.0,614.333333333333
296,201903하순,214.0,상추,2.0,청,상품,g,100.0,715.0,0.0,709.0,623.0,595.333333333333
297,201904상순,214.0,상추,2.0,청,상품,g,100.0,723.0,0.0,710.0,689.0,612.666666666666
298,201904중순,214.0,상추,2.0,청,상품,g,100.0,739.0,0.0,716.0,676.0,617.0
299,201904하순,214.0,상추,2.0,청,상품,g,100.0,715.0,0.0,715.0,711.0,614.0
300,201905상순,214.0,상추,2.0,청,상품,g,100.0,767.0,0.0,723.0,707.0,629.333333333333
301,201905중순,214.0,상추,2.0,청,상품,g,100.0,861.0,0.0,739.0,672.0,661.333333333333
302,201905하순,214.0,상추,2.0,청,상품,g,100.0,803.0,0.0,715.0,698.0,638.333333333333
303,201906상순,214.0,상추,2.0,청,상품,g,100.0,766.0,0.0,767.0,741.0,628.666666666666
304,201906중순,214.0,상추,2.0,청,상품,g,100.0,708.0,0.0,861.0,699.0,644.0
305,201906하순,214.0,상추,2.0,청,상품,g,100.0,726.0,0.0,803.0,664.0,643.333333333333
306,201907상순,214.0,상추,2.0,청,상품,g,100.0,800.0,0.0,766.0,700.0,684.333333333333
307,201907중순,214.0,상추,2.0,청,상품,g,100.0,929.0,0.0,708.0,1046.0,985.666666666666
308,201907하순,214.0,상추,2.0,청,상품,g,100.0,950.0,0.0,726.0,977.0,997.0
309,201908상순,214.0,상추,2.0,청,상품,g,100.0,1549.0,0.0,800.0,969.0,1035.66666666666
310,201908중순,214.0,상추,2.0,청,상품,g,100.0,1675.0,0.0,929.0,1223.0,1156.66666666666
311,201908하순,214.0,상추,2.0,청,상품,g,100.0,1339.0,0.0,950.0,1556.0,1296.0
312,201909상순,214.0,상추,2.0,청,상품,g,100.0,1225.0,0.0,1549.0,1908.0,1417.0
313,201909중순,214.0,상추,2.0,청,상품,g,100.0,1339.0,0.0,1675.0,2071.0,1305.0
314,201909하순,214.0,상추,2.0,청,상품,g,100.0,1518.0,0.0,1339.0,1634.0,1004.66666666666
315,201910상순,214.0,상추,2.0,청,상품,g,100.0,1469.0,0.0,1225.0,1410.0,902.666666666666
316,201910중순,214.0,상추,2.0,청,상품,g,100.0,1689.0,0.0,1339.0,1037.0,837.666666666666
317,201910하순,214.0,상추,2.0,청,상품,g,100.0,1530.0,0.0,1518.0,935.0,797.0
318,201911상순,214.0,상추,2.0,청,상품,g,100.0,1219.0,0.0,1469.0,831.0,746.0
319,201911중순,214.0,상추,2.0,청,상품,g,100.0,1047.0,0.0,1689.0,759.0,765.0
320,201911하순,214.0,상추,2.0,청,상품,g,100.0,965.0,0.0,1530.0,744.0,768.666666666666
321,201912상순,214.0,상추,2.0,청,상품,g,100.0,974.0,0.0,1219.0,721.0,713.0
322,201912중순,214.0,상추,2.0,청,상품,g,100.0,947.0,0.0,1047.0,711.0,751.333333333333
323,201912하순,214.0,상추,2.0,청,상품,g,100.0,970.0,0.0,965.0,730.0,909.333333333333
324,202001상순,214.0,상추,2.0,청,상품,g,100.0,1127.0,0.0,974.0,760.0,983.0
325,202001중순,214.0,상추,2.0,청,상품,g,100.0,1316.0,0.0,947.0,772.0,935.666666666666
326,202001하순,214.0,상추,2.0,청,상품,g,100.0,1377.0,0.0,970.0,761.0,888.0
327,202002상순,214.0,상추,2.0,청,상품,g,100.0,1143.0,0.0,1127.0,767.0,911.333333333333
328,202002중순,214.0,상추,2.0,청,상품,g,100.0,932.0,0.0,1316.0,736.0,876.666666666666
329,202002하순,214.0,상추,2.0,청,상품,g,100.0,851.0,0.0,1377.0,709.0,764.0
330,202003상순,214.0,상추,2.0,청,상품,g,100.0,811.0,0.0,1143.0,710.0,679.666666666666
331,202003중순,214.0,상추,2.0,청,상품,g,100.0,796.0,0.0,932.0,716.0,653.0
332,202003하순,214.0,상추,2.0,청,상품,g,100.0,786.0,0.0,851.0,715.0,638.0
333,202004상순,214.0,상추,2.0,청,상품,g,100.0,713.0,0.0,811.0,723.0,644.333333333333
334,202004중순,214.0,상추,2.0,청,상품,g,100.0,695.0,0.0,796.0,739.0,639.0
335,202004하순,214.0,상추,2.0,청,상품,g,100.0,693.0,0.0,786.0,715.0,648.666666666666
336,202005상순,214.0,상추,2.0,청,상품,g,100.0,689.0,0.0,713.0,767.0,663.666666666666
337,202005중순,214.0,상추,2.0,청,상품,g,100.0,691.0,0.0,695.0,861.0,665.666666666666
338,202005하순,214.0,상추,2.0,청,상품,g,100.0,726.0,0.0,693.0,803.0,644.333333333333
339,202006상순,214.0,상추,2.0,청,상품,g,100.0,754.0,0.0,689.0,766.0,650.333333333333
340,202006중순,214.0,상추,2.0,청,상품,g,100.0,799.0,0.0,691.0,708.0,646.666666666666
341,202006하순,214.0,상추,2.0,청,상품,g,100.0,1078.0,0.0,726.0,726.0,643.333333333333
342,202007상순,214.0,상추,2.0,청,상품,g,100.0,1209.0,0.0,754.0,800.0,716.666666666666
343,202007중순,214.0,상추,2.0,청,상품,g,100.0,1348.0,0.0,799.0,929.0,1051.66666666666
344,202007하순,214.0,상추,2.0,청,상품,g,100.0,1360.0,0.0,1078.0,950.0,1036.33333333333
345,202008상순,214.0,상추,2.0,청,상품,g,100.0,1632.0,0.0,1209.0,1549.0,1229.0
346,202008중순,214.0,상추,2.0,청,상품,g,100.0,2203.0,0.0,1348.0,1675.0,1342.0
347,202008하순,214.0,상추,2.0,청,상품,g,100.0,2164.0,0.0,1360.0,1339.0,1319.66666666666
348,202009상순,214.0,상추,2.0,청,상품,g,100.0,1533.0,0.0,1632.0,1225.0,1359.66666666666
349,202009중순,214.0,상추,2.0,청,상품,g,100.0,1584.0,0.0,2203.0,1339.0,1318.33333333333
350,202009하순,214.0,상추,2.0,청,상품,g,100.0,1530.0,0.0,2164.0,1518.0,1197.33333333333
351,202010상순,214.0,상추,2.0,청,상품,g,100.0,1264.0,0.0,1533.0,1469.0,1106.66666666666
352,202010중순,214.0,상추,2.0,청,상품,g,100.0,965.0,0.0,1584.0,1689.0,1091.33333333333
353,202010하순,214.0,상추,2.0,청,상품,g,100.0,834.0,0.0,1530.0,1530.0,978.0
354,202011상순,214.0,상추,2.0,청,상품,g,100.0,760.0,0.0,1264.0,1219.0,850.0
355,202011중순,214.0,상추,2.0,청,상품,g,100.0,723.0,0.0,965.0,1047.0,864.0
356,202011하순,214.0,상추,2.0,청,상품,g,100.0,690.0,0.0,834.0,965.0,807.333333333333
357,202012상순,214.0,상추,2.0,청,상품,g,100.0,705.0,0.0,760.0,974.0,806.666666666666
358,202012중순,214.0,상추,2.0,청,상품,g,100.0,835.0,0.0,723.0,947.0,780.0
359,202012하순,214.0,상추,2.0,청,상품,g,100.0,920.0,0.0,690.0,970.0,832.0
360,202101상순,214.0,상추,2.0,청,상품,g,100.0,1094.0,0.0,705.0,1127.0,942.333333333333
361,202101중순,214.0,상추,2.0,청,상품,g,100.0,1221.0,0.0,835.0,1316.0,935.666666666666
362,202101하순,214.0,상추,2.0,청,상품,g,100.0,1214.0,0.0,920.0,1377.0,888.0
363,202102상순,214.0,상추,2.0,청,상품,g,100.0,1191.0,0.0,1094.0,1143.0,911.333333333333
364,202102중순,214.0,상추,2.0,청,상품,g,100.0,1139.0,0.0,1221.0,932.0,864.333333333333
365,202102하순,214.0,상추,2.0,청,상품,g,100.0,1048.0,0.0,1214.0,851.0,767.333333333333
366,202103상순,214.0,상추,2.0,청,상품,g,100.0,885.0,0.0,1191.0,811.0,679.666666666666
367,202103중순,214.0,상추,2.0,청,상품,g,100.0,887.0,0.0,1139.0,796.0,685.333333333333
368,202103하순,214.0,상추,2.0,청,상품,g,100.0,896.0,0.0,1048.0,786.0,682.0
369,202104상순,214.0,상추,2.0,청,상품,g,100.0,869.0,0.0,885.0,713.0,691.666666666666
370,202104중순,214.0,상추,2.0,청,상품,g,100.0,880.0,0.0,887.0,695.0,668.333333333333
371,202104하순,214.0,상추,2.0,청,상품,g,100.0,888.0,0.0,896.0,693.0,664.0
372,202105상순,214.0,상추,2.0,청,상품,g,100.0,861.0,0.0,869.0,689.0,671.333333333333
373,202105중순,214.0,상추,2.0,청,상품,g,100.0,865.0,0.0,880.0,691.0,682.0
374,202105하순,214.0,상추,2.0,청,상품,g,100.0,892.0,0.0,888.0,726.0,687.666666666666
375,202106상순,214.0,상추,2.0,청,상품,g,100.0,1010.0,0.0,861.0,754.0,701.0
376,202106중순,214.0,상추,2.0,청,상품,g,100.0,1026.0,0.0,865.0,799.0,677.0
377,202106하순,214.0,상추,2.0,청,상품,g,100.0,1056.0,0.0,892.0,1078.0,682.333333333333
378,202107상순,214.0,상추,2.0,청,상품,g,100.0,1092.0,0.0,1010.0,1209.0,763.333333333333
379,202107중순,214.0,상추,2.0,청,상품,g,100.0,1214.0,0.0,1026.0,1348.0,1191.33333333333
380,202107하순,214.0,상추,2.0,청,상품,g,100.0,1573.0,0.0,1056.0,1360.0,1173.0
381,202108상순,214.0,상추,2.0,청,상품,g,100.0,1607.0,0.0,1092.0,1632.0,1398.33333333333
382,202108중순,214.0,상추,2.0,청,상품,g,100.0,1714.0,0.0,1214.0,2203.0,1522.0
383,202108하순,214.0,상추,2.0,청,상품,g,100.0,1849.0,0.0,1573.0,2164.0,1511.0
384,202109상순,214.0,상추,2.0,청,상품,g,100.0,2204.0,0.0,1607.0,1533.0,1462.33333333333
385,202109중순,214.0,상추,2.0,청,상품,g,100.0,2403.0,0.0,1714.0,1584.0,1417.0
386,202109하순,214.0,상추,2.0,청,상품,g,100.0,2043.0,0.0,1849.0,1530.0,1393.33333333333
387,202110상순,214.0,상추,2.0,청,상품,g,100.0,1228.0,0.0,2204.0,1264.0,1262.0
388,202110중순,214.0,상추,2.0,청,상품,g,100.0,1365.0,0.0,2403.0,965.0,1167.66666666666
389,202110하순,214.0,상추,2.0,청,상품,g,100.0,2072.0,0.0,2043.0,834.0,1016.66666666666
390,202111상순,214.0,상추,2.0,청,상품,g,100.0,1734.0,0.0,1228.0,760.0,868.666666666666
391,202111중순,214.0,상추,2.0,청,상품,g,100.0,1208.0,0.0,1365.0,723.0,843.0
392,202111하순,214.0,상추,2.0,청,상품,g,100.0,1062.0,0.0,2072.0,690.0,762.666666666666
393,202112상순,214.0,상추,2.0,청,상품,g,100.0,946.0,0.0,1734.0,705.0,717.0
394,202112중순,214.0,상추,2.0,청,상품,g,100.0,931.0,0.0,1208.0,835.0,742.666666666666
395,202112하순,214.0,상추,2.0,청,상품,g,100.0,988.0,0.0,1062.0,920.0,815.333333333333
396,202201상순,214.0,상추,2.0,청,상품,g,100.0,1206.0,0.0,946.0,1094.0,931.333333333333
397,202201중순,214.0,상추,2.0,청,상품,g,100.0,1273.0,0.0,931.0,1221.0,991.333333333333
398,202201하순,214.0,상추,2.0,청,상품,g,100.0,1268.0,0.0,988.0,1214.0,986.0
399,202202상순,214.0,상추,2.0,청,상품,g,100.0,1270.0,0.0,1206.0,1191.0,973.0
400,202202중순,214.0,상추,2.0,청,상품,g,100.0,1113.0,0.0,1273.0,1139.0,896.666666666666
401,202202하순,214.0,상추,2.0,청,상품,g,100.0,915.0,0.0,1268.0,1048.0,826.0
402,202203상순,214.0,상추,2.0,청,상품,g,100.0,891.0,0.0,1270.0,885.0,730.333333333333
403,202203중순,214.0,상추,2.0,청,상품,g,100.0,907.0,0.0,1113.0,887.0,713.0
404,202203하순,214.0,상추,2.0,청,상품,g,100.0,901.0,0.0,915.0,896.0,708.0
405,202204상순,214.0,상추,2.0,청,상품,g,100.0,1060.0,0.0,891.0,869.0,708.333333333333
406,202204중순,214.0,상추,2.0,청,상품,g,100.0,1075.0,0.0,907.0,880.0,703.333333333333
407,202204하순,214.0,상추,2.0,청,상품,g,100.0,1001.0,0.0,901.0,888.0,706.333333333333
408,202205상순,214.0,상추,2.0,청,상품,g,100.0,975.0,0.0,1060.0,861.0,721.0
409,202205중순,214.0,상추,2.0,청,상품,g,100.0,1002.0,0.0,1075.0,865.0,741.333333333333
410,202205하순,214.0,상추,2.0,청,상품,g,100.0,951.0,0.0,1001.0,892.0,742.333333333333
411,202206상순,214.0,상추,2.0,청,상품,g,100.0,969.0,0.0,975.0,1010.0,753.666666666666
412,202206중순,214.0,상추,2.0,청,상품,g,100.0,1027.0,0.0,1002.0,1026.0,735.333333333333
413,202206하순,214.0,상추,2.0,청,상품,g,100.0,1178.0,0.0,951.0,1056.0,815.333333333333
414,202207상순,214.0,상추,2.0,청,상품,g,100.0,1788.0,0.0,969.0,1092.0,864.0
415,202207중순,214.0,상추,2.0,청,상품,g,100.0,2256.0,0.0,1027.0,1214.0,1146.66666666666
416,202207하순,214.0,상추,2.0,청,상품,g,100.0,2050.0,0.0,1178.0,1573.0,1303.33333333333
417,202208상순,214.0,상추,2.0,청,상품,g,100.0,1860.0,0.0,1788.0,1607.0,1596.0
418,202208중순,214.0,상추,2.0,청,상품,g,100.0,2063.0,0.0,2256.0,1714.0,1685.66666666666
419,202208하순,214.0,상추,2.0,청,상품,g,100.0,2430.0,0.0,2050.0,1849.0,1681.0
420,202209상순,214.0,상추,2.0,청,상품,g,100.0,2369.0,0.0,1860.0,2204.0,1667.33333333333
421,202209중순,214.0,상추,2.0,청,상품,g,100.0,2102.0,0.0,2063.0,2403.0,1664.66666666666
422,202209하순,214.0,상추,2.0,청,상품,g,100.0,1461.0,0.0,2430.0,2043.0,1560.66666666666
423,202210상순,214.0,상추,2.0,청,상품,g,100.0,1213.0,0.0,2369.0,1228.0,1300.66666666666
424,202210중순,214.0,상추,2.0,청,상품,g,100.0,1122.0,0.0,2102.0,1365.0,1122.33333333333
425,202210하순,214.0,상추,2.0,청,상품,g,100.0,1134.0,0.0,1461.0,2072.0,1099.66666666666
426,202211상순,214.0,상추,2.0,청,상품,g,100.0,1034.0,0.0,1213.0,1734.0,936.666666666666
427,202211중순,214.0,상추,2.0,청,상품,g,100.0,940.0,0.0,1122.0,1208.0,843.0
428,202211하순,214.0,상추,2.0,청,상품,g,100.0,909.0,0.0,1134.0,1062.0,802.333333333333
429,202212상순,214.0,상추,2.0,청,상품,g,100.0,881.0,0.0,1034.0,946.0,790.666666666666
430,202212중순,214.0,상추,2.0,청,상품,g,100.0,1064.0,0.0,940.0,931.0,825.666666666666
431,202212하순,214.0,상추,2.0,청,상품,g,100.0,1358.0,0.0,909.0,988.0,895.333333333333
432,201701상순,411.0,사과,5.0,후지,상품,개,10.0,18468.0,0.0,0.0,0.0,0.0
433,201701중순,411.0,사과,5.0,후지,상품,개,10.0,19478.0,0.0,0.0,0.0,0.0
434,201701하순,411.0,사과,5.0,후지,상품,개,10.0,21068.0,0.0,0.0,0.0,0.0
435,201702상순,411.0,사과,5.0,후지,상품,개,10.0,20130.0,0.0,0.0,0.0,0.0
436,201702중순,411.0,사과,5.0,후지,상품,개,10.0,19271.0,0.0,0.0,0.0,0.0
437,201702하순,411.0,사과,5.0,후지,상품,개,10.0,18804.0,0.0,0.0,0.0,0.0
438,201703상순,411.0,사과,5.0,후지,상품,개,10.0,17834.0,0.0,0.0,0.0,0.0
439,201703중순,411.0,사과,5.0,후지,상품,개,10.0,17818.0,0.0,0.0,0.0,0.0
440,201703하순,411.0,사과,5.0,후지,상품,개,10.0,18273.0,0.0,0.0,0.0,0.0
441,201704상순,411.0,사과,5.0,후지,상품,개,10.0,18303.0,0.0,0.0,0.0,0.0
442,201704중순,411.0,사과,5.0,후지,상품,개,10.0,17858.0,0.0,0.0,0.0,0.0
443,201704하순,411.0,사과,5.0,후지,상품,개,10.0,18149.0,0.0,0.0,0.0,0.0
444,201705상순,411.0,사과,5.0,후지,상품,개,10.0,18386.0,0.0,0.0,0.0,0.0
445,201705중순,411.0,사과,5.0,후지,상품,개,10.0,18525.0,0.0,0.0,0.0,0.0
446,201705하순,411.0,사과,5.0,후지,상품,개,10.0,18316.0,0.0,0.0,0.0,0.0
447,201706상순,411.0,사과,5.0,후지,상품,개,10.0,19248.0,0.0,0.0,0.0,0.0
448,201706중순,411.0,사과,5.0,후지,상품,개,10.0,21029.0,0.0,0.0,0.0,0.0
449,201706하순,411.0,사과,5.0,후지,상품,개,10.0,22240.0,0.0,0.0,0.0,0.0
450,201707상순,411.0,사과,5.0,후지,상품,개,10.0,22388.0,0.0,0.0,0.0,0.0
451,201707중순,411.0,사과,5.0,후지,상품,개,10.0,22092.0,0.0,0.0,0.0,0.0
452,201707하순,411.0,사과,5.0,후지,상품,개,10.0,22140.0,0.0,0.0,0.0,0.0
453,201708상순,411.0,사과,5.0,후지,상품,개,10.0,22395.0,0.0,0.0,0.0,0.0
454,201708중순,411.0,사과,5.0,후지,상품,개,10.0,22688.0,0.0,0.0,0.0,0.0
455,201708하순,411.0,사과,5.0,후지,상품,개,10.0,22050.0,0.0,0.0,0.0,0.0
456,201709상순,411.0,사과,5.0,후지,상품,개,10.0,0.0,0.0,0.0,0.0,0.0
457,201709중순,411.0,사과,7.0,홍로,상품,개,10.0,19945.0,0.0,0.0,0.0,0.0
458,201709하순,411.0,사과,7.0,홍로,상품,개,10.0,20257.0,0.0,0.0,0.0,0.0
459,201710상순,411.0,사과,7.0,홍로,상품,개,10.0,21932.0,0.0,0.0,0.0,0.0
460,201710중순,411.0,사과,7.0,홍로,상품,개,10.0,21677.0,0.0,0.0,0.0,0.0
461,201710하순,411.0,사과,5.0,후지,상품,개,10.0,0.0,0.0,0.0,0.0,0.0
462,201711상순,411.0,사과,5.0,후지,상품,개,10.0,19512.0,0.0,0.0,0.0,0.0
463,201711중순,411.0,사과,5.0,후지,상품,개,10.0,20587.0,0.0,0.0,0.0,0.0
464,201711하순,411.0,사과,5.0,후지,상품,개,10.0,20559.0,0.0,0.0,0.0,0.0
465,201712상순,411.0,사과,5.0,후지,상품,개,10.0,20573.0,0.0,0.0,0.0,0.0
466,201712중순,411.0,사과,5.0,후지,상품,개,10.0,20113.0,0.0,0.0,0.0,0.0
467,201712하순,411.0,사과,5.0,후지,상품,개,10.0,20577.0,0.0,0.0,0.0,0.0
468,201801상순,411.0,사과,5.0,후지,상품,개,10.0,20361.0,0.0,20573.0,18468.0,21461.6666666666
469,201801중순,411.0,사과,5.0,후지,상품,개,10.0,20359.0,0.0,20113.0,19478.0,22179.6666666666
470,201801하순,411.0,사과,5.0,후지,상품,개,10.0,20653.0,0.0,20577.0,21068.0,22917.6666666666
471,201802상순,411.0,사과,5.0,후지,상품,개,10.0,20563.0,0.0,20361.0,20130.0,23424.6666666666
472,201802중순,411.0,사과,5.0,후지,상품,개,10.0,21779.0,0.0,20359.0,19271.0,23201.6666666666
473,201802하순,411.0,사과,5.0,후지,상품,개,10.0,21465.0,0.0,20653.0,18804.0,22792.3333333333
474,201803상순,411.0,사과,5.0,후지,상품,개,10.0,21384.0,0.0,20563.0,17834.0,22616.3333333333
475,201803중순,411.0,사과,5.0,후지,상품,개,10.0,20695.0,0.0,21779.0,17818.0,22322.0
476,201803하순,411.0,사과,5.0,후지,상품,개,10.0,20794.0,0.0,21465.0,18273.0,21930.3333333333
477,201804상순,411.0,사과,5.0,후지,상품,개,10.0,19019.0,0.0,21384.0,18303.0,21921.6666666666
478,201804중순,411.0,사과,5.0,후지,상품,개,10.0,19208.0,0.0,20695.0,17858.0,22252.6666666666
479,201804하순,411.0,사과,5.0,후지,상품,개,10.0,19154.0,0.0,20794.0,18149.0,22566.0
480,201805상순,411.0,사과,5.0,후지,상품,개,10.0,19074.0,0.0,19019.0,18386.0,22600.6666666666
481,201805중순,411.0,사과,5.0,후지,상품,개,10.0,18943.0,0.0,19208.0,18525.0,22759.3333333333
482,201805하순,411.0,사과,5.0,후지,상품,개,10.0,18681.0,0.0,19154.0,18316.0,23036.0
483,201806상순,411.0,사과,5.0,후지,상품,개,10.0,19018.0,0.0,19074.0,19248.0,23094.0
484,201806중순,411.0,사과,5.0,후지,상품,개,10.0,19762.0,0.0,18943.0,21029.0,23656.0
485,201806하순,411.0,사과,5.0,후지,상품,개,10.0,19393.0,0.0,18681.0,22240.0,24442.6666666666
486,201807상순,411.0,사과,5.0,후지,상품,개,10.0,19508.0,0.0,19018.0,22388.0,24864.6666666666
487,201807중순,411.0,사과,5.0,후지,상품,개,10.0,19496.0,0.0,19762.0,22092.0,25152.6666666666
488,201807하순,411.0,사과,5.0,후지,상품,개,10.0,19680.0,0.0,19393.0,22140.0,25347.0
489,201808상순,411.0,사과,5.0,후지,상품,개,10.0,20287.0,0.0,19508.0,22395.0,25500.3333333333
490,201808중순,411.0,사과,5.0,후지,상품,개,10.0,20956.0,0.0,19496.0,22688.0,25584.0
491,201808하순,411.0,사과,5.0,후지,상품,개,10.0,21807.0,0.0,19680.0,22050.0,25163.6666666666
492,201809상순,411.0,사과,5.0,후지,상품,개,10.0,21299.0,0.0,20287.0,0.0,0.0
493,201809중순,411.0,사과,7.0,홍로,상품,개,10.0,26228.0,0.0,0.0,19945.0,22201.3333333333
494,201809하순,411.0,사과,7.0,홍로,상품,개,10.0,26219.0,0.0,0.0,20257.0,21663.3333333333
495,201810상순,411.0,사과,7.0,홍로,상품,개,10.0,25411.0,0.0,26349.0,21932.0,20847.6666666666
496,201810중순,411.0,사과,7.0,홍로,상품,개,10.0,22474.0,0.0,26228.0,21677.0,19957.0
497,201810하순,411.0,사과,5.0,후지,상품,개,10.0,22336.0,0.0,0.0,0.0,0.0
498,201811상순,411.0,사과,5.0,후지,상품,개,10.0,21791.0,0.0,0.0,19512.0,19883.0
499,201811중순,411.0,사과,5.0,후지,상품,개,10.0,22815.0,0.0,0.0,20587.0,19865.3333333333
500,201811하순,411.0,사과,5.0,후지,상품,개,10.0,23070.0,0.0,22336.0,20559.0,20430.0
501,201812상순,411.0,사과,5.0,후지,상품,개,10.0,22840.0,0.0,21791.0,20573.0,20102.6666666666
502,201812중순,411.0,사과,5.0,후지,상품,개,10.0,22237.0,0.0,22815.0,20113.0,20100.3333333333
503,201812하순,411.0,사과,5.0,후지,상품,개,10.0,21908.0,0.0,23070.0,20577.0,20250.6666666666
504,201901상순,411.0,사과,5.0,후지,상품,개,10.0,22487.0,0.0,22840.0,20361.0,20696.6666666666
505,201901중순,411.0,사과,5.0,후지,상품,개,10.0,23655.0,0.0,22237.0,20359.0,20851.0
506,201901하순,411.0,사과,5.0,후지,상품,개,10.0,25155.0,0.0,21908.0,20653.0,21606.6666666666
507,201902상순,411.0,사과,5.0,후지,상품,개,10.0,26059.0,0.0,22487.0,20563.0,22033.3333333333
508,201902중순,411.0,사과,5.0,후지,상품,개,10.0,24721.0,0.0,23655.0,21779.0,22334.6666666666
509,201902하순,411.0,사과,5.0,후지,상품,개,10.0,24274.0,0.0,25155.0,21465.0,21610.0
510,201903상순,411.0,사과,5.0,후지,상품,개,10.0,24027.0,0.0,26059.0,21384.0,21707.3333333333
511,201903중순,411.0,사과,5.0,후지,상품,개,10.0,24501.0,0.0,24721.0,20695.0,21438.3333333333
512,201903하순,411.0,사과,5.0,후지,상품,개,10.0,24797.0,0.0,24274.0,20794.0,21247.0
513,201904상순,411.0,사과,5.0,후지,상품,개,10.0,24550.0,0.0,24027.0,19019.0,20653.3333333333
514,201904중순,411.0,사과,5.0,후지,상품,개,10.0,24522.0,0.0,24501.0,19208.0,20791.3333333333
515,201904하순,411.0,사과,5.0,후지,상품,개,10.0,25049.0,0.0,24797.0,19154.0,20969.0
516,201905상순,411.0,사과,5.0,후지,상품,개,10.0,24884.0,0.0,24550.0,19074.0,20859.3333333333
517,201905중순,411.0,사과,5.0,후지,상품,개,10.0,24801.0,0.0,24522.0,18943.0,20961.3333333333
518,201905하순,411.0,사과,5.0,후지,상품,개,10.0,24563.0,0.0,25049.0,18681.0,21147.6666666666
519,201906상순,411.0,사과,5.0,후지,상품,개,10.0,25007.0,0.0,24884.0,19018.0,21271.0
520,201906중순,411.0,사과,5.0,후지,상품,개,10.0,25248.0,0.0,24801.0,19762.0,21896.0
521,201906하순,411.0,사과,5.0,후지,상품,개,10.0,25287.0,0.0,24563.0,19393.0,22429.0
522,201907상순,411.0,사과,5.0,후지,상품,개,10.0,25319.0,0.0,25007.0,19508.0,22869.6666666666
523,201907중순,411.0,사과,5.0,후지,상품,개,10.0,25760.0,0.0,25248.0,19496.0,23066.0
524,201907하순,411.0,사과,5.0,후지,상품,개,10.0,25340.0,0.0,25287.0,19680.0,23229.6666666666
525,201908상순,411.0,사과,5.0,후지,상품,개,10.0,25279.0,0.0,25319.0,20287.0,23778.3333333333
526,201908중순,411.0,사과,5.0,후지,상품,개,10.0,25974.0,0.0,25760.0,20956.0,24041.0
527,201908하순,411.0,사과,5.0,후지,상품,개,10.0,26672.0,0.0,25340.0,21807.0,23489.6666666666
528,201909상순,411.0,사과,5.0,후지,상품,개,10.0,25700.0,0.0,25279.0,21299.0,0.0
529,201909중순,411.0,사과,7.0,홍로,상품,개,10.0,22939.0,0.0,0.0,26228.0,22687.3333333333
530,201909하순,411.0,사과,7.0,홍로,상품,개,10.0,20127.0,0.0,22149.0,26219.0,21663.3333333333
531,201910상순,411.0,사과,7.0,홍로,상품,개,10.0,18516.0,0.0,24601.0,25411.0,21509.6666666666
532,201910중순,411.0,사과,7.0,홍로,상품,개,10.0,17644.0,0.0,22939.0,22474.0,20813.6666666666
533,201910하순,411.0,사과,5.0,후지,상품,개,10.0,18986.0,0.0,0.0,22336.0,0.0
534,201911상순,411.0,사과,5.0,후지,상품,개,10.0,19086.0,0.0,0.0,21791.0,20334.3333333333
535,201911중순,411.0,사과,5.0,후지,상품,개,10.0,18829.0,0.0,0.0,22815.0,20160.0
536,201911하순,411.0,사과,5.0,후지,상품,개,10.0,18390.0,0.0,18986.0,23070.0,20430.0
537,201912상순,411.0,사과,5.0,후지,상품,개,10.0,17583.0,0.0,19086.0,22840.0,20102.6666666666
538,201912중순,411.0,사과,5.0,후지,상품,개,10.0,17745.0,0.0,18829.0,22237.0,20100.3333333333
539,201912하순,411.0,사과,5.0,후지,상품,개,10.0,18227.0,0.0,18390.0,21908.0,20250.6666666666
540,202001상순,411.0,사과,5.0,후지,상품,개,10.0,18290.0,0.0,17583.0,22487.0,20696.6666666666
541,202001중순,411.0,사과,5.0,후지,상품,개,10.0,18508.0,0.0,17745.0,23655.0,20851.0
542,202001하순,411.0,사과,5.0,후지,상품,개,10.0,20625.0,0.0,18227.0,25155.0,21606.6666666666
543,202002상순,411.0,사과,5.0,후지,상품,개,10.0,20006.0,0.0,18290.0,26059.0,22033.3333333333
544,202002중순,411.0,사과,5.0,후지,상품,개,10.0,20348.0,0.0,18508.0,24721.0,22716.6666666666
545,202002하순,411.0,사과,5.0,후지,상품,개,10.0,20120.0,0.0,20625.0,24274.0,22289.3333333333
546,202003상순,411.0,사과,5.0,후지,상품,개,10.0,19667.0,0.0,20006.0,24027.0,22160.3333333333
547,202003중순,411.0,사과,5.0,후지,상품,개,10.0,19802.0,0.0,20348.0,24501.0,21629.0
548,202003하순,411.0,사과,5.0,후지,상품,개,10.0,19988.0,0.0,20120.0,24797.0,21319.3333333333
549,202004상순,411.0,사과,5.0,후지,상품,개,10.0,20251.0,0.0,19667.0,24550.0,20676.6666666666
550,202004중순,411.0,사과,5.0,후지,상품,개,10.0,20484.0,0.0,19802.0,24522.0,20936.3333333333
551,202004하순,411.0,사과,5.0,후지,상품,개,10.0,20518.0,0.0,19988.0,25049.0,21238.3333333333
552,202005상순,411.0,사과,5.0,후지,상품,개,10.0,20940.0,0.0,20251.0,24884.0,21508.3333333333
553,202005중순,411.0,사과,5.0,후지,상품,개,10.0,21526.0,0.0,20484.0,24801.0,21448.6666666666
554,202005하순,411.0,사과,5.0,후지,상품,개,10.0,21783.0,0.0,20518.0,24563.0,21296.6666666666
555,202006상순,411.0,사과,5.0,후지,상품,개,10.0,22451.0,0.0,20940.0,25007.0,21332.0
556,202006중순,411.0,사과,5.0,후지,상품,개,10.0,22908.0,0.0,21526.0,25248.0,21944.3333333333
557,202006하순,411.0,사과,5.0,후지,상품,개,10.0,23682.0,0.0,21783.0,25287.0,22429.0
558,202007상순,411.0,사과,5.0,후지,상품,개,10.0,24879.0,0.0,22451.0,25319.0,22825.6666666666
559,202007중순,411.0,사과,5.0,후지,상품,개,10.0,26075.0,0.0,22908.0,25760.0,22995.0
560,202007하순,411.0,사과,5.0,후지,상품,개,10.0,26973.0,0.0,23682.0,25340.0,22970.6666666666
561,202008상순,411.0,사과,5.0,후지,상품,개,10.0,27768.0,0.0,24879.0,25279.0,23419.3333333333
562,202008중순,411.0,사과,5.0,후지,상품,개,10.0,27649.0,0.0,26075.0,25974.0,23929.6666666666
563,202008하순,411.0,사과,5.0,후지,상품,개,10.0,26514.0,0.0,26973.0,26672.0,23489.6666666666
564,202009상순,411.0,사과,7.0,홍로,상품,개,10.0,30369.0,0.0,0.0,24601.0,23844.3333333333
565,202009중순,411.0,사과,7.0,홍로,상품,개,10.0,29944.0,0.0,0.0,22939.0,23123.0
566,202009하순,411.0,사과,7.0,홍로,상품,개,10.0,32610.0,0.0,31815.0,20127.0,21663.3333333333
567,202010상순,411.0,사과,7.0,홍로,상품,개,10.0,30579.0,0.0,30369.0,18516.0,21509.6666666666
568,202010중순,411.0,사과,7.0,홍로,상품,개,10.0,29534.0,0.0,29944.0,17644.0,20813.6666666666
569,202010하순,411.0,사과,5.0,후지,상품,개,10.0,29715.0,0.0,0.0,18986.0,0.0
570,202011상순,411.0,사과,5.0,후지,상품,개,10.0,29099.0,0.0,0.0,19086.0,20129.6666666666
571,202011중순,411.0,사과,5.0,후지,상품,개,10.0,27159.0,0.0,0.0,18829.0,20126.3333333333
572,202011하순,411.0,사과,5.0,후지,상품,개,10.0,26942.0,0.0,29715.0,18390.0,19863.6666666666
573,202012상순,411.0,사과,5.0,후지,상품,개,10.0,26543.0,0.0,29099.0,17583.0,19611.6666666666
574,202012중순,411.0,사과,5.0,후지,상품,개,10.0,27134.0,0.0,27159.0,17745.0,19575.3333333333
575,202012하순,411.0,사과,5.0,후지,상품,개,10.0,27935.0,0.0,26942.0,18227.0,19822.6666666666
576,202101상순,411.0,사과,5.0,후지,상품,개,10.0,28046.0,0.0,26543.0,18290.0,19678.0
577,202101중순,411.0,사과,5.0,후지,상품,개,10.0,29954.0,0.0,27134.0,18508.0,20233.6666666666
578,202101하순,411.0,사과,5.0,후지,상품,개,10.0,32624.0,0.0,27935.0,20625.0,21138.3333333333
579,202102상순,411.0,사과,5.0,후지,상품,개,10.0,35339.0,0.0,28046.0,20006.0,20934.3333333333
580,202102중순,411.0,사과,5.0,후지,상품,개,10.0,34097.0,0.0,29954.0,20348.0,21259.0
581,202102하순,411.0,사과,5.0,후지,상품,개,10.0,33901.0,0.0,32624.0,20120.0,20904.6666666666
582,202103상순,411.0,사과,5.0,후지,상품,개,10.0,33066.0,0.0,35339.0,19667.0,20707.0
583,202103중순,411.0,사과,5.0,후지,상품,개,10.0,32917.0,0.0,34097.0,19802.0,20447.6666666666
584,202103하순,411.0,사과,5.0,후지,상품,개,10.0,33668.0,0.0,33901.0,19988.0,20367.3333333333
585,202104상순,411.0,사과,5.0,후지,상품,개,10.0,34642.0,0.0,33066.0,20251.0,19819.0
586,202104중순,411.0,사과,5.0,후지,상품,개,10.0,34038.0,0.0,32917.0,20484.0,19900.3333333333
587,202104하순,411.0,사과,5.0,후지,상품,개,10.0,34235.0,0.0,33668.0,20518.0,20096.0
588,202105상순,411.0,사과,5.0,후지,상품,개,10.0,34263.0,0.0,34642.0,20940.0,20389.0
589,202105중순,411.0,사과,5.0,후지,상품,개,10.0,34386.0,0.0,34038.0,21526.0,20511.6666666666
590,202105하순,411.0,사과,5.0,후지,상품,개,10.0,32823.0,0.0,34235.0,21783.0,20442.3333333333
591,202106상순,411.0,사과,5.0,후지,상품,개,10.0,33013.0,0.0,34263.0,22451.0,20576.6666666666
592,202106중순,411.0,사과,5.0,후지,상품,개,10.0,34023.0,0.0,34386.0,22908.0,21233.0
593,202106하순,411.0,사과,5.0,후지,상품,개,10.0,33554.0,0.0,32823.0,23682.0,21974.6666666666
594,202107상순,411.0,사과,5.0,후지,상품,개,10.0,33200.0,0.0,33013.0,24879.0,22679.0
595,202107중순,411.0,사과,5.0,후지,상품,개,10.0,33300.0,0.0,34023.0,26075.0,22995.0
596,202107하순,411.0,사과,5.0,후지,상품,개,10.0,33472.0,0.0,33554.0,26973.0,22970.6666666666
597,202108상순,411.0,사과,5.0,후지,상품,개,10.0,32511.0,0.0,33200.0,27768.0,23419.3333333333
598,202108중순,411.0,사과,5.0,후지,상품,개,10.0,31031.0,0.0,33300.0,27649.0,23929.6666666666
599,202108하순,411.0,사과,5.0,후지,상품,개,10.0,30531.0,0.0,33472.0,26514.0,23650.6666666666
600,202109상순,411.0,사과,7.0,홍로,상품,개,10.0,24907.0,0.0,0.0,30369.0,24993.0
601,202109중순,411.0,사과,7.0,홍로,상품,개,10.0,26407.0,0.0,0.0,29944.0,24813.0
602,202109하순,411.0,사과,7.0,홍로,상품,개,10.0,27970.0,0.0,25199.0,32610.0,23096.3333333333
603,202110상순,411.0,사과,7.0,홍로,상품,개,10.0,25009.0,0.0,24907.0,30579.0,22781.3333333333
604,202110중순,411.0,사과,7.0,홍로,상품,개,10.0,23608.0,0.0,26407.0,29534.0,21546.3333333333
605,202110하순,411.0,사과,6.0,홍로,상품,개,10.0,24748.5,0.0,13203.5,29316.5,20837.99999999995
606,202111상순,411.0,사과,5.0,후지,상품,개,10.0,25889.0,0.0,0.0,29099.0,20129.6666666666
607,202111중순,411.0,사과,5.0,후지,상품,개,10.0,26004.0,0.0,0.0,27159.0,20743.6666666666
608,202111하순,411.0,사과,5.0,후지,상품,개,10.0,25494.0,0.0,0.0,26942.0,20673.0
609,202112상순,411.0,사과,5.0,후지,상품,개,10.0,26144.0,0.0,25889.0,26543.0,20539.6666666666
610,202112중순,411.0,사과,5.0,후지,상품,개,10.0,26177.0,0.0,26004.0,27134.0,20197.0
611,202112하순,411.0,사과,5.0,후지,상품,개,10.0,25952.0,0.0,25494.0,27935.0,20237.3333333333
612,202201상순,411.0,사과,5.0,후지,상품,개,10.0,26041.0,0.0,26144.0,28046.0,20438.6666666666
613,202201중순,411.0,사과,5.0,후지,상품,개,10.0,26579.0,0.0,26177.0,29954.0,21164.0
614,202201하순,411.0,사과,5.0,후지,상품,개,10.0,27189.0,0.0,25952.0,32624.0,22292.0
615,202202상순,411.0,사과,5.0,후지,상품,개,10.0,26907.0,0.0,26041.0,35339.0,22250.6666666666
616,202202중순,411.0,사과,5.0,후지,상품,개,10.0,26163.0,0.0,26579.0,34097.0,22282.6666666666
617,202202하순,411.0,사과,5.0,후지,상품,개,10.0,26867.0,0.0,27189.0,33901.0,21953.0
618,202203상순,411.0,사과,5.0,후지,상품,개,10.0,27734.0,0.0,26907.0,33066.0,21692.6666666666
619,202203중순,411.0,사과,5.0,후지,상품,개,10.0,27178.0,0.0,26163.0,32917.0,21666.0
620,202203하순,411.0,사과,5.0,후지,상품,개,10.0,27165.0,0.0,26867.0,33668.0,21859.6666666666
621,202204상순,411.0,사과,5.0,후지,상품,개,10.0,27207.0,0.0,27734.0,34642.0,21273.3333333333
622,202204중순,411.0,사과,5.0,후지,상품,개,10.0,27899.0,0.0,27178.0,34038.0,21404.6666666666
623,202204하순,411.0,사과,5.0,후지,상품,개,10.0,28561.0,0.0,27165.0,34235.0,21573.6666666666
624,202205상순,411.0,사과,5.0,후지,상품,개,10.0,28752.0,0.0,27207.0,34263.0,21632.6666666666
625,202205중순,411.0,사과,5.0,후지,상품,개,10.0,28292.0,0.0,27899.0,34386.0,21756.6666666666
626,202205하순,411.0,사과,5.0,후지,상품,개,10.0,28180.0,0.0,28561.0,32823.0,21675.6666666666
627,202206상순,411.0,사과,5.0,후지,상품,개,10.0,28270.0,0.0,28752.0,33013.0,22235.3333333333
628,202206중순,411.0,사과,5.0,후지,상품,개,10.0,28576.0,0.0,28292.0,34023.0,23061.6666666666
629,202206하순,411.0,사과,5.0,후지,상품,개,10.0,29374.0,0.0,28180.0,33554.0,23736.3333333333
630,202207상순,411.0,사과,5.0,후지,상품,개,10.0,29779.0,0.0,28270.0,33200.0,24195.3333333333
631,202207중순,411.0,사과,5.0,후지,상품,개,10.0,30045.0,0.0,28576.0,33300.0,24642.3333333333
632,202207하순,411.0,사과,5.0,후지,상품,개,10.0,29821.0,0.0,29374.0,33472.0,24817.6666666666
633,202208상순,411.0,사과,5.0,후지,상품,개,10.0,30236.0,0.0,29779.0,32511.0,25147.3333333333
634,202208중순,411.0,사과,5.0,후지,상품,개,10.0,30658.0,0.0,30045.0,31031.0,25437.0
635,202208하순,411.0,사과,5.0,후지,상품,개,10.0,31935.0,0.0,29821.0,30531.0,25078.6666666666
636,202209상순,411.0,사과,7.0,홍로,상품,개,10.0,28922.0,0.0,0.0,24907.0,25285.6666666666
637,202209중순,411.0,사과,7.0,홍로,상품,개,10.0,29708.0,0.0,0.0,26407.0,25191.3333333333
638,202209하순,411.0,사과,7.0,홍로,상품,개,10.0,23555.0,0.0,30754.0,27970.0,24815.3333333333
639,202210상순,411.0,사과,7.0,홍로,상품,개,10.0,23823.0,0.0,28922.0,25009.0,24117.3333333333
640,202210중순,411.0,사과,7.0,홍로,상품,개,10.0,26200.0,0.0,29708.0,23608.0,22586.3333333333
641,202210하순,411.0,사과,5.0,후지,상품,개,10.0,23618.0,0.0,0.0,0.0,0.0
642,202211상순,411.0,사과,5.0,후지,상품,개,10.0,22887.0,0.0,0.0,25889.0,22397.3333333333
643,202211중순,411.0,사과,5.0,후지,상품,개,10.0,22490.0,0.0,0.0,26004.0,23135.3333333333
644,202211하순,411.0,사과,5.0,후지,상품,개,10.0,22303.0,0.0,23618.0,25494.0,23041.0
645,202212상순,411.0,사과,5.0,후지,상품,개,10.0,22206.0,0.0,22887.0,26144.0,23185.6666666666
646,202212중순,411.0,사과,5.0,후지,상품,개,10.0,22037.0,0.0,22490.0,26177.0,22842.3333333333
647,202212하순,411.0,사과,5.0,후지,상품,개,10.0,21644.0,0.0,22303.0,25952.0,22812.3333333333
648,201701상순,412.0,배,1.0,신고,상품,개,10.0,30676.0,0.0,0.0,0.0,0.0
649,201701중순,412.0,배,1.0,신고,상품,개,10.0,30515.0,0.0,0.0,0.0,0.0
650,201701하순,412.0,배,1.0,신고,상품,개,10.0,30056.0,0.0,0.0,0.0,0.0
651,201702상순,412.0,배,1.0,신고,상품,개,10.0,30371.0,0.0,0.0,0.0,0.0
652,201702중순,412.0,배,1.0,신고,상품,개,10.0,29382.0,0.0,0.0,0.0,0.0
653,201702하순,412.0,배,1.0,신고,상품,개,10.0,30440.0,0.0,0.0,0.0,0.0
654,201703상순,412.0,배,1.0,신고,상품,개,10.0,31197.0,0.0,0.0,0.0,0.0
655,201703중순,412.0,배,1.0,신고,상품,개,10.0,31772.0,0.0,0.0,0.0,0.0
656,201703하순,412.0,배,1.0,신고,상품,개,10.0,32060.0,0.0,0.0,0.0,0.0
657,201704상순,412.0,배,1.0,신고,상품,개,10.0,31982.0,0.0,0.0,0.0,0.0
658,201704중순,412.0,배,1.0,신고,상품,개,10.0,32357.0,0.0,0.0,0.0,0.0
659,201704하순,412.0,배,1.0,신고,상품,개,10.0,31815.0,0.0,0.0,0.0,0.0
660,201705상순,412.0,배,1.0,신고,상품,개,10.0,32071.0,0.0,0.0,0.0,0.0
661,201705중순,412.0,배,1.0,신고,상품,개,10.0,32651.0,0.0,0.0,0.0,0.0
662,201705하순,412.0,배,1.0,신고,상품,개,10.0,33443.0,0.0,0.0,0.0,0.0
663,201706상순,412.0,배,1.0,신고,상품,개,10.0,35157.0,0.0,0.0,0.0,0.0
664,201706중순,412.0,배,1.0,신고,상품,개,10.0,36448.0,0.0,0.0,0.0,0.0
665,201706하순,412.0,배,1.0,신고,상품,개,10.0,38761.0,0.0,0.0,0.0,0.0
666,201707상순,412.0,배,1.0,신고,상품,개,10.0,38668.0,0.0,0.0,0.0,0.0
667,201707중순,412.0,배,1.0,신고,상품,개,10.0,38799.0,0.0,0.0,0.0,0.0
668,201707하순,412.0,배,1.0,신고,상품,개,10.0,38744.0,0.0,0.0,0.0,0.0
669,201708상순,412.0,배,1.0,신고,상품,개,10.0,38319.0,0.0,0.0,0.0,0.0
670,201708중순,412.0,배,1.0,신고,상품,개,10.0,37986.0,0.0,0.0,0.0,0.0
671,201708하순,412.0,배,1.0,신고,상품,개,10.0,36494.0,0.0,0.0,0.0,0.0
672,201709상순,412.0,배,1.0,신고,상품,개,10.0,35123.0,0.0,0.0,0.0,0.0
673,201709중순,412.0,배,1.0,신고,상품,개,10.0,28712.0,0.0,0.0,0.0,0.0
674,201709하순,412.0,배,1.0,신고,상품,개,10.0,30377.0,0.0,0.0,0.0,0.0
675,201710상순,412.0,배,1.0,신고,상품,개,10.0,31000.0,0.0,0.0,0.0,0.0
676,201710중순,412.0,배,1.0,신고,상품,개,10.0,30016.0,0.0,0.0,0.0,0.0
677,201710하순,412.0,배,1.0,신고,상품,개,10.0,28102.0,0.0,0.0,0.0,0.0
678,201711상순,412.0,배,1.0,신고,상품,개,10.0,26529.0,0.0,0.0,0.0,0.0
679,201711중순,412.0,배,1.0,신고,상품,개,10.0,26275.0,0.0,0.0,0.0,0.0
680,201711하순,412.0,배,1.0,신고,상품,개,10.0,26688.0,0.0,0.0,0.0,0.0
681,201712상순,412.0,배,1.0,신고,상품,개,10.0,27395.0,0.0,0.0,0.0,0.0
682,201712중순,412.0,배,1.0,신고,상품,개,10.0,27459.0,0.0,0.0,0.0,0.0
683,201712하순,412.0,배,1.0,신고,상품,개,10.0,27768.0,0.0,0.0,0.0,0.0
684,201801상순,412.0,배,1.0,신고,상품,개,10.0,28312.0,0.0,27395.0,30676.0,30268.0
685,201801중순,412.0,배,1.0,신고,상품,개,10.0,28290.0,0.0,27459.0,30515.0,30860.6666666666
686,201801하순,412.0,배,1.0,신고,상품,개,10.0,28324.0,0.0,27768.0,30056.0,31317.0
687,201802상순,412.0,배,1.0,신고,상품,개,10.0,28113.0,0.0,28312.0,30371.0,31357.6666666666
688,201802중순,412.0,배,1.0,신고,상품,개,10.0,28294.0,0.0,28290.0,29382.0,31211.6666666666
689,201802하순,412.0,배,1.0,신고,상품,개,10.0,28129.0,0.0,28324.0,30440.0,31967.3333333333
690,201803상순,412.0,배,1.0,신고,상품,개,10.0,27435.0,0.0,28113.0,31197.0,32321.3333333333
691,201803중순,412.0,배,1.0,신고,상품,개,10.0,27543.0,0.0,28294.0,31772.0,32322.3333333333
692,201803하순,412.0,배,1.0,신고,상품,개,10.0,27942.0,0.0,28129.0,32060.0,32394.3333333333
693,201804상순,412.0,배,1.0,신고,상품,개,10.0,28129.0,0.0,27435.0,31982.0,31896.3333333333
694,201804중순,412.0,배,1.0,신고,상품,개,10.0,28140.0,0.0,27543.0,32357.0,32196.6666666666
695,201804하순,412.0,배,1.0,신고,상품,개,10.0,27779.0,0.0,27942.0,31815.0,32624.6666666666
696,201805상순,412.0,배,1.0,신고,상품,개,10.0,28143.0,0.0,28129.0,32071.0,32975.3333333333
697,201805중순,412.0,배,1.0,신고,상품,개,10.0,28288.0,0.0,28140.0,32651.0,33336.6666666666
698,201805하순,412.0,배,1.0,신고,상품,개,10.0,28179.0,0.0,27779.0,33443.0,33922.0
699,201806상순,412.0,배,1.0,신고,상품,개,10.0,27790.0,0.0,28143.0,35157.0,34593.3333333333
700,201806중순,412.0,배,1.0,신고,상품,개,10.0,27844.0,0.0,28288.0,36448.0,35066.3333333333
701,201806하순,412.0,배,1.0,신고,상품,개,10.0,28322.0,0.0,28179.0,38761.0,35475.6666666666
702,201807상순,412.0,배,1.0,신고,상품,개,10.0,28555.0,0.0,27790.0,38668.0,35735.0
703,201807중순,412.0,배,1.0,신고,상품,개,10.0,28595.0,0.0,27844.0,38799.0,36165.6666666666
704,201807하순,412.0,배,1.0,신고,상품,개,10.0,28632.0,0.0,28322.0,38744.0,36159.6666666666
705,201808상순,412.0,배,1.0,신고,상품,개,10.0,28352.0,0.0,28555.0,38319.0,36170.3333333333
706,201808중순,412.0,배,1.0,신고,상품,개,10.0,28464.0,0.0,28595.0,37986.0,35257.6666666666
707,201808하순,412.0,배,1.0,신고,상품,개,10.0,28192.0,0.0,28632.0,36494.0,33252.6666666666
708,201809상순,412.0,배,1.0,신고,상품,개,10.0,26699.0,0.0,28352.0,35123.0,31970.6666666666
709,201809중순,412.0,배,1.0,신고,상품,개,10.0,35206.0,0.0,28464.0,28712.0,29951.3333333333
710,201809하순,412.0,배,1.0,신고,상품,개,10.0,36263.0,0.0,28192.0,30377.0,30185.6666666666
711,201810상순,412.0,배,1.0,신고,상품,개,10.0,35528.0,0.0,26699.0,31000.0,30057.3333333333
712,201810중순,412.0,배,1.0,신고,상품,개,10.0,33137.0,0.0,35206.0,30016.0,29397.0
713,201810하순,412.0,배,1.0,신고,상품,개,10.0,33051.0,0.0,36263.0,28102.0,28426.6666666666
714,201811상순,412.0,배,1.0,신고,상품,개,10.0,33505.0,0.0,35528.0,26529.0,27857.6666666666
715,201811중순,412.0,배,1.0,신고,상품,개,10.0,33602.0,0.0,33137.0,26275.0,27793.6666666666
716,201811하순,412.0,배,1.0,신고,상품,개,10.0,34202.0,0.0,33051.0,26688.0,28277.3333333333
717,201812상순,412.0,배,1.0,신고,상품,개,10.0,34577.0,0.0,33505.0,27395.0,28713.6666666666
718,201812중순,412.0,배,1.0,신고,상품,개,10.0,35128.0,0.0,33602.0,27459.0,29312.6666666666
719,201812하순,412.0,배,1.0,신고,상품,개,10.0,36299.0,0.0,34202.0,27768.0,29397.6666666666
720,201901상순,412.0,배,1.0,신고,상품,개,10.0,36310.0,0.0,34577.0,28312.0,29738.6666666666
721,201901중순,412.0,배,1.0,신고,상품,개,10.0,36997.0,0.0,35128.0,28290.0,29721.0
722,201901하순,412.0,배,1.0,신고,상품,개,10.0,39020.0,0.0,36299.0,28324.0,30387.3333333333
723,201902상순,412.0,배,1.0,신고,상품,개,10.0,40269.0,0.0,36310.0,28113.0,30763.3333333333
724,201902중순,412.0,배,1.0,신고,상품,개,10.0,38450.0,0.0,36997.0,28294.0,30434.6666666666
725,201902하순,412.0,배,1.0,신고,상품,개,10.0,38635.0,0.0,39020.0,28129.0,31059.3333333333
726,201903상순,412.0,배,1.0,신고,상품,개,10.0,38477.0,0.0,40269.0,27435.0,31550.3333333333
727,201903중순,412.0,배,1.0,신고,상품,개,10.0,38730.0,0.0,38450.0,27543.0,31180.6666666666
728,201903하순,412.0,배,1.0,신고,상품,개,10.0,38835.0,0.0,38635.0,27942.0,31139.0
729,201904상순,412.0,배,1.0,신고,상품,개,10.0,38855.0,0.0,38477.0,28129.0,30531.0
730,201904중순,412.0,배,1.0,신고,상품,개,10.0,38745.0,0.0,38730.0,28140.0,30333.3333333333
731,201904하순,412.0,배,1.0,신고,상품,개,10.0,38809.0,0.0,38835.0,27779.0,30569.0
732,201905상순,412.0,배,1.0,신고,상품,개,10.0,39511.0,0.0,38855.0,28143.0,30930.0
733,201905중순,412.0,배,1.0,신고,상품,개,10.0,39963.0,0.0,38745.0,28288.0,31311.6666666666
734,201905하순,412.0,배,1.0,신고,상품,개,10.0,39913.0,0.0,38809.0,28179.0,31906.0
735,201906상순,412.0,배,1.0,신고,상품,개,10.0,40033.0,0.0,39511.0,27790.0,32499.6666666666
736,201906중순,412.0,배,1.0,신고,상품,개,10.0,41507.0,0.0,39963.0,27844.0,32972.6666666666
737,201906하순,412.0,배,1.0,신고,상품,개,10.0,43013.0,0.0,39913.0,28322.0,33396.0
738,201907상순,412.0,배,1.0,신고,상품,개,10.0,43830.0,0.0,40033.0,28555.0,33741.0
739,201907중순,412.0,배,1.0,신고,상품,개,10.0,44998.0,0.0,41507.0,28595.0,34130.0
740,201907하순,412.0,배,1.0,신고,상품,개,10.0,45877.0,0.0,43013.0,28632.0,33537.3333333333
741,201908상순,412.0,배,1.0,신고,상품,개,10.0,45823.0,0.0,43830.0,28352.0,33353.6666666666
742,201908중순,412.0,배,1.0,신고,상품,개,10.0,45736.0,0.0,44998.0,28464.0,32948.3333333333
743,201908하순,412.0,배,1.0,신고,상품,개,10.0,43486.0,0.0,45877.0,28192.0,31131.3333333333
744,201909상순,412.0,배,1.0,신고,상품,개,10.0,36613.0,0.0,45823.0,26699.0,30056.3333333333
745,201909중순,412.0,배,1.0,신고,상품,개,10.0,34958.0,0.0,45736.0,35206.0,29951.3333333333
746,201909하순,412.0,배,1.0,신고,상품,개,10.0,34803.0,0.0,43486.0,36263.0,30185.6666666666
747,201910상순,412.0,배,1.0,신고,상품,개,10.0,33689.0,0.0,36613.0,35528.0,30057.3333333333
748,201910중순,412.0,배,1.0,신고,상품,개,10.0,32626.0,0.0,34958.0,33137.0,29397.0
749,201910하순,412.0,배,1.0,신고,상품,개,10.0,32074.0,0.0,34803.0,33051.0,28584.0
750,201911상순,412.0,배,1.0,신고,상품,개,10.0,31478.0,0.0,33689.0,33505.0,28183.0
751,201911중순,412.0,배,1.0,신고,상품,개,10.0,30789.0,0.0,32626.0,33602.0,28230.6666666666
752,201911하순,412.0,배,1.0,신고,상품,개,10.0,30527.0,0.0,32074.0,34202.0,28497.3333333333
753,201912상순,412.0,배,1.0,신고,상품,개,10.0,31030.0,0.0,31478.0,34577.0,28713.6666666666
754,201912중순,412.0,배,1.0,신고,상품,개,10.0,31423.0,0.0,30789.0,35128.0,29381.0
755,201912하순,412.0,배,1.0,신고,상품,개,10.0,31549.0,0.0,30527.0,36299.0,29471.6666666666
756,202001상순,412.0,배,1.0,신고,상품,개,10.0,32191.0,0.0,31030.0,36310.0,29738.6666666666
757,202001중순,412.0,배,1.0,신고,상품,개,10.0,32249.0,0.0,31423.0,36997.0,29721.0
758,202001하순,412.0,배,1.0,신고,상품,개,10.0,31685.0,0.0,31549.0,39020.0,30387.3333333333
759,202002상순,412.0,배,1.0,신고,상품,개,10.0,30074.0,0.0,32191.0,40269.0,30763.3333333333
760,202002중순,412.0,배,1.0,신고,상품,개,10.0,31786.0,0.0,32249.0,38450.0,30434.6666666666
761,202002하순,412.0,배,1.0,신고,상품,개,10.0,32914.0,0.0,31685.0,38635.0,31059.3333333333
762,202003상순,412.0,배,1.0,신고,상품,개,10.0,32903.0,0.0,30074.0,38477.0,31550.3333333333
763,202003중순,412.0,배,1.0,신고,상품,개,10.0,33513.0,0.0,31786.0,38730.0,31180.6666666666
764,202003하순,412.0,배,1.0,신고,상품,개,10.0,32331.0,0.0,32914.0,38835.0,31139.0
765,202004상순,412.0,배,1.0,신고,상품,개,10.0,32093.0,0.0,32903.0,38855.0,30531.0
766,202004중순,412.0,배,1.0,신고,상품,개,10.0,32593.0,0.0,33513.0,38745.0,30333.3333333333
767,202004하순,412.0,배,1.0,신고,상품,개,10.0,32784.0,0.0,32331.0,38809.0,30569.0
768,202005상순,412.0,배,1.0,신고,상품,개,10.0,33112.0,0.0,32093.0,39511.0,30930.0
769,202005중순,412.0,배,1.0,신고,상품,개,10.0,32948.0,0.0,32593.0,39963.0,31311.6666666666
770,202005하순,412.0,배,1.0,신고,상품,개,10.0,32668.0,0.0,32784.0,39913.0,31906.0
771,202006상순,412.0,배,1.0,신고,상품,개,10.0,32951.0,0.0,33112.0,40033.0,32499.6666666666
772,202006중순,412.0,배,1.0,신고,상품,개,10.0,33685.0,0.0,32948.0,41507.0,33018.3333333333
773,202006하순,412.0,배,1.0,신고,상품,개,10.0,33963.0,0.0,32668.0,43013.0,34036.6666666666
774,202007상순,412.0,배,1.0,신고,상품,개,10.0,34443.0,0.0,32951.0,43830.0,34128.3333333333
775,202007중순,412.0,배,1.0,신고,상품,개,10.0,34696.0,0.0,33685.0,44998.0,34130.0
776,202007하순,412.0,배,1.0,신고,상품,개,10.0,35224.0,0.0,33963.0,45877.0,33537.3333333333
777,202008상순,412.0,배,1.0,신고,상품,개,10.0,35338.0,0.0,34443.0,45823.0,33353.6666666666
778,202008중순,412.0,배,1.0,신고,상품,개,10.0,35367.0,0.0,34696.0,45736.0,32970.6666666666
779,202008하순,412.0,배,1.0,신고,상품,개,10.0,36155.0,0.0,35224.0,43486.0,31324.3333333333
780,202009상순,412.0,배,1.0,신고,상품,개,10.0,37269.0,0.0,35338.0,36613.0,30690.0
781,202009중순,412.0,배,1.0,신고,상품,개,10.0,29846.0,0.0,35367.0,34958.0,31519.6666666666
782,202009하순,412.0,배,1.0,신고,상품,개,10.0,36920.0,0.0,36155.0,34803.0,32161.6666666666
783,202010상순,412.0,배,1.0,신고,상품,개,10.0,37215.0,0.0,37269.0,33689.0,31892.6666666666
784,202010중순,412.0,배,1.0,신고,상품,개,10.0,36568.0,0.0,29846.0,32626.0,30900.0
785,202010하순,412.0,배,1.0,신고,상품,개,10.0,35732.0,0.0,36920.0,32074.0,30038.6666666666
786,202011상순,412.0,배,1.0,신고,상품,개,10.0,36707.0,0.0,37215.0,31478.0,29499.6666666666
787,202011중순,412.0,배,1.0,신고,상품,개,10.0,36354.0,0.0,36568.0,30789.0,29650.3333333333
788,202011하순,412.0,배,1.0,신고,상품,개,10.0,36455.0,0.0,35732.0,30527.0,29355.6666666666
789,202012상순,412.0,배,1.0,신고,상품,개,10.0,37346.0,0.0,36707.0,31030.0,29825.3333333333
790,202012중순,412.0,배,1.0,신고,상품,개,10.0,38155.0,0.0,36354.0,31423.0,30090.3333333333
791,202012하순,412.0,배,1.0,신고,상품,개,10.0,39443.0,0.0,36455.0,31549.0,30243.0
792,202101상순,412.0,배,1.0,신고,상품,개,10.0,40309.0,0.0,37346.0,32191.0,30762.0
793,202101중순,412.0,배,1.0,신고,상품,개,10.0,41773.0,0.0,38155.0,32249.0,30966.0
794,202101하순,412.0,배,1.0,신고,상품,개,10.0,46698.0,0.0,39443.0,31685.0,30758.3333333333
795,202102상순,412.0,배,1.0,신고,상품,개,10.0,48547.0,0.0,40309.0,30074.0,30350.0
796,202102중순,412.0,배,1.0,신고,상품,개,10.0,47498.0,0.0,41773.0,31786.0,30511.6666666666
797,202102하순,412.0,배,1.0,신고,상품,개,10.0,46220.0,0.0,46698.0,32914.0,31451.6666666666
798,202103상순,412.0,배,1.0,신고,상품,개,10.0,44800.0,0.0,48547.0,32903.0,31849.0
799,202103중순,412.0,배,1.0,신고,상품,개,10.0,46270.0,0.0,47498.0,33513.0,32255.3333333333
800,202103하순,412.0,배,1.0,신고,상품,개,10.0,48163.0,0.0,46220.0,32331.0,31793.3333333333
801,202104상순,412.0,배,1.0,신고,상품,개,10.0,47176.0,0.0,44800.0,32093.0,31449.0
802,202104중순,412.0,배,1.0,신고,상품,개,10.0,46831.0,0.0,46270.0,32593.0,31701.0
803,202104하순,412.0,배,1.0,신고,상품,개,10.0,46783.0,0.0,48163.0,32784.0,31964.6666666666
804,202105상순,412.0,배,1.0,신고,상품,개,10.0,46856.0,0.0,47176.0,33112.0,32271.0
805,202105중순,412.0,배,1.0,신고,상품,개,10.0,46516.0,0.0,46831.0,32948.0,32453.6666666666
806,202105하순,412.0,배,1.0,신고,상품,개,10.0,46978.0,0.0,46783.0,32668.0,32689.3333333333
807,202106상순,412.0,배,1.0,신고,상품,개,10.0,47711.0,0.0,46856.0,32951.0,33452.0
808,202106중순,412.0,배,1.0,신고,상품,개,10.0,48455.0,0.0,46516.0,33685.0,34194.0
809,202106하순,412.0,배,1.0,신고,상품,개,10.0,49511.0,0.0,46978.0,33963.0,35246.3333333333
810,202107상순,412.0,배,1.0,신고,상품,개,10.0,50696.0,0.0,47711.0,34443.0,35426.3333333333
811,202107중순,412.0,배,1.0,신고,상품,개,10.0,52031.0,0.0,48455.0,34696.0,35536.3333333333
812,202107하순,412.0,배,1.0,신고,상품,개,10.0,52473.0,0.0,49511.0,35224.0,35734.6666666666
813,202108상순,412.0,배,1.0,신고,상품,개,10.0,53463.0,0.0,50696.0,35338.0,35682.3333333333
814,202108중순,412.0,배,1.0,신고,상품,개,10.0,52707.0,0.0,52031.0,35367.0,35024.3333333333
815,202108하순,412.0,배,1.0,신고,상품,개,10.0,50514.0,0.0,52473.0,36155.0,33978.6666666666
816,202109상순,412.0,배,1.0,신고,상품,개,10.0,32101.0,0.0,53463.0,37269.0,33994.6666666666
817,202109중순,412.0,배,1.0,신고,상품,개,10.0,32774.0,0.0,52707.0,29846.0,31897.6666666666
818,202109하순,412.0,배,1.0,신고,상품,개,10.0,36734.0,0.0,50514.0,36920.0,34123.6666666666
819,202110상순,412.0,배,1.0,신고,상품,개,10.0,35325.0,0.0,32101.0,37215.0,33405.6666666666
820,202110중순,412.0,배,1.0,신고,상품,개,10.0,32757.0,0.0,32774.0,36568.0,31940.3333333333
821,202110하순,412.0,배,1.0,신고,상품,개,10.0,31487.0,0.0,36734.0,35732.0,31688.3333333333
822,202111상순,412.0,배,1.0,신고,상품,개,10.0,32666.0,0.0,35325.0,36707.0,31683.6666666666
823,202111중순,412.0,배,1.0,신고,상품,개,10.0,30859.0,0.0,32757.0,36354.0,31598.3333333333
824,202111하순,412.0,배,1.0,신고,상품,개,10.0,32239.0,0.0,31487.0,36455.0,31642.6666666666
825,202112상순,412.0,배,1.0,신고,상품,개,10.0,33333.0,0.0,32666.0,37346.0,31927.6666666666
826,202112중순,412.0,배,1.0,신고,상품,개,10.0,33593.0,0.0,30859.0,38155.0,32345.0
827,202112하순,412.0,배,1.0,신고,상품,개,10.0,35900.0,0.0,32239.0,39443.0,32753.6666666666
828,202201상순,412.0,배,1.0,신고,상품,개,10.0,36079.0,0.0,33333.0,40309.0,33059.0
829,202201중순,412.0,배,1.0,신고,상품,개,10.0,34107.0,0.0,33593.0,41773.0,33253.6666666666
830,202201하순,412.0,배,1.0,신고,상품,개,10.0,34989.0,0.0,35900.0,46698.0,33587.0
831,202202상순,412.0,배,1.0,신고,상품,개,10.0,36499.0,0.0,36079.0,48547.0,33571.3333333333
832,202202중순,412.0,배,1.0,신고,상품,개,10.0,39413.0,0.0,34107.0,47498.0,33206.0
833,202202하순,412.0,배,1.0,신고,상품,개,10.0,39564.0,0.0,34989.0,46220.0,33996.3333333333
834,202203상순,412.0,배,1.0,신고,상품,개,10.0,39977.0,0.0,36499.0,44800.0,34192.3333333333
835,202203중순,412.0,배,1.0,신고,상품,개,10.0,39431.0,0.0,39413.0,46270.0,34671.6666666666
836,202203하순,412.0,배,1.0,신고,상품,개,10.0,39240.0,0.0,39564.0,48163.0,34408.6666666666
837,202204상순,412.0,배,1.0,신고,상품,개,10.0,38669.0,0.0,39977.0,47176.0,34310.0
838,202204중순,412.0,배,1.0,신고,상품,개,10.0,38261.0,0.0,39431.0,46831.0,34565.0
839,202204하순,412.0,배,1.0,신고,상품,개,10.0,38458.0,0.0,39240.0,46783.0,34469.3333333333
840,202205상순,412.0,배,1.0,신고,상품,개,10.0,38222.0,0.0,38669.0,46856.0,34898.0
841,202205중순,412.0,배,1.0,신고,상품,개,10.0,38405.0,0.0,38261.0,46516.0,35187.3333333333
842,202205하순,412.0,배,1.0,신고,상품,개,10.0,37833.0,0.0,38458.0,46978.0,35341.3333333333
843,202206상순,412.0,배,1.0,신고,상품,개,10.0,38966.0,0.0,38222.0,47711.0,36047.0
844,202206중순,412.0,배,1.0,신고,상품,개,10.0,40044.0,0.0,38405.0,48455.0,37213.3333333333
845,202206하순,412.0,배,1.0,신고,상품,개,10.0,40541.0,0.0,37833.0,49511.0,38579.0
846,202207상순,412.0,배,1.0,신고,상품,개,10.0,40278.0,0.0,38966.0,50696.0,38980.3333333333
847,202207중순,412.0,배,1.0,신고,상품,개,10.0,39911.0,0.0,40044.0,52031.0,39497.6666666666
848,202207하순,412.0,배,1.0,신고,상품,개,10.0,40086.0,0.0,40541.0,52473.0,39948.3333333333
849,202208상순,412.0,배,1.0,신고,상품,개,10.0,41514.0,0.0,40278.0,53463.0,39826.6666666666
850,202208중순,412.0,배,1.0,신고,상품,개,10.0,41425.0,0.0,39911.0,52707.0,39696.3333333333
851,202208하순,412.0,배,1.0,신고,상품,개,10.0,36890.0,0.0,40086.0,50514.0,38711.6666666666
852,202209상순,412.0,배,1.0,신고,상품,개,10.0,35510.0,0.0,41514.0,32101.0,34612.3333333333
853,202209중순,412.0,배,1.0,신고,상품,개,10.0,40677.0,0.0,41425.0,32774.0,32526.0
854,202209하순,412.0,배,1.0,신고,상품,개,10.0,35288.0,0.0,36890.0,36734.0,35933.3333333333
855,202210상순,412.0,배,1.0,신고,상품,개,10.0,30762.0,0.0,35510.0,35325.0,34847.3333333333
856,202210중순,412.0,배,1.0,신고,상품,개,10.0,27414.0,0.0,40677.0,32757.0,32840.0
857,202210하순,412.0,배,1.0,신고,상품,개,10.0,26202.0,0.0,35288.0,31487.0,32204.0
858,202211상순,412.0,배,1.0,신고,상품,개,10.0,25248.0,0.0,30762.0,32666.0,32549.6666666666
859,202211중순,412.0,배,1.0,신고,상품,개,10.0,25345.0,0.0,27414.0,30859.0,31750.0
860,202211하순,412.0,배,1.0,신고,상품,개,10.0,25689.0,0.0,26202.0,32239.0,32322.6666666666
861,202212상순,412.0,배,1.0,신고,상품,개,10.0,25870.0,0.0,25248.0,33333.0,32980.0
862,202212중순,412.0,배,1.0,신고,상품,개,10.0,26504.0,0.0,25345.0,33593.0,33381.3333333333
863,202212하순,412.0,배,1.0,신고,상품,개,10.0,25973.0,0.0,25689.0,35900.0,34582.6666666666
